Connected. Dropping coas collection...
Scanning 9315 XML files in files/ ...
parseCOAXml called for file: 1. 24AM01.XML, content length: 19630
Starting parsing.. Size: 19657
Using xml2js for smaller file
parseCOAXml called for file: 1. 26AM01.XML, content length: 18614
Starting parsing.. Size: 18653
Using xml2js for smaller file
parseCOAXml called for file: 1. 5L13 copy.XML, content length: 18235
Starting parsing.. Size: 18272
Using xml2js for smaller file
parseCOAXml called for file: 1. 5L13.XML, content length: 7767
Starting parsing.. Size: 7792
Using xml2js for smaller file
parseCOAXml called for file: 1. D24D01.XML, content length: 8657
Starting parsing.. Size: 8682
Using xml2js for smaller file
parseCOAXml called for file: 1. D25L16 copy.XML, content length: 17168
Starting parsing.. Size: 17201
Using xml2js for smaller file
parseCOAXml called for file: 1. D25L16.XML, content length: 8566
Starting parsing.. Size: 8591
Using xml2js for smaller file
parseCOAXml called for file: 1. D25L33 copy.XML, content length: 15912
Starting parsing.. Size: 15939
Using xml2js for smaller file
parseCOAXml called for file: 1. D25L33.XML, content length: 8430
Starting parsing.. Size: 8455
Using xml2js for smaller file
parseCOAXml called for file: 1. N26D01.XML, content length: 8471
Starting parsing.. Size: 8496
Using xml2js for smaller file
parseCOAXml called for file: 10. 24AM10.XML, content length: 14288
Starting parsing.. Size: 14315
Using xml2js for smaller file
parseCOAXml called for file: 10. 5L15.XML, content length: 7323
Starting parsing.. Size: 7348
Using xml2js for smaller file
parseCOAXml called for file: 10. 6A01_HYPER-I EYE OINTMENT 5GM.XML, content length: 17011
Starting parsing.. Size: 17046
Using xml2js for smaller file
parseCOAXml called for file: 10. D24D05.XML, content length: 9753
Starting parsing.. Size: 9778
Using xml2js for smaller file
parseCOAXml called for file: 10. D25L19.XML, content length: 16172
Starting parsing.. Size: 16205
Using xml2js for smaller file
parseCOAXml called for file: 10. D25L36.XML, content length: 19598
Starting parsing.. Size: 19625
Using xml2js for smaller file
parseCOAXml called for file: 10. D26D03.XML, content length: 10636
Starting parsing.. Size: 10663
Using xml2js for smaller file
parseCOAXml called for file: 10. N25L21 copy.XML, content length: 17952
Starting parsing.. Size: 17979
Using xml2js for smaller file
parseCOAXml called for file: 10. N25L21.XML, content length: 8408
Starting parsing.. Size: 8433
Using xml2js for smaller file
parseCOAXml called for file: 10. PZ25007.XML, content length: 7756
Starting parsing.. Size: 7781
Using xml2js for smaller file
parseCOAXml called for file: 100. 4F03.XML, content length: 17589
Starting parsing.. Size: 17626
Using xml2js for smaller file
parseCOAXml called for file: 100. 5D05.XML, content length: 19322
Starting parsing.. Size: 19359
Using xml2js for smaller file
parseCOAXml called for file: 100. 5K17 copy.XML, content length: 16772
Starting parsing.. Size: 16799
Using xml2js for smaller file
parseCOAXml called for file: 100. 5K17.XML, content length: 9647
Starting parsing.. Size: 9672
Using xml2js for smaller file
parseCOAXml called for file: 100. D26A17_SIVARNAC EYE DROPS 5ML.XML, content length: 20943
Starting parsing.. Size: 20976
Using xml2js for smaller file
parseCOAXml called for file: 100. D26A30.XML, content length: 8429
Starting parsing.. Size: 8454
Using xml2js for smaller file
parseCOAXml called for file: 100. PS24069.XML, content length: 7865
Starting parsing.. Size: 7890
Using xml2js for smaller file
parseCOAXml called for file: 100. PS25044.XML, content length: 7747
Starting parsing.. Size: 7772
Using xml2js for smaller file
parseCOAXml called for file: 1000. D25A04.XML, content length: 8667
Starting parsing.. Size: 8692
Using xml2js for smaller file
parseCOAXml called for file: 1000. IS0014G.XML, content length: 20712
Starting parsing.. Size: 20747
Using xml2js for smaller file
parseCOAXml called for file: 1000. N24A19.XML, content length: 9506
Starting parsing.. Size: 9531
Using xml2js for smaller file
parseCOAXml called for file: 1000. N25I23.XML, content length: 17182
Starting parsing.. Size: 17215
Using xml2js for smaller file
parseCOAXml called for file: 1001. B5I03.XML, content length: 14484
Starting parsing.. Size: 14511
Using xml2js for smaller file
parseCOAXml called for file: 1001. D24A23.XML, content length: 8431
Starting parsing.. Size: 8456
Using xml2js for smaller file
parseCOAXml called for file: 1001. I358.XML, content length: 8429
Starting parsing.. Size: 8454
Using xml2js for smaller file
parseCOAXml called for file: 1001. IS0014H.XML, content length: 21895
Starting parsing.. Size: 21932
Using xml2js for smaller file
parseCOAXml called for file: 1002. D25I41.XML, content length: 15920
Starting parsing.. Size: 15947
Using xml2js for smaller file
parseCOAXml called for file: 1002. IS0014K.XML, content length: 24826
Starting parsing.. Size: 24861
Using xml2js for smaller file
parseCOAXml called for file: 1002. N25A04.XML, content length: 9590
Starting parsing.. Size: 9615
Using xml2js for smaller file
parseCOAXml called for file: 1002. UC24001.XML, content length: 6561
Starting parsing.. Size: 6586
Using xml2js for smaller file
parseCOAXml called for file: 1003. A038.XML, content length: 7255
Starting parsing.. Size: 7280
Using xml2js for smaller file
parseCOAXml called for file: 1003. D25I42.XML, content length: 19349
Starting parsing.. Size: 19376
Using xml2js for smaller file
parseCOAXml called for file: 1003. IS0024C AQUALUBE LIQUIGEL 10ML (NP).XML, content length: 21365
Starting parsing.. Size: 21394
Using xml2js for smaller file
parseCOAXml called for file: 1003. N25A05.XML, content length: 9543
Starting parsing.. Size: 9568
Using xml2js for smaller file
parseCOAXml called for file: 1004. 5A03.XML, content length: 8368
Starting parsing.. Size: 8393
Using xml2js for smaller file
parseCOAXml called for file: 1004. D24A25.XML, content length: 9535
Starting parsing.. Size: 9560
Using xml2js for smaller file
parseCOAXml called for file: 1004. I408.XML, content length: 16875
Starting parsing.. Size: 16908
Using xml2js for smaller file
parseCOAXml called for file: 1004. IS0024C AQUALUBE LIQUIGEL PS (NP).XML, content length: 21379
Starting parsing.. Size: 21408
Using xml2js for smaller file
parseCOAXml called for file: 1005. D25A06.XML, content length: 8734
Starting parsing.. Size: 8759
Using xml2js for smaller file
parseCOAXml called for file: 1005. IS0024F.XML, content length: 21363
Starting parsing.. Size: 21392
Using xml2js for smaller file
parseCOAXml called for file: 1005. N24A20.XML, content length: 12005
Starting parsing.. Size: 12030
Using xml2js for smaller file
parseCOAXml called for file: 1005. N25I24.XML, content length: 17182
Starting parsing.. Size: 17215
Using xml2js for smaller file
parseCOAXml called for file: 1006. 4A07.XML, content length: 5244
Starting parsing.. Size: 5269
Using xml2js for smaller file
parseCOAXml called for file: 1006. IS0024G.XML, content length: 20712
Starting parsing.. Size: 20747
Using xml2js for smaller file
parseCOAXml called for file: 1006. N25A06.XML, content length: 9542
Starting parsing.. Size: 9567
Using xml2js for smaller file
parseCOAXml called for file: 1006. N25I25.XML, content length: 17190
Starting parsing.. Size: 17223
Using xml2js for smaller file
parseCOAXml called for file: 1007. D24A26.XML, content length: 8513
Starting parsing.. Size: 8538
Using xml2js for smaller file
parseCOAXml called for file: 1007. D25I44.XML, content length: 18211
Starting parsing.. Size: 18238
Using xml2js for smaller file
parseCOAXml called for file: 1007. IS0024H.XML, content length: 22082
Starting parsing.. Size: 22111
Using xml2js for smaller file
parseCOAXml called for file: 1007. RI513.XML, content length: 8493
Starting parsing.. Size: 8518
Using xml2js for smaller file
parseCOAXml called for file: 1008. 5A04.XML, content length: 8368
Starting parsing.. Size: 8393
Using xml2js for smaller file
parseCOAXml called for file: 1008. D24A27.XML, content length: 8367
Starting parsing.. Size: 8392
Using xml2js for smaller file
parseCOAXml called for file: 1008. D25I44.XML, content length: 18206
Starting parsing.. Size: 18233
Using xml2js for smaller file
parseCOAXml called for file: 1008. IS0024K.XML, content length: 24827
Starting parsing.. Size: 24862
Using xml2js for smaller file
parseCOAXml called for file: 1009. I409.XML, content length: 16876
Starting parsing.. Size: 16909
Using xml2js for smaller file
parseCOAXml called for file: 1009. IS0034G.XML, content length: 22069
Starting parsing.. Size: 22098
Using xml2js for smaller file
parseCOAXml called for file: 1009. N24A21.XML, content length: 12006
Starting parsing.. Size: 12031
Using xml2js for smaller file
parseCOAXml called for file: 1009. N25A07.XML, content length: 8424
Starting parsing.. Size: 8449
Using xml2js for smaller file
parseCOAXml called for file: 101. 4F04.XML, content length: 19637
Starting parsing.. Size: 19674
Using xml2js for smaller file
parseCOAXml called for file: 101. D24D42.XML, content length: 8380
Starting parsing.. Size: 8405
Using xml2js for smaller file
parseCOAXml called for file: 101. D25D07.XML, content length: 17908
Starting parsing.. Size: 17935
Using xml2js for smaller file
parseCOAXml called for file: 101. D25L01 copy.XML, content length: 17034
Starting parsing.. Size: 17061
Using xml2js for smaller file
parseCOAXml called for file: 101. D25L01.XML, content length: 8495
Starting parsing.. Size: 8520
Using xml2js for smaller file
parseCOAXml called for file: 101. D26A17_VALNEP EYE DROPS 5ML.XML, content length: 20942
Starting parsing.. Size: 20975
Using xml2js for smaller file
parseCOAXml called for file: 101. D26A31.XML, content length: 8850
Starting parsing.. Size: 8875
Using xml2js for smaller file
parseCOAXml called for file: 101. PS25045.XML, content length: 7747
Starting parsing.. Size: 7772
Using xml2js for smaller file
parseCOAXml called for file: 1010. L1824001.XML, content length: 11459
Starting parsing.. Size: 11486
Using xml2js for smaller file
parseCOAXml called for file: 1010. N24A22.XML, content length: 12004
Starting parsing.. Size: 12029
Using xml2js for smaller file
parseCOAXml called for file: 1010. N25I26.XML, content length: 19576
Starting parsing.. Size: 19611
Using xml2js for smaller file
parseCOAXml called for file: 1010. PS25001.XML, content length: 7769
Starting parsing.. Size: 7794
Using xml2js for smaller file
parseCOAXml called for file: 1011. L1824002.XML, content length: 11475
Starting parsing.. Size: 11502
Using xml2js for smaller file
parseCOAXml called for file: 1011. N25I26.XML, content length: 19574
Starting parsing.. Size: 19609
Using xml2js for smaller file
parseCOAXml called for file: 1011. PS25002.XML, content length: 7766
Starting parsing.. Size: 7791
Using xml2js for smaller file
parseCOAXml called for file: 1011. UC24002.XML, content length: 6558
Starting parsing.. Size: 6583
Using xml2js for smaller file
parseCOAXml called for file: 1012. 4A08.XML, content length: 7407
Starting parsing.. Size: 7432
Using xml2js for smaller file
parseCOAXml called for file: 1012. L1824002 ps.XML, content length: 11475
Starting parsing.. Size: 11502
Using xml2js for smaller file
parseCOAXml called for file: 1012. N25I26.XML, content length: 19593
Starting parsing.. Size: 19628
Using xml2js for smaller file
parseCOAXml called for file: 1012. RI514.XML, content length: 8493
Starting parsing.. Size: 8518
Using xml2js for smaller file
parseCOAXml called for file: 1013. D24A28.XML, content length: 8367
Starting parsing.. Size: 8392
Using xml2js for smaller file
parseCOAXml called for file: 1013. D25A07.XML, content length: 9718
Starting parsing.. Size: 9743
Using xml2js for smaller file
parseCOAXml called for file: 1013. L1824003.XML, content length: 11463
Starting parsing.. Size: 11490
Using xml2js for smaller file
parseCOAXml called for file: 1013. PZ25004.XML, content length: 17780
Starting parsing.. Size: 17807
Using xml2js for smaller file
parseCOAXml called for file: 1014. I359.XML, content length: 8321
Starting parsing.. Size: 8346
Using xml2js for smaller file
parseCOAXml called for file: 1014. L1824004.XML, content length: 11464
Starting parsing.. Size: 11491
Using xml2js for smaller file
parseCOAXml called for file: 1014. N24A23.XML, content length: 8639
Starting parsing.. Size: 8664
Using xml2js for smaller file
parseCOAXml called for file: 1014. PZ25004.XML, content length: 17766
Starting parsing.. Size: 17793
Using xml2js for smaller file
parseCOAXml called for file: 1015. 4A09.XML, content length: 7409
Starting parsing.. Size: 7434
Using xml2js for smaller file
parseCOAXml called for file: 1015. D25I45.XML, content length: 14878
Starting parsing.. Size: 14905
Using xml2js for smaller file
parseCOAXml called for file: 1015. L1824005.XML, content length: 11482
Starting parsing.. Size: 11509
Using xml2js for smaller file
parseCOAXml called for file: 1015. N25A08.XML, content length: 8423
Starting parsing.. Size: 8448
Using xml2js for smaller file
parseCOAXml called for file: 1016. AI067.XML, content length: 5543
Starting parsing.. Size: 5568
Using xml2js for smaller file
parseCOAXml called for file: 1016. D25I45.XML, content length: 14855
Starting parsing.. Size: 14882
Using xml2js for smaller file
parseCOAXml called for file: 1016. L1824006.XML, content length: 11258
Starting parsing.. Size: 11285
Using xml2js for smaller file
parseCOAXml called for file: 1016. N25A09.XML, content length: 8423
Starting parsing.. Size: 8448
Using xml2js for smaller file
parseCOAXml called for file: 1017. D24A29.XML, content length: 8367
Starting parsing.. Size: 8392
Using xml2js for smaller file
parseCOAXml called for file: 1017. D25I46.XML, content length: 15909
Starting parsing.. Size: 15936
Using xml2js for smaller file
parseCOAXml called for file: 1017. L1824007.XML, content length: 11461
Starting parsing.. Size: 11488
Using xml2js for smaller file
parseCOAXml called for file: 1017. PS25003.XML, content length: 7769
Starting parsing.. Size: 7794
Using xml2js for smaller file
parseCOAXml called for file: 1018. D24A30.XML, content length: 8677
Starting parsing.. Size: 8702
Using xml2js for smaller file
parseCOAXml called for file: 1018. D25A08.XML, content length: 8645
Starting parsing.. Size: 8670
Using xml2js for smaller file
parseCOAXml called for file: 1018. I410.XML, content length: 15018
Starting parsing.. Size: 15045
Using xml2js for smaller file
parseCOAXml called for file: 1018. L1824008.XML, content length: 11461
Starting parsing.. Size: 11488
Using xml2js for smaller file
parseCOAXml called for file: 1019. 4A10.XML, content length: 8581
Starting parsing.. Size: 8606
Using xml2js for smaller file
parseCOAXml called for file: 1019. D25A09.XML, content length: 8664
Starting parsing.. Size: 8689
Using xml2js for smaller file
parseCOAXml called for file: 1019. L1824008.XML, content length: 11461
Starting parsing.. Size: 11488
Using xml2js for smaller file
parseCOAXml called for file: 1019. N25I27.XML, content length: 19476
Starting parsing.. Size: 19509
Using xml2js for smaller file
parseCOAXml called for file: 102. 4F05 maxgel.XML, content length: 17050
Starting parsing.. Size: 17077
Using xml2js for smaller file
parseCOAXml called for file: 102. D24D43.XML, content length: 9562
Starting parsing.. Size: 9587
Using xml2js for smaller file
parseCOAXml called for file: 102. D25D19.XML, content length: 10763
Starting parsing.. Size: 10790
Using xml2js for smaller file
parseCOAXml called for file: 102. D25L04 copy.XML, content length: 21771
Starting parsing.. Size: 21798
Using xml2js for smaller file
parseCOAXml called for file: 102. D25L04.XML, content length: 8550
Starting parsing.. Size: 8575
Using xml2js for smaller file
parseCOAXml called for file: 102. D26A17_NEPAGOLD EYE DROPS 5ML.XML, content length: 20944
Starting parsing.. Size: 20977
Using xml2js for smaller file
parseCOAXml called for file: 102. D26A32.XML, content length: 8723
Starting parsing.. Size: 8748
Using xml2js for smaller file
parseCOAXml called for file: 102. N25D09.XML, content length: 19484
Starting parsing.. Size: 19517
Using xml2js for smaller file
parseCOAXml called for file: 1020. D24A31.XML, content length: 8677
Starting parsing.. Size: 8702
Using xml2js for smaller file
parseCOAXml called for file: 1020. IS0015A.XML, content length: 12384
Starting parsing.. Size: 12411
Using xml2js for smaller file
parseCOAXml called for file: 1020. L1824009.XML, content length: 11472
Starting parsing.. Size: 11499
Using xml2js for smaller file
parseCOAXml called for file: 1020. N25I28.XML, content length: 17957
Starting parsing.. Size: 17984
Using xml2js for smaller file
parseCOAXml called for file: 1021. D24A32.XML, content length: 8433
Starting parsing.. Size: 8458
Using xml2js for smaller file
parseCOAXml called for file: 1021. L1824009.XML, content length: 11472
Starting parsing.. Size: 11499
Using xml2js for smaller file
parseCOAXml called for file: 1021. PS25004.XML, content length: 7769
Starting parsing.. Size: 7794
Using xml2js for smaller file
parseCOAXml called for file: 1021. PS25155.XML, content length: 17766
Starting parsing.. Size: 17793
Using xml2js for smaller file
parseCOAXml called for file: 1022. D25I47.XML, content length: 18218
Starting parsing.. Size: 18245
Using xml2js for smaller file
parseCOAXml called for file: 1022. GP152.XML, content length: 8718
Starting parsing.. Size: 8743
Using xml2js for smaller file
parseCOAXml called for file: 1022. L1824010.XML, content length: 11463
Starting parsing.. Size: 11490
Using xml2js for smaller file
parseCOAXml called for file: 1022. PS25005.XML, content length: 7769
Starting parsing.. Size: 7794
Using xml2js for smaller file
parseCOAXml called for file: 1023. D25A10.XML, content length: 8966
Starting parsing.. Size: 8991
Using xml2js for smaller file
parseCOAXml called for file: 1023. D25I47.XML, content length: 29514
Starting parsing.. Size: 29541
Using xml2js for smaller file
parseCOAXml called for file: 1023. L1824011.XML, content length: 11460
Starting parsing.. Size: 11487
Using xml2js for smaller file
parseCOAXml called for file: 1023. N24A24.XML, content length: 9448
Starting parsing.. Size: 9473
Using xml2js for smaller file
parseCOAXml called for file: 1024. 4A11.XML, content length: 8442
Starting parsing.. Size: 8467
Using xml2js for smaller file
parseCOAXml called for file: 1024. D25I48.XML, content length: 19172
Starting parsing.. Size: 19199
Using xml2js for smaller file
parseCOAXml called for file: 1024. I360.XML, content length: 7270
Starting parsing.. Size: 7295
Using xml2js for smaller file
parseCOAXml called for file: 1024. L1824012.XML, content length: 11458
Starting parsing.. Size: 11485
Using xml2js for smaller file
parseCOAXml called for file: 1025. D24A33.XML, content length: 8406
Starting parsing.. Size: 8431
Using xml2js for smaller file
parseCOAXml called for file: 1025. D25I48.XML, content length: 33510
Starting parsing.. Size: 33537
Using xml2js for smaller file
parseCOAXml called for file: 1025. IS0025A.XML, content length: 12384
Starting parsing.. Size: 12411
Using xml2js for smaller file
parseCOAXml called for file: 1025. N24A01.XML, content length: 17217
Starting parsing.. Size: 17244
Using xml2js for smaller file
parseCOAXml called for file: 1026. D24A34.XML, content length: 9907
Starting parsing.. Size: 9932
Using xml2js for smaller file
parseCOAXml called for file: 1026. I411.XML, content length: 19444
Starting parsing.. Size: 19477
Using xml2js for smaller file
parseCOAXml called for file: 1026. N24A02 (MOZAMBIQUE).XML, content length: 19469
Starting parsing.. Size: 19502
Using xml2js for smaller file
parseCOAXml called for file: 1026. PS25006.XML, content length: 7769
Starting parsing.. Size: 7794
Using xml2js for smaller file
parseCOAXml called for file: 1027. 4A12.XML, content length: 8439
Starting parsing.. Size: 8464
Using xml2js for smaller file
parseCOAXml called for file: 1027. D25A11.XML, content length: 8417
Starting parsing.. Size: 8442
Using xml2js for smaller file
parseCOAXml called for file: 1027. N24A02 (ANTIALA LL-COMBODIA).XML, content length: 19644
Starting parsing.. Size: 19677
Using xml2js for smaller file
parseCOAXml called for file: 1027. N25I29.XML, content length: 17981
Starting parsing.. Size: 18008
Using xml2js for smaller file
parseCOAXml called for file: 1028. D25A12.XML, content length: 8655
Starting parsing.. Size: 8680
Using xml2js for smaller file
parseCOAXml called for file: 1028. N24A03.XML, content length: 17134
Starting parsing.. Size: 17161
Using xml2js for smaller file
parseCOAXml called for file: 1028. N24A25.XML, content length: 8598
Starting parsing.. Size: 8623
Using xml2js for smaller file
parseCOAXml called for file: 1028. N25I30.XML, content length: 17960
Starting parsing.. Size: 17987
Using xml2js for smaller file
parseCOAXml called for file: 1029. 4A13.XML, content length: 8442
Starting parsing.. Size: 8467
Using xml2js for smaller file
parseCOAXml called for file: 1029. I361.XML, content length: 7347
Starting parsing.. Size: 7372
Using xml2js for smaller file
parseCOAXml called for file: 1029. N24A04.XML, content length: 18456
Starting parsing.. Size: 18483
Using xml2js for smaller file
parseCOAXml called for file: 1029. N25I30.XML, content length: 17982
Starting parsing.. Size: 18009
Using xml2js for smaller file
parseCOAXml called for file: 103. 4F05.XML, content length: 17105
Starting parsing.. Size: 17132
Using xml2js for smaller file
parseCOAXml called for file: 103. D25L08 copy.XML, content length: 19625
Starting parsing.. Size: 19652
Using xml2js for smaller file
parseCOAXml called for file: 103. D25L08.XML, content length: 9630
Starting parsing.. Size: 9655
Using xml2js for smaller file
parseCOAXml called for file: 103. D26A17_VUENAC EYE DROPS 5ML.XML, content length: 20971
Starting parsing.. Size: 21004
Using xml2js for smaller file
parseCOAXml called for file: 103. I376.XML, content length: 8321
Starting parsing.. Size: 8346
Using xml2js for smaller file
parseCOAXml called for file: 103. L1824004.XML, content length: 5441
Starting parsing.. Size: 5466
Using xml2js for smaller file
parseCOAXml called for file: 103. N25D09.XML, content length: 19428
Starting parsing.. Size: 19461
Using xml2js for smaller file
parseCOAXml called for file: 103. N26A19.XML, content length: 8422
Starting parsing.. Size: 8447
Using xml2js for smaller file
parseCOAXml called for file: 1030. D24A35.XML, content length: 9676
Starting parsing.. Size: 9701
Using xml2js for smaller file
parseCOAXml called for file: 1030. N24A05.XML, content length: 19540
Starting parsing.. Size: 19567
Using xml2js for smaller file
parseCOAXml called for file: 1030. N25A10.XML, content length: 8861
Starting parsing.. Size: 8886
Using xml2js for smaller file
parseCOAXml called for file: 1030. PS25156.XML, content length: 17766
Starting parsing.. Size: 17793
Using xml2js for smaller file
parseCOAXml called for file: 1031. GP153.XML, content length: 8712
Starting parsing.. Size: 8737
Using xml2js for smaller file
parseCOAXml called for file: 1031. N24A06.XML, content length: 19542
Starting parsing.. Size: 19569
Using xml2js for smaller file
parseCOAXml called for file: 1031. PS25007.XML, content length: 7769
Starting parsing.. Size: 7794
Using xml2js for smaller file
parseCOAXml called for file: 1031. PS25157.XML, content length: 17767
Starting parsing.. Size: 17794
Using xml2js for smaller file
parseCOAXml called for file: 1032. D25I49.XML, content length: 17900
Starting parsing.. Size: 17927
Using xml2js for smaller file
parseCOAXml called for file: 1032. N24A07 ULTRANEXT EYE DROPS 10ML(NP).XML, content length: 19639
Starting parsing.. Size: 19666
Using xml2js for smaller file
parseCOAXml called for file: 1032. N24A26.XML, content length: 8589
Starting parsing.. Size: 8614
Using xml2js for smaller file
parseCOAXml called for file: 1032. PS25008.XML, content length: 7769
Starting parsing.. Size: 7794
Using xml2js for smaller file
parseCOAXml called for file: 1033. D24A36.XML, content length: 8637
Starting parsing.. Size: 8662
Using xml2js for smaller file
parseCOAXml called for file: 1033. D25A13.XML, content length: 8563
Starting parsing.. Size: 8588
Using xml2js for smaller file
parseCOAXml called for file: 1033. D25I50.XML, content length: 15813
Starting parsing.. Size: 15840
Using xml2js for smaller file
parseCOAXml called for file: 1033. N24A07 POLYCON EYE DROPS 10ML(NP).XML, content length: 19631
Starting parsing.. Size: 19658
Using xml2js for smaller file
parseCOAXml called for file: 1034. D25I50.XML, content length: 15833
Starting parsing.. Size: 15860
Using xml2js for smaller file
parseCOAXml called for file: 1034. N24A07 N SOFT ULTRA  ED 10ML(NOBIL) NP.XML, content length: 19667
Starting parsing.. Size: 19694
Using xml2js for smaller file
parseCOAXml called for file: 1034. N24A27.XML, content length: 9447
Starting parsing.. Size: 9474
Using xml2js for smaller file
parseCOAXml called for file: 1034. N25A13.XML, content length: 9639
Starting parsing.. Size: 9664
Using xml2js for smaller file
parseCOAXml called for file: 1035. 4A15.XML, content length: 9580
Starting parsing.. Size: 9605
Using xml2js for smaller file
parseCOAXml called for file: 1035. N24A07 ASTEARS ULTRA EYE DROPS 10ML(NP).XML, content length: 19650
Starting parsing.. Size: 19677
Using xml2js for smaller file
parseCOAXml called for file: 1035. N25I31.XML, content length: 18505
Starting parsing.. Size: 18532
Using xml2js for smaller file
parseCOAXml called for file: 1035. PS25009.XML, content length: 7769
Starting parsing.. Size: 7794
Using xml2js for smaller file
parseCOAXml called for file: 1036. D24A37.XML, content length: 8637
Starting parsing.. Size: 8662
Using xml2js for smaller file
parseCOAXml called for file: 1036. N24A08.XML, content length: 17989
Starting parsing.. Size: 18016
Using xml2js for smaller file
parseCOAXml called for file: 1036. PS25010.XML, content length: 7769
Starting parsing.. Size: 7794
Using xml2js for smaller file
parseCOAXml called for file: 1036. PS25158.XML, content length: 17766
Starting parsing.. Size: 17793
Using xml2js for smaller file
parseCOAXml called for file: 1037. D25A14.XML, content length: 9907
Starting parsing.. Size: 9932
Using xml2js for smaller file
parseCOAXml called for file: 1037. D25I51.XML, content length: 18324
Starting parsing.. Size: 18357
Using xml2js for smaller file
parseCOAXml called for file: 1037. N24A09.XML, content length: 17980
Starting parsing.. Size: 18007
Using xml2js for smaller file
parseCOAXml called for file: 1037. N24A28.XML, content length: 9448
Starting parsing.. Size: 9475
Using xml2js for smaller file
parseCOAXml called for file: 1038. D25I51.XML, content length: 18355
Starting parsing.. Size: 18388
Using xml2js for smaller file
parseCOAXml called for file: 1038. N24A10.XML, content length: 17995
Starting parsing.. Size: 18022
Using xml2js for smaller file
parseCOAXml called for file: 1038. PS25011.XML, content length: 7769
Starting parsing.. Size: 7794
Using xml2js for smaller file
parseCOAXml called for file: 1038. PZ24001.XML, content length: 7755
Starting parsing.. Size: 7780
Using xml2js for smaller file
parseCOAXml called for file: 1039. 4A16.XML, content length: 7502
Starting parsing.. Size: 7527
Using xml2js for smaller file
parseCOAXml called for file: 1039. 5A05.XML, content length: 7326
Starting parsing.. Size: 7351
Using xml2js for smaller file
parseCOAXml called for file: 1039. D25I52.XML, content length: 22904
Starting parsing.. Size: 22939
Using xml2js for smaller file
parseCOAXml called for file: 1039. N24A11.XML, content length: 17990
Starting parsing.. Size: 18017
Using xml2js for smaller file
parseCOAXml called for file: 104. 4F06.XML, content length: 17105
Starting parsing.. Size: 17132
Using xml2js for smaller file
parseCOAXml called for file: 104. 6A13.XML, content length: 8568
Starting parsing.. Size: 8593
Using xml2js for smaller file
parseCOAXml called for file: 104. D25L12 copy.XML, content length: 18163
Starting parsing.. Size: 18190
Using xml2js for smaller file
parseCOAXml called for file: 104. D25L12.XML, content length: 8998
Starting parsing.. Size: 9023
Using xml2js for smaller file
parseCOAXml called for file: 104. D26A17_IO-NEPA EYE DROPS 5ML.XML, content length: 32644
Starting parsing.. Size: 32683
Using xml2js for smaller file
parseCOAXml called for file: 104. N24D25.XML, content length: 9909
Starting parsing.. Size: 9934
Using xml2js for smaller file
parseCOAXml called for file: 104. N25D19.XML, content length: 9641
Starting parsing.. Size: 9666
Using xml2js for smaller file
parseCOAXml called for file: 104. PS25037.XML, content length: 18889
Starting parsing.. Size: 18916
Using xml2js for smaller file
parseCOAXml called for file: 1040. D24A39.XML, content length: 9983
Starting parsing.. Size: 10008
Using xml2js for smaller file
parseCOAXml called for file: 1040. D25A15.XML, content length: 10629
Starting parsing.. Size: 10654
Using xml2js for smaller file
parseCOAXml called for file: 1040. I412.XML, content length: 15392
Starting parsing.. Size: 15419
Using xml2js for smaller file
parseCOAXml called for file: 1040. N24A12.XML, content length: 17990
Starting parsing.. Size: 18017
Using xml2js for smaller file
parseCOAXml called for file: 1041. D24A40.XML, content length: 8436
Starting parsing.. Size: 8461
Using xml2js for smaller file
parseCOAXml called for file: 1041. N24A13.XML, content length: 17926
Starting parsing.. Size: 17953
Using xml2js for smaller file
parseCOAXml called for file: 1041. N25A15.XML, content length: 8488
Starting parsing.. Size: 8513
Using xml2js for smaller file
parseCOAXml called for file: 1041. N25I32.XML, content length: 20290
Starting parsing.. Size: 20317
Using xml2js for smaller file
parseCOAXml called for file: 1042. N24A14 (NEW FAR EAST-MEDIKURE.XML, content length: 18739
Starting parsing.. Size: 18766
Using xml2js for smaller file
parseCOAXml called for file: 1042. N24A29.XML, content length: 8470
Starting parsing.. Size: 8495
Using xml2js for smaller file
parseCOAXml called for file: 1042. N25A17.XML, content length: 8621
Starting parsing.. Size: 8646
Using xml2js for smaller file
parseCOAXml called for file: 1042. N25I32.XML, content length: 17102
Starting parsing.. Size: 17129
Using xml2js for smaller file
parseCOAXml called for file: 1043. N24A14 (NEW FAR EAST-MEDI)NP.XML, content length: 18749
Starting parsing.. Size: 18776
Using xml2js for smaller file
parseCOAXml called for file: 1043. N24A30.XML, content length: 8630
Starting parsing.. Size: 8655
Using xml2js for smaller file
parseCOAXml called for file: 1043. PS25012.XML, content length: 7766
Starting parsing.. Size: 7791
Using xml2js for smaller file
parseCOAXml called for file: 1043. PS25159.XML, content length: 17766
Starting parsing.. Size: 17793
Using xml2js for smaller file
parseCOAXml called for file: 1044. D25I53.XML, content length: 20464
Starting parsing.. Size: 20491
Using xml2js for smaller file
parseCOAXml called for file: 1044. N24A16.XML, content length: 17911
Starting parsing.. Size: 17938
Using xml2js for smaller file
parseCOAXml called for file: 1044. PS24008.XML, content length: 7865
Starting parsing.. Size: 7890
Using xml2js for smaller file
parseCOAXml called for file: 1044. PS25013.XML, content length: 7766
Starting parsing.. Size: 7791
Using xml2js for smaller file
parseCOAXml called for file: 1045. 5A06.XML, content length: 7326
Starting parsing.. Size: 7351
Using xml2js for smaller file
parseCOAXml called for file: 1045. D24B01.XML, content length: 8419
Starting parsing.. Size: 8444
Using xml2js for smaller file
parseCOAXml called for file: 1045. D25I54.XML, content length: 17314
Starting parsing.. Size: 17341
Using xml2js for smaller file
parseCOAXml called for file: 1045. N24A17.XML, content length: 17911
Starting parsing.. Size: 17938
Using xml2js for smaller file
parseCOAXml called for file: 1046. D25A16.XML, content length: 8642
Starting parsing.. Size: 8667
Using xml2js for smaller file
parseCOAXml called for file: 1046. D25I54.XML, content length: 17311
Starting parsing.. Size: 17338
Using xml2js for smaller file
parseCOAXml called for file: 1046. N24A18  BEPOPAT EYE DROPS 5ML(NP).XML, content length: 17503
Starting parsing.. Size: 17530
Using xml2js for smaller file
parseCOAXml called for file: 1046. N24B01.XML, content length: 8508
Starting parsing.. Size: 8533
Using xml2js for smaller file
parseCOAXml called for file: 1047. D25I54.XML, content length: 33622
Starting parsing.. Size: 33649
Using xml2js for smaller file
parseCOAXml called for file: 1047. N24A18 BEPOTAST ED 5ML(INDIANA) BKC 0.005%.XML, content length: 17515
Starting parsing.. Size: 17542
Using xml2js for smaller file
  ...250 COA files processed (created 247)
parseCOAXml called for file: 1047. N25A18.XML, content length: 8478
Starting parsing.. Size: 8503
Using xml2js for smaller file
parseCOAXml called for file: 1047. PS24009.XML, content length: 7866
Starting parsing.. Size: 7891
Using xml2js for smaller file
parseCOAXml called for file: 1048. N24A18 BEPOWEL EYE DROPS 5ML(NP).XML, content length: 17507
Starting parsing.. Size: 17534
Using xml2js for smaller file
parseCOAXml called for file: 1048. N25A19.XML, content length: 9701
Starting parsing.. Size: 9726
Using xml2js for smaller file
parseCOAXml called for file: 1048. N25I33.XML, content length: 22874
Starting parsing.. Size: 22907
Using xml2js for smaller file
parseCOAXml called for file: 1048. PS24010.XML, content length: 7866
Starting parsing.. Size: 7891
Using xml2js for smaller file
parseCOAXml called for file: 1049. N24A18 BEPOPREC ED 5ML(BKC-0.005%)NP.XML, content length: 17531
Starting parsing.. Size: 17558
Using xml2js for smaller file
parseCOAXml called for file: 1049. N25I33.XML, content length: 22867
Starting parsing.. Size: 22900
Using xml2js for smaller file
parseCOAXml called for file: 1049. PS24011.XML, content length: 7866
Starting parsing.. Size: 7891
Using xml2js for smaller file
parseCOAXml called for file: 1049. PS25014.XML, content length: 7766
Starting parsing.. Size: 7791
Using xml2js for smaller file
parseCOAXml called for file: 105. 4F07.XML, content length: 21164
Starting parsing.. Size: 21201
Using xml2js for smaller file
parseCOAXml called for file: 105. 5D06.XML, content length: 17068
Starting parsing.. Size: 17095
Using xml2js for smaller file
parseCOAXml called for file: 105. D25L14 copy.XML, content length: 15888
Starting parsing.. Size: 15915
Using xml2js for smaller file
parseCOAXml called for file: 105. D25L14.XML, content length: 8408
Starting parsing.. Size: 8433
Using xml2js for smaller file
parseCOAXml called for file: 105. D26A18.XML, content length: 20463
Starting parsing.. Size: 20490
Using xml2js for smaller file
parseCOAXml called for file: 105. D26A33.XML, content length: 10629
Starting parsing.. Size: 10654
Using xml2js for smaller file
parseCOAXml called for file: 105. N24D26.XML, content length: 8530
Starting parsing.. Size: 8555
Using xml2js for smaller file
parseCOAXml called for file: 105. PS25046.XML, content length: 7747
Starting parsing.. Size: 7772
Using xml2js for smaller file
parseCOAXml called for file: 1050. D24B02.XML, content length: 8658
Starting parsing.. Size: 8683
Using xml2js for smaller file
parseCOAXml called for file: 1050. N24A18 BEPOPLUS EYE DROPS 5ML (NP).XML, content length: 17506
Starting parsing.. Size: 17533
Using xml2js for smaller file
parseCOAXml called for file: 1050. N25I33.XML, content length: 22869
Starting parsing.. Size: 22902
Using xml2js for smaller file
parseCOAXml called for file: 1050. PS25015.XML, content length: 7766
Starting parsing.. Size: 7791
Using xml2js for smaller file
parseCOAXml called for file: 1051. 5A07.XML, content length: 7324
Starting parsing.. Size: 7349
Using xml2js for smaller file
parseCOAXml called for file: 1051. N24A19 TROPICYL-PLUS ED 5ML BKC (NP).XML, content length: 18577
Starting parsing.. Size: 18604
Using xml2js for smaller file
parseCOAXml called for file: 1051. N25I33.XML, content length: 22907
Starting parsing.. Size: 22940
Using xml2js for smaller file
parseCOAXml called for file: 1051. PS24012.XML, content length: 7866
Starting parsing.. Size: 7891
Using xml2js for smaller file
parseCOAXml called for file: 1052. N24A19 TROPICHEK EYE DROPS 5ML(BKC) NP.XML, content length: 18591
Starting parsing.. Size: 18618
Using xml2js for smaller file
parseCOAXml called for file: 1052. N25A20.XML, content length: 8766
Starting parsing.. Size: 8791
Using xml2js for smaller file
parseCOAXml called for file: 1052. N25I33.XML, content length: 22871
Starting parsing.. Size: 22904
Using xml2js for smaller file
parseCOAXml called for file: 1052. PS24013.XML, content length: 7866
Starting parsing.. Size: 7891
Using xml2js for smaller file
parseCOAXml called for file: 1053. D24B03.XML, content length: 10774
Starting parsing.. Size: 10801
Using xml2js for smaller file
parseCOAXml called for file: 1053. N24A19 TROPISCI-P EYE DROPS 5ML BKC (NP).XML, content length: 18594
Starting parsing.. Size: 18621
Using xml2js for smaller file
parseCOAXml called for file: 1053. N25A21.XML, content length: 9538
Starting parsing.. Size: 9563
Using xml2js for smaller file
parseCOAXml called for file: 1053. N25I33.XML, content length: 22877
Starting parsing.. Size: 22910
Using xml2js for smaller file
parseCOAXml called for file: 1054. I319.XML, content length: 7349
Starting parsing.. Size: 7374
Using xml2js for smaller file
parseCOAXml called for file: 1054. N24A20.XML, content length: 22904
Starting parsing.. Size: 22931
Using xml2js for smaller file
parseCOAXml called for file: 1054. PS25016.XML, content length: 7766
Starting parsing.. Size: 7791
Using xml2js for smaller file
parseCOAXml called for file: 1054. PS25160.XML, content length: 17766
Starting parsing.. Size: 17793
Using xml2js for smaller file
parseCOAXml called for file: 1055. 5A08.XML, content length: 9585
Starting parsing.. Size: 9610
Using xml2js for smaller file
parseCOAXml called for file: 1055. D25J01.XML, content length: 14674
Starting parsing.. Size: 14701
Using xml2js for smaller file
parseCOAXml called for file: 1055. N24A21.XML, content length: 22902
Starting parsing.. Size: 22929
Using xml2js for smaller file
parseCOAXml called for file: 1055. PS24014.XML, content length: 7866
Starting parsing.. Size: 7891
Using xml2js for smaller file
parseCOAXml called for file: 1056. D24B04.XML, content length: 10667
Starting parsing.. Size: 10694
Using xml2js for smaller file
parseCOAXml called for file: 1056. D25A20.XML, content length: 8728
Starting parsing.. Size: 8753
Using xml2js for smaller file
parseCOAXml called for file: 1056. D25J01.XML, content length: 14703
Starting parsing.. Size: 14730
Using xml2js for smaller file
parseCOAXml called for file: 1056. N24A22.XML, content length: 22904
Starting parsing.. Size: 22931
Using xml2js for smaller file
parseCOAXml called for file: 1057. D25A21.XML, content length: 8733
Starting parsing.. Size: 8758
Using xml2js for smaller file
parseCOAXml called for file: 1057. D25J02.XML, content length: 33506
Starting parsing.. Size: 33533
Using xml2js for smaller file
parseCOAXml called for file: 1057. I320.XML, content length: 7349
Starting parsing.. Size: 7374
Using xml2js for smaller file
parseCOAXml called for file: 1057. N24A23 PUROPTICS SOD. CHLO ED 10ML MED.DEV.XML, content length: 16814
Starting parsing.. Size: 16841
Using xml2js for smaller file
parseCOAXml called for file: 1058. D25A22.XML, content length: 10517
Starting parsing.. Size: 10544
Using xml2js for smaller file
parseCOAXml called for file: 1058. N24A23 HYVISOL EYE DROPS 10ML (NP).XML, content length: 16769
Starting parsing.. Size: 16796
Using xml2js for smaller file
parseCOAXml called for file: 1058. N24B05.XML, content length: 8879
Starting parsing.. Size: 8904
Using xml2js for smaller file
parseCOAXml called for file: 1058. N25J01.XML, content length: 19643
Starting parsing.. Size: 19670
Using xml2js for smaller file
parseCOAXml called for file: 1059. N24A23 AABCHLOR 10ML (MEDICAL DEVICE)NP.XML, content length: 16756
Starting parsing.. Size: 16783
Using xml2js for smaller file
parseCOAXml called for file: 1059. PS24015.XML, content length: 7866
Starting parsing.. Size: 7891
Using xml2js for smaller file
parseCOAXml called for file: 1059. PS25017.XML, content length: 7766
Starting parsing.. Size: 7791
Using xml2js for smaller file
parseCOAXml called for file: 1059. UC25006.XML, content length: 13400
Starting parsing.. Size: 13427
Using xml2js for smaller file
parseCOAXml called for file: 106. 4F07 cp max.XML, content length: 21171
Starting parsing.. Size: 21208
Using xml2js for smaller file
parseCOAXml called for file: 106. 5D12.XML, content length: 8574
Starting parsing.. Size: 8599
Using xml2js for smaller file
parseCOAXml called for file: 106. D25D08.XML, content length: 17909
Starting parsing.. Size: 17936
Using xml2js for smaller file
parseCOAXml called for file: 106. D26A19_HYDROCAIN EYE DROPS 5ML.XML, content length: 14869
Starting parsing.. Size: 14896
Using xml2js for smaller file
parseCOAXml called for file: 106. I429.XML, content length: 7347
Starting parsing.. Size: 7372
Using xml2js for smaller file
parseCOAXml called for file: 106. PQEP01 copy.XML, content length: 1897
Starting parsing.. Size: 1924
Using xml2js for smaller file
parseCOAXml called for file: 106. PQEP01.XML, content length: 4167
Starting parsing.. Size: 4192
Using xml2js for smaller file
parseCOAXml called for file: 106. PS24070.XML, content length: 7865
Starting parsing.. Size: 7890
Using xml2js for smaller file
parseCOAXml called for file: 1060. D24B06.XML, content length: 8437
Starting parsing.. Size: 8462
Using xml2js for smaller file
parseCOAXml called for file: 1060. N24A24 NIKIQUIN-T EYE DROPS 5ML(NP).XML, content length: 18651
Starting parsing.. Size: 18678
Using xml2js for smaller file
parseCOAXml called for file: 1060. PS25018.XML, content length: 7766
Starting parsing.. Size: 7791
Using xml2js for smaller file
parseCOAXml called for file: 1060. UC25006.XML, content length: 13386
Starting parsing.. Size: 13413
Using xml2js for smaller file
parseCOAXml called for file: 1061. 5A09.XML, content length: 7496
Starting parsing.. Size: 7521
Using xml2js for smaller file
parseCOAXml called for file: 1061. B5J01.XML, content length: 13338
Starting parsing.. Size: 13365
Using xml2js for smaller file
parseCOAXml called for file: 1061. D24B07.XML, content length: 8869
Starting parsing.. Size: 8894
Using xml2js for smaller file
parseCOAXml called for file: 1061. N24A24 MOXIROD-T EYE DROPS 5ML(NP).XML, content length: 18637
Starting parsing.. Size: 18664
Using xml2js for smaller file
parseCOAXml called for file: 1062. B5J01.XML, content length: 13344
Starting parsing.. Size: 13371
Using xml2js for smaller file
parseCOAXml called for file: 1062. D25A23.XML, content length: 9853
Starting parsing.. Size: 9878
Using xml2js for smaller file
parseCOAXml called for file: 1062. N24A24 SCIMOX-TB EYE DROPS 5ML (NP).XML, content length: 18659
Starting parsing.. Size: 18686
Using xml2js for smaller file
parseCOAXml called for file: 1062. N24B06.XML, content length: 11999
Starting parsing.. Size: 12024
Using xml2js for smaller file
parseCOAXml called for file: 1063. D25J03.XML, content length: 19256
Starting parsing.. Size: 19283
Using xml2js for smaller file
parseCOAXml called for file: 1063. N24A24  MOXICON-T EYE DROPS 5ML (NP).XML, content length: 18642
Starting parsing.. Size: 18669
Using xml2js for smaller file
parseCOAXml called for file: 1063. N25A24.XML, content length: 8736
Starting parsing.. Size: 8761
Using xml2js for smaller file
parseCOAXml called for file: 1063. PS24016.XML, content length: 7865
Starting parsing.. Size: 7890
Using xml2js for smaller file
parseCOAXml called for file: 1064. D24B08.XML, content length: 8563
Starting parsing.. Size: 8588
Using xml2js for smaller file
parseCOAXml called for file: 1064. D25J03.XML, content length: 19350
Starting parsing.. Size: 19377
Using xml2js for smaller file
parseCOAXml called for file: 1064. N24A25 NEPAFAN EYE DROPS 5ML(NP).XML, content length: 17318
Starting parsing.. Size: 17351
Using xml2js for smaller file
parseCOAXml called for file: 1064. PS25019.XML, content length: 7769
Starting parsing.. Size: 7794
Using xml2js for smaller file
parseCOAXml called for file: 1065. 5J02.XML, content length: 17326
Starting parsing.. Size: 17363
Using xml2js for smaller file
parseCOAXml called for file: 1065. I321.XML, content length: 7286
Starting parsing.. Size: 7311
Using xml2js for smaller file
parseCOAXml called for file: 1065. N24A25 NAYL EYE DROPS 5ML(NP).XML, content length: 17326
Starting parsing.. Size: 17359
Using xml2js for smaller file
parseCOAXml called for file: 1065. PS25020.XML, content length: 7769
Starting parsing.. Size: 7794
Using xml2js for smaller file
parseCOAXml called for file: 1066. 5A10.XML, content length: 8576
Starting parsing.. Size: 8601
Using xml2js for smaller file
parseCOAXml called for file: 1066. AI078.XML, content length: 15768
Starting parsing.. Size: 15795
Using xml2js for smaller file
parseCOAXml called for file: 1066. I322.XML, content length: 7285
Starting parsing.. Size: 7310
Using xml2js for smaller file
parseCOAXml called for file: 1066. N24A25 NEYPAC EYE DROPS 5ML(NP).XML, content length: 17333
Starting parsing.. Size: 17366
Using xml2js for smaller file
parseCOAXml called for file: 1067. D25A24.XML, content length: 9860
Starting parsing.. Size: 9885
Using xml2js for smaller file
parseCOAXml called for file: 1067. D25J04.XML, content length: 17304
Starting parsing.. Size: 17331
Using xml2js for smaller file
parseCOAXml called for file: 1067. N24A26 AMFINAC EYE DROPS 5ML(NP).XML, content length: 32769
Starting parsing.. Size: 32808
Using xml2js for smaller file
parseCOAXml called for file: 1067. N24B07.XML, content length: 12009
Starting parsing.. Size: 12034
Using xml2js for smaller file
parseCOAXml called for file: 1068. D25A25.XML, content length: 8647
Starting parsing.. Size: 8672
Using xml2js for smaller file
parseCOAXml called for file: 1068. D25J05.XML, content length: 19334
Starting parsing.. Size: 19361
Using xml2js for smaller file
parseCOAXml called for file: 1068. N24A26 NEPANEXT EYE DROPS 5ML (NP) SOC.XML, content length: 17338
Starting parsing.. Size: 17371
Using xml2js for smaller file
parseCOAXml called for file: 1068. N24B08.XML, content length: 12011
Starting parsing.. Size: 12036
Using xml2js for smaller file
parseCOAXml called for file: 1069. 5J03.XML, content length: 17328
Starting parsing.. Size: 17365
Using xml2js for smaller file
parseCOAXml called for file: 1069. N24A26 NEPACUBE EYE DROPS 5ML(NP).XML, content length: 17337
Starting parsing.. Size: 17370
Using xml2js for smaller file
parseCOAXml called for file: 1069. N25A25.XML, content length: 9617
Starting parsing.. Size: 9642
Using xml2js for smaller file
parseCOAXml called for file: 1069. UC24003.XML, content length: 6560
Starting parsing.. Size: 6585
Using xml2js for smaller file
parseCOAXml called for file: 107. 4F08 lacort.XML, content length: 19311
Starting parsing.. Size: 19348
Using xml2js for smaller file
parseCOAXml called for file: 107. D25D20.XML, content length: 9802
Starting parsing.. Size: 9827
Using xml2js for smaller file
parseCOAXml called for file: 107. D26A19_PARACON EYE DROPS 5ML.XML, content length: 14867
Starting parsing.. Size: 14894
Using xml2js for smaller file
parseCOAXml called for file: 107. N24D27.XML, content length: 8450
Starting parsing.. Size: 8475
Using xml2js for smaller file
parseCOAXml called for file: 107. N25B21 copy.XML, content length: 17952
Starting parsing.. Size: 17979
Using xml2js for smaller file
parseCOAXml called for file: 107. N25B21.XML, content length: 8408
Starting parsing.. Size: 8433
Using xml2js for smaller file
parseCOAXml called for file: 107. N25D11.XML, content length: 22426
Starting parsing.. Size: 22461
Using xml2js for smaller file
parseCOAXml called for file: 107. N26A20.XML, content length: 8733
Starting parsing.. Size: 8758
Using xml2js for smaller file
parseCOAXml called for file: 1070. D24B09.XML, content length: 10158
Starting parsing.. Size: 10183
Using xml2js for smaller file
parseCOAXml called for file: 1070. N24A26 SCINEP EYE DROPS 5ML.(NP).XML, content length: 17353
Starting parsing.. Size: 17386
Using xml2js for smaller file
parseCOAXml called for file: 1070. PS25021.XML, content length: 7769
Starting parsing.. Size: 7794
Using xml2js for smaller file
parseCOAXml called for file: 1070. RI525.XML, content length: 15600
Starting parsing.. Size: 15627
Using xml2js for smaller file
parseCOAXml called for file: 1071. 5A11.XML, content length: 8587
Starting parsing.. Size: 8612
Using xml2js for smaller file
parseCOAXml called for file: 1071. GP154.XML, content length: 8718
Starting parsing.. Size: 8743
Using xml2js for smaller file
parseCOAXml called for file: 1071. N24A27.XML, content length: 16877
Starting parsing.. Size: 16906
Using xml2js for smaller file
parseCOAXml called for file: 1071. RI526.XML, content length: 15611
Starting parsing.. Size: 15638
Using xml2js for smaller file
parseCOAXml called for file: 1072. 5J04.XML, content length: 17328
Starting parsing.. Size: 17365
Using xml2js for smaller file
parseCOAXml called for file: 1072. D25A26.XML, content length: 9907
Starting parsing.. Size: 9932
Using xml2js for smaller file
parseCOAXml called for file: 1072. N24A28.XML, content length: 16875
Starting parsing.. Size: 16904
Using xml2js for smaller file
parseCOAXml called for file: 1072. N24B09.XML, content length: 8643
Starting parsing.. Size: 8668
Using xml2js for smaller file
parseCOAXml called for file: 1073. D25J06.XML, content length: 19594
Starting parsing.. Size: 19621
Using xml2js for smaller file
parseCOAXml called for file: 1073. N24A29.XML, content length: 15990
Starting parsing.. Size: 16017
Using xml2js for smaller file
parseCOAXml called for file: 1073. N24B10.XML, content length: 8656
Starting parsing.. Size: 8681
Using xml2js for smaller file
parseCOAXml called for file: 1073. N25A26.XML, content length: 8432
Starting parsing.. Size: 8457
Using xml2js for smaller file
parseCOAXml called for file: 1074. 4B01.XML, content length: 8599
Starting parsing.. Size: 8624
Using xml2js for smaller file
parseCOAXml called for file: 1074. N24A30 GATISPAN HS EYE DROPS 5ML(NP).XML, content length: 16010
Starting parsing.. Size: 16037
Using xml2js for smaller file
parseCOAXml called for file: 1074. N25J03.XML, content length: 16736
Starting parsing.. Size: 16763
Using xml2js for smaller file
parseCOAXml called for file: 1074. PS25022.XML, content length: 7769
Starting parsing.. Size: 7794
Using xml2js for smaller file
parseCOAXml called for file: 1075. D24B10.XML, content length: 9473
Starting parsing.. Size: 9498
Using xml2js for smaller file
parseCOAXml called for file: 1075. N24A30 OG 5 EYE DROPS 5ML (NP).XML, content length: 16000
Starting parsing.. Size: 16027
Using xml2js for smaller file
parseCOAXml called for file: 1075. N25J03.XML, content length: 16740
Starting parsing.. Size: 16767
Using xml2js for smaller file
parseCOAXml called for file: 1075. PS25023.XML, content length: 7769
Starting parsing.. Size: 7794
Using xml2js for smaller file
parseCOAXml called for file: 1076. 4B02.XML, content length: 7332
Starting parsing.. Size: 7357
Using xml2js for smaller file
parseCOAXml called for file: 1076. 5A12.XML, content length: 8431
Starting parsing.. Size: 8456
Using xml2js for smaller file
parseCOAXml called for file: 1076. N24A30 GATICON-HS EYE DROPS 5ML (YEMEN).XML, content length: 16014
Starting parsing.. Size: 16041
Using xml2js for smaller file
parseCOAXml called for file: 1076. N25J03.XML, content length: 16781
Starting parsing.. Size: 16808
Using xml2js for smaller file
parseCOAXml called for file: 1077. D24B11.XML, content length: 8558
Starting parsing.. Size: 8583
Using xml2js for smaller file
parseCOAXml called for file: 1077. D25A27.XML, content length: 8713
Starting parsing.. Size: 8738
Using xml2js for smaller file
parseCOAXml called for file: 1077. N24B01.XML, content length: 18096
Starting parsing.. Size: 18123
Using xml2js for smaller file
parseCOAXml called for file: 1077. PS25161.XML, content length: 17765
Starting parsing.. Size: 17792
Using xml2js for smaller file
parseCOAXml called for file: 1078. 5J05.XML, content length: 17328
Starting parsing.. Size: 17365
Using xml2js for smaller file
parseCOAXml called for file: 1078. D25A28.XML, content length: 9606
Starting parsing.. Size: 9631
Using xml2js for smaller file
parseCOAXml called for file: 1078. N24B05.XML, content length: 18511
Starting parsing.. Size: 18538
Using xml2js for smaller file
parseCOAXml called for file: 1078. N24B11.XML, content length: 8459
Starting parsing.. Size: 8484
Using xml2js for smaller file
parseCOAXml called for file: 1079. D25J07.XML, content length: 19585
Starting parsing.. Size: 19612
Using xml2js for smaller file
parseCOAXml called for file: 1079. N24B06.XML, content length: 22901
Starting parsing.. Size: 22928
Using xml2js for smaller file
parseCOAXml called for file: 1079. N25A28.XML, content length: 10631
Starting parsing.. Size: 10658
Using xml2js for smaller file
parseCOAXml called for file: 1079. PS24017.XML, content length: 7866
Starting parsing.. Size: 7891
Using xml2js for smaller file
parseCOAXml called for file: 108. 4F08.XML, content length: 19332
Starting parsing.. Size: 19369
Using xml2js for smaller file
parseCOAXml called for file: 108. D25B27 copy.XML, content length: 19590
Starting parsing.. Size: 19617
Using xml2js for smaller file
parseCOAXml called for file: 108. D25B27.XML, content length: 9624
Starting parsing.. Size: 9649
Using xml2js for smaller file
parseCOAXml called for file: 108. D26A19_PARAPREC EYE DROPS 5ML.XML, content length: 14888
Starting parsing.. Size: 14915
Using xml2js for smaller file
parseCOAXml called for file: 108. D26A34.XML, content length: 10769
Starting parsing.. Size: 10796
Using xml2js for smaller file
parseCOAXml called for file: 108. N25D11.XML, content length: 22436
Starting parsing.. Size: 22471
Using xml2js for smaller file
parseCOAXml called for file: 108. N25D20.XML, content length: 8448
Starting parsing.. Size: 8473
Using xml2js for smaller file
parseCOAXml called for file: 108. PS24071.XML, content length: 7865
Starting parsing.. Size: 7890
Using xml2js for smaller file
parseCOAXml called for file: 1080. 4B03.XML, content length: 9580
Starting parsing.. Size: 9605
Using xml2js for smaller file
parseCOAXml called for file: 1080. D25J07.XML, content length: 19619
Starting parsing.. Size: 19646
Using xml2js for smaller file
parseCOAXml called for file: 1080. N24B07.XML, content length: 22902
Starting parsing.. Size: 22929
Using xml2js for smaller file
parseCOAXml called for file: 1080. N25A29.XML, content length: 8853
Starting parsing.. Size: 8878
Using xml2js for smaller file
parseCOAXml called for file: 1081. D24B12.XML, content length: 8735
Starting parsing.. Size: 8760
Using xml2js for smaller file
parseCOAXml called for file: 1081. D25J07.XML, content length: 19613
Starting parsing.. Size: 19640
Using xml2js for smaller file
parseCOAXml called for file: 1081. N24B08 NAPHAROOT EYE DROPS 10ML (NP).XML, content length: 22902
Starting parsing.. Size: 22929
Using xml2js for smaller file
parseCOAXml called for file: 1081. PS25024.XML, content length: 7769
Starting parsing.. Size: 7794
Using xml2js for smaller file
parseCOAXml called for file: 1082. D24B13.XML, content length: 9554
Starting parsing.. Size: 9579
Using xml2js for smaller file
parseCOAXml called for file: 1082. D25J07.XML, content length: 19657
Starting parsing.. Size: 19684
Using xml2js for smaller file
parseCOAXml called for file: 1082. N24B08 FRINZY-PLUS EYE DROPS 10ML (NP).XML, content length: 43897
Starting parsing.. Size: 43924
Using xml2js for smaller file
parseCOAXml called for file: 1082. PS25025.XML, content length: 7769
Starting parsing.. Size: 7794
Using xml2js for smaller file
parseCOAXml called for file: 1083. 5A13.XML, content length: 7496
Starting parsing.. Size: 7521
Using xml2js for smaller file
parseCOAXml called for file: 1083. D25J08.XML, content length: 18489
Starting parsing.. Size: 18516
Using xml2js for smaller file
parseCOAXml called for file: 1083. N24B09.XML, content length: 21332
Starting parsing.. Size: 21365
Using xml2js for smaller file
parseCOAXml called for file: 1083. N24B12.XML, content length: 8360
Starting parsing.. Size: 8385
Using xml2js for smaller file
parseCOAXml called for file: 1084. D25J08.XML, content length: 18507
Starting parsing.. Size: 18534
Using xml2js for smaller file
parseCOAXml called for file: 1084. N24B10 CARELASH EYE DROPS 4ML (NP).XML, content length: 16133
Starting parsing.. Size: 16160
Using xml2js for smaller file
parseCOAXml called for file: 1084. N25A30.XML, content length: 8654
Starting parsing.. Size: 8679
Using xml2js for smaller file
parseCOAXml called for file: 1084. PS24018.XML, content length: 7866
Starting parsing.. Size: 7891
Using xml2js for smaller file
parseCOAXml called for file: 1085. N24B10 MAXLASH EYE DROPS 3ML (NP).XML, content length: 16129
Starting parsing.. Size: 16156
Using xml2js for smaller file
parseCOAXml called for file: 1085. N24B13.XML, content length: 8360
Starting parsing.. Size: 8385
Using xml2js for smaller file
parseCOAXml called for file: 1085. N25J04.XML, content length: 20944
Starting parsing.. Size: 20977
Using xml2js for smaller file
parseCOAXml called for file: 1085. PS25026.XML, content length: 7769
Starting parsing.. Size: 7794
Using xml2js for smaller file
parseCOAXml called for file: 1086. D25A31.XML, content length: 9674
Starting parsing.. Size: 9699
Using xml2js for smaller file
parseCOAXml called for file: 1086. N24B11 TARINE ED 5ML(VIETNAM-PV HEALTH)NP.XML, content length: 16131
Starting parsing.. Size: 16158
Using xml2js for smaller file
parseCOAXml called for file: 1086. N25J04.XML, content length: 32665
Starting parsing.. Size: 32704
Using xml2js for smaller file
parseCOAXml called for file: 1086. PS24019.XML, content length: 7866
Starting parsing.. Size: 7891
Using xml2js for smaller file
parseCOAXml called for file: 1087. N24B11 TAFRESH ED 5ML(VIETNAM-PV HEALTH)NP.XML, content length: 16138
Starting parsing.. Size: 16165
Using xml2js for smaller file
parseCOAXml called for file: 1087. N25A31.XML, content length: 8717
Starting parsing.. Size: 8742
Using xml2js for smaller file
parseCOAXml called for file: 1087. N25J04.XML, content length: 20938
Starting parsing.. Size: 20971
Using xml2js for smaller file
parseCOAXml called for file: 1087. PS24020.XML, content length: 7866
Starting parsing.. Size: 7891
Using xml2js for smaller file
parseCOAXml called for file: 1088. 5A14.XML, content length: 7506
Starting parsing.. Size: 7531
Using xml2js for smaller file
parseCOAXml called for file: 1088. N24B12.XML, content length: 13533
Starting parsing.. Size: 13560
Using xml2js for smaller file
parseCOAXml called for file: 1088. N25J04.XML, content length: 20935
Starting parsing.. Size: 20968
Using xml2js for smaller file
parseCOAXml called for file: 1088. RI481.XML, content length: 8490
Starting parsing.. Size: 8515
Using xml2js for smaller file
parseCOAXml called for file: 1089. D25A32.XML, content length: 8438
Starting parsing.. Size: 8463
Using xml2js for smaller file
parseCOAXml called for file: 1089. N24B13.XML, content length: 13527
Starting parsing.. Size: 13554
Using xml2js for smaller file
parseCOAXml called for file: 1089. PS25162.XML, content length: 17766
Starting parsing.. Size: 17793
Using xml2js for smaller file
parseCOAXml called for file: 1089. RI482.XML, content length: 8491
Starting parsing.. Size: 8516
Using xml2js for smaller file
parseCOAXml called for file: 109. 4F09.XML, content length: 19367
Starting parsing.. Size: 19404
Using xml2js for smaller file
parseCOAXml called for file: 109. D25B30 copy.XML, content length: 15973
Starting parsing.. Size: 16000
Using xml2js for smaller file
parseCOAXml called for file: 109. D25B30.XML, content length: 8719
Starting parsing.. Size: 8744
Using xml2js for smaller file
parseCOAXml called for file: 109. D26A20_EASIMIST EYE DROPS 5ML.XML, content length: 19408
Starting parsing.. Size: 19435
Using xml2js for smaller file
parseCOAXml called for file: 109. D26A35.XML, content length: 9590
Starting parsing.. Size: 9615
Using xml2js for smaller file
parseCOAXml called for file: 109. N24D28.XML, content length: 8444
Starting parsing.. Size: 8469
Using xml2js for smaller file
parseCOAXml called for file: 109. N25D12.XML, content length: 14976
Starting parsing.. Size: 15003
Using xml2js for smaller file
parseCOAXml called for file: 109. PS25047.XML, content length: 7747
Starting parsing.. Size: 7772
Using xml2js for smaller file
parseCOAXml called for file: 1090. 4B05.XML, content length: 8286
Starting parsing.. Size: 8311
Using xml2js for smaller file
parseCOAXml called for file: 1090. 5J06.XML, content length: 17328
Starting parsing.. Size: 17365
Using xml2js for smaller file
parseCOAXml called for file: 1090. D25A33.XML, content length: 8864
Starting parsing.. Size: 8889
Using xml2js for smaller file
parseCOAXml called for file: 1090. N24B14.XML, content length: 13528
Starting parsing.. Size: 13555
Using xml2js for smaller file
parseCOAXml called for file: 1091. D25J09.XML, content length: 23462
Starting parsing.. Size: 23489
Using xml2js for smaller file
parseCOAXml called for file: 1091. N24B14.XML, content length: 8403
Starting parsing.. Size: 8428
Using xml2js for smaller file
parseCOAXml called for file: 1091. N24B15.XML, content length: 19608
Starting parsing.. Size: 19635
Using xml2js for smaller file
parseCOAXml called for file: 1091. N25A32.XML, content length: 9825
Starting parsing.. Size: 9850
Using xml2js for smaller file
parseCOAXml called for file: 1092. D25J10.XML, content length: 22018
Starting parsing.. Size: 22045
Using xml2js for smaller file
parseCOAXml called for file: 1092. N24B16.XML, content length: 18336
Starting parsing.. Size: 18363
Using xml2js for smaller file
parseCOAXml called for file: 1092. N25A33.XML, content length: 8433
Starting parsing.. Size: 8458
Using xml2js for smaller file
parseCOAXml called for file: 1092. PS24021.XML, content length: 7866
Starting parsing.. Size: 7891
Using xml2js for smaller file
parseCOAXml called for file: 1093. IS0015J.XML, content length: 21650
Starting parsing.. Size: 21679
Using xml2js for smaller file
parseCOAXml called for file: 1093. N24B17.XML, content length: 18753
Starting parsing.. Size: 18780
Using xml2js for smaller file
parseCOAXml called for file: 1093. PS25027.XML, content length: 7770
Starting parsing.. Size: 7795
Using xml2js for smaller file
parseCOAXml called for file: 1093. RI483.XML, content length: 8490
Starting parsing.. Size: 8515
Using xml2js for smaller file
parseCOAXml called for file: 1094. D25A34.XML, content length: 10157
Starting parsing.. Size: 10182
Using xml2js for smaller file
parseCOAXml called for file: 1094. N24B15.XML, content length: 9636
Starting parsing.. Size: 9661
Using xml2js for smaller file
parseCOAXml called for file: 1094. N24B18.XML, content length: 18744
Starting parsing.. Size: 18771
Using xml2js for smaller file
parseCOAXml called for file: 1094. PS25163.XML, content length: 17766
Starting parsing.. Size: 17793
Using xml2js for smaller file
parseCOAXml called for file: 1095. D25A35.XML, content length: 9859
Starting parsing.. Size: 9884
Using xml2js for smaller file
parseCOAXml called for file: 1095. N24B19.XML, content length: 19290
Starting parsing.. Size: 19317
Using xml2js for smaller file
parseCOAXml called for file: 1095. PS24022.XML, content length: 7866
Starting parsing.. Size: 7891
Using xml2js for smaller file
parseCOAXml called for file: 1095. PS25164.XML, content length: 17766
Starting parsing.. Size: 17793
Using xml2js for smaller file
parseCOAXml called for file: 1096. 5J07.XML, content length: 17328
Starting parsing.. Size: 17365
Using xml2js for smaller file
parseCOAXml called for file: 1096. N24B20.XML, content length: 19315
Starting parsing.. Size: 19342
Using xml2js for smaller file
parseCOAXml called for file: 1096. N25A34.XML, content length: 8623
Starting parsing.. Size: 8648
Using xml2js for smaller file
parseCOAXml called for file: 1096. PS24023.XML, content length: 7866
Starting parsing.. Size: 7891
Using xml2js for smaller file
parseCOAXml called for file: 1097. 5A15.XML, content length: 8594
Starting parsing.. Size: 8619
Using xml2js for smaller file
parseCOAXml called for file: 1097. D25J11.XML, content length: 19407
Starting parsing.. Size: 19434
Using xml2js for smaller file
parseCOAXml called for file: 1097. N24B21.XML, content length: 14768
Starting parsing.. Size: 14795
Using xml2js for smaller file
parseCOAXml called for file: 1097. RI484.XML, content length: 8490
Starting parsing.. Size: 8515
Using xml2js for smaller file
parseCOAXml called for file: 1098. 4B07.XML, content length: 7202
Starting parsing.. Size: 7227
Using xml2js for smaller file
parseCOAXml called for file: 1098. D25A36.XML, content length: 8436
Starting parsing.. Size: 8461
Using xml2js for smaller file
parseCOAXml called for file: 1098. N24B22.XML, content length: 18343
Starting parsing.. Size: 18370
Using xml2js for smaller file
parseCOAXml called for file: 1098. N25J05.XML, content length: 19144
Starting parsing.. Size: 19177
Using xml2js for smaller file
parseCOAXml called for file: 1099. D24B14.XML, content length: 9543
Starting parsing.. Size: 9568
Using xml2js for smaller file
parseCOAXml called for file: 1099. N24B23 PENTOCYL EYE DROPS 5ML(YEMEN)NP.XML, content length: 28075
Starting parsing.. Size: 28102
Using xml2js for smaller file
parseCOAXml called for file: 1099. N25A35.XML, content length: 9905
Starting parsing.. Size: 9930
Using xml2js for smaller file
parseCOAXml called for file: 1099. PS25165.XML, content length: 17767
Starting parsing.. Size: 17794
Using xml2js for smaller file
  ...500 COA files processed (created 496)
parseCOAXml called for file: 11. 24AM11.XML, content length: 18648
Starting parsing.. Size: 18685
Using xml2js for smaller file
parseCOAXml called for file: 11. 6A01_HYPE-6 EYE OINTMENT 5GM.XML, content length: 17004
Starting parsing.. Size: 17039
Using xml2js for smaller file
parseCOAXml called for file: 11. D25L21.XML, content length: 8622
Starting parsing.. Size: 8647
Using xml2js for smaller file
parseCOAXml called for file: 11. D25L32 copy.XML, content length: 19284
Starting parsing.. Size: 19311
Using xml2js for smaller file
parseCOAXml called for file: 11. D25L32.XML, content length: 8503
Starting parsing.. Size: 8528
Using xml2js for smaller file
parseCOAXml called for file: 11. D25L36.XML, content length: 19606
Starting parsing.. Size: 19633
Using xml2js for smaller file
parseCOAXml called for file: 11. D25L37.XML, content length: 9461
Starting parsing.. Size: 9486
Using xml2js for smaller file
parseCOAXml called for file: 11. D26D04.XML, content length: 11563
Starting parsing.. Size: 11588
Using xml2js for smaller file
parseCOAXml called for file: 11. I422.XML, content length: 15340
Starting parsing.. Size: 15367
Using xml2js for smaller file
parseCOAXml called for file: 11. N24D01.XML, content length: 8500
Starting parsing.. Size: 8525
Using xml2js for smaller file
parseCOAXml called for file: 110. 4F10.XML, content length: 16042
Starting parsing.. Size: 16079
Using xml2js for smaller file
parseCOAXml called for file: 110. D26A21_OPTILUBE EYE DROPS 10ML.XML, content length: 19621
Starting parsing.. Size: 19648
Using xml2js for smaller file
parseCOAXml called for file: 110. D26A36.XML, content length: 10629
Starting parsing.. Size: 10654
Using xml2js for smaller file
parseCOAXml called for file: 110. PQEP02 copy.XML, content length: 1897
Starting parsing.. Size: 1924
Using xml2js for smaller file
parseCOAXml called for file: 110. PQEP02.XML, content length: 4156
Starting parsing.. Size: 4181
Using xml2js for smaller file
parseCOAXml called for file: 110. PS24072.XML, content length: 7865
Starting parsing.. Size: 7890
Using xml2js for smaller file
parseCOAXml called for file: 110. PS25038.XML, content length: 17769
Starting parsing.. Size: 17796
Using xml2js for smaller file
parseCOAXml called for file: 110. PS25048.XML, content length: 7747
Starting parsing.. Size: 7772
Using xml2js for smaller file
parseCOAXml called for file: 1100. D24B15.XML, content length: 8716
Starting parsing.. Size: 8741
Using xml2js for smaller file
parseCOAXml called for file: 1100. N24B23 PENTOCYL EYE DROPS 5ML(THAILAND)NP.XML, content length: 16377
Starting parsing.. Size: 16404
Using xml2js for smaller file
parseCOAXml called for file: 1100. PS25028.XML, content length: 7770
Starting parsing.. Size: 7795
Using xml2js for smaller file
parseCOAXml called for file: 1100. PS25166.XML, content length: 17766
Starting parsing.. Size: 17793
Using xml2js for smaller file
parseCOAXml called for file: 1101. 5J08.XML, content length: 17327
Starting parsing.. Size: 17364
Using xml2js for smaller file
parseCOAXml called for file: 1101. N24B16.XML, content length: 8692
Starting parsing.. Size: 8717
Using xml2js for smaller file
parseCOAXml called for file: 1101. N24B23 CYCLOVAL EYE DROPS 5ML(NP).XML, content length: 16371
Starting parsing.. Size: 16398
Using xml2js for smaller file
parseCOAXml called for file: 1101. PS25029.XML, content length: 7769
Starting parsing.. Size: 7794
Using xml2js for smaller file
parseCOAXml called for file: 1102. 4B08.XML, content length: 7307
Starting parsing.. Size: 7332
Using xml2js for smaller file
parseCOAXml called for file: 1102. D25A37.XML, content length: 9769
Starting parsing.. Size: 9794
Using xml2js for smaller file
parseCOAXml called for file: 1102. D25J12.XML, content length: 19407
Starting parsing.. Size: 19434
Using xml2js for smaller file
parseCOAXml called for file: 1102. N24B23 SCICLOP EYE DROPS 5ML(NP).XML, content length: 16388
Starting parsing.. Size: 16415
Using xml2js for smaller file
parseCOAXml called for file: 1103. D24B16.XML, content length: 8827
Starting parsing.. Size: 8852
Using xml2js for smaller file
parseCOAXml called for file: 1103. D25A38.XML, content length: 8621
Starting parsing.. Size: 8646
Using xml2js for smaller file
parseCOAXml called for file: 1103. N24B24 SHINE EYE DROPS 10ML(NP).XML, content length: 16772
Starting parsing.. Size: 16799
Using xml2js for smaller file
parseCOAXml called for file: 1103. N25J06.XML, content length: 18024
Starting parsing.. Size: 18051
Using xml2js for smaller file
parseCOAXml called for file: 1104. D24B17.XML, content length: 8554
Starting parsing.. Size: 8579
Using xml2js for smaller file
parseCOAXml called for file: 1104. I362.XML, content length: 7348
Starting parsing.. Size: 7373
Using xml2js for smaller file
parseCOAXml called for file: 1104. N24B24 ACRYTEAR EYE DROPS 10ML(NP).XML, content length: 16779
Starting parsing.. Size: 16806
Using xml2js for smaller file
parseCOAXml called for file: 1104. PS25167.XML, content length: 17766
Starting parsing.. Size: 17793
Using xml2js for smaller file
parseCOAXml called for file: 1105. N24B24 EASIFRESH EYE DROPS 10ML (ANGOLA)NP.XML, content length: 16791
Starting parsing.. Size: 16818
Using xml2js for smaller file
parseCOAXml called for file: 1105. N25A36.XML, content length: 9717
Starting parsing.. Size: 9742
Using xml2js for smaller file
parseCOAXml called for file: 1105. PS24024.XML, content length: 7866
Starting parsing.. Size: 7891
Using xml2js for smaller file
parseCOAXml called for file: 1105. PS25168.XML, content length: 17766
Starting parsing.. Size: 17793
Using xml2js for smaller file
parseCOAXml called for file: 1106. 5J09.XML, content length: 17328
Starting parsing.. Size: 17365
Using xml2js for smaller file
parseCOAXml called for file: 1106. N24B25.XML, content length: 16122
Starting parsing.. Size: 16149
Using xml2js for smaller file
parseCOAXml called for file: 1106. PS24025.XML, content length: 7866
Starting parsing.. Size: 7891
Using xml2js for smaller file
parseCOAXml called for file: 1106. PS25030.XML, content length: 7769
Starting parsing.. Size: 7794
Using xml2js for smaller file
parseCOAXml called for file: 1107. 4B09.XML, content length: 7330
Starting parsing.. Size: 7355
Using xml2js for smaller file
parseCOAXml called for file: 1107. N24C01 AMFINAC OD EYE DROPS 3ML (NP).XML, content length: 33117
Starting parsing.. Size: 33156
Using xml2js for smaller file
parseCOAXml called for file: 1107. N25J07.XML, content length: 18025
Starting parsing.. Size: 18052
Using xml2js for smaller file
parseCOAXml called for file: 1107. PS25031.XML, content length: 7770
Starting parsing.. Size: 7795
Using xml2js for smaller file
parseCOAXml called for file: 1108. D24B18.XML, content length: 8658
Starting parsing.. Size: 8683
Using xml2js for smaller file
parseCOAXml called for file: 1108. D25A39.XML, content length: 9507
Starting parsing.. Size: 9532
Using xml2js for smaller file
parseCOAXml called for file: 1108. N24C01 IO-NEPA OD EYE DROPS 3ML (NP).XML, content length: 33120
Starting parsing.. Size: 33159
Using xml2js for smaller file
parseCOAXml called for file: 1108. PS25159.XML, content length: 17764
Starting parsing.. Size: 17791
Using xml2js for smaller file
parseCOAXml called for file: 1109. D25A40.XML, content length: 8654
Starting parsing.. Size: 8679
Using xml2js for smaller file
parseCOAXml called for file: 1109. IS0014B.XML, content length: 11528
Starting parsing.. Size: 11555
Using xml2js for smaller file
parseCOAXml called for file: 1109. N24C01 NEPAGRIP OD EYE DROPS 3ML(NP).XML, content length: 33121
Starting parsing.. Size: 33160
Using xml2js for smaller file
parseCOAXml called for file: 1109. PS25170.XML, content length: 17765
Starting parsing.. Size: 17792
Using xml2js for smaller file
parseCOAXml called for file: 111. 4F11 hype 6.XML, content length: 16769
Starting parsing.. Size: 16804
Using xml2js for smaller file
parseCOAXml called for file: 111. D25D09.XML, content length: 17909
Starting parsing.. Size: 17936
Using xml2js for smaller file
parseCOAXml called for file: 111. D26A21_SCILUBE EYE DROPS 10ML.XML, content length: 19633
Starting parsing.. Size: 19660
Using xml2js for smaller file
parseCOAXml called for file: 111. N25C01 copy.XML, content length: 14969
Starting parsing.. Size: 14996
Using xml2js for smaller file
parseCOAXml called for file: 111. N25C01.XML, content length: 6648
Starting parsing.. Size: 6673
Using xml2js for smaller file
parseCOAXml called for file: 111. N26A21.XML, content length: 8722
Starting parsing.. Size: 8747
Using xml2js for smaller file
parseCOAXml called for file: 111. PS24073.XML, content length: 7865
Starting parsing.. Size: 7890
Using xml2js for smaller file
parseCOAXml called for file: 111. RI519.XML, content length: 8490
Starting parsing.. Size: 8515
Using xml2js for smaller file
parseCOAXml called for file: 1110. 4B10.XML, content length: 7330
Starting parsing.. Size: 7355
Using xml2js for smaller file
parseCOAXml called for file: 1110. 5J10.XML, content length: 17328
Starting parsing.. Size: 17365
Using xml2js for smaller file
parseCOAXml called for file: 1110. N24C01 NEPAONCE EYE DROPS 3ML(NP).XML, content length: 33103
Starting parsing.. Size: 33142
Using xml2js for smaller file
parseCOAXml called for file: 1110. N25A37.XML, content length: 8618
Starting parsing.. Size: 8643
Using xml2js for smaller file
parseCOAXml called for file: 1111. D24B19.XML, content length: 8658
Starting parsing.. Size: 8683
Using xml2js for smaller file
parseCOAXml called for file: 1111. D25J14.XML, content length: 15914
Starting parsing.. Size: 15941
Using xml2js for smaller file
parseCOAXml called for file: 1111. N24C01 SCINEP OD EYE DROPS 3ML (NP).XML, content length: 33134
Starting parsing.. Size: 33173
Using xml2js for smaller file
parseCOAXml called for file: 1111. PS25032.XML, content length: 7769
Starting parsing.. Size: 7794
Using xml2js for smaller file
parseCOAXml called for file: 1112. 5B01.XML, content length: 8397
Starting parsing.. Size: 8422
Using xml2js for smaller file
parseCOAXml called for file: 1112. N24B17.XML, content length: 8529
Starting parsing.. Size: 8554
Using xml2js for smaller file
parseCOAXml called for file: 1112. N24C02 AMFINAC CS EYE DROPS 5ML(NP).XML, content length: 16026
Starting parsing.. Size: 16053
Using xml2js for smaller file
parseCOAXml called for file: 1112. N25J08.XML, content length: 18024
Starting parsing.. Size: 18051
Using xml2js for smaller file
parseCOAXml called for file: 1113. D25B01.XML, content length: 9781
Starting parsing.. Size: 9806
Using xml2js for smaller file
parseCOAXml called for file: 1113. N24C02 IO-NEPA CS EYE DROPS 5ML(NP).XML, content length: 16029
Starting parsing.. Size: 16056
Using xml2js for smaller file
parseCOAXml called for file: 1113. PS24026.XML, content length: 7866
Starting parsing.. Size: 7891
Using xml2js for smaller file
parseCOAXml called for file: 1113. PS25171.XML, content length: 17766
Starting parsing.. Size: 17793
Using xml2js for smaller file
parseCOAXml called for file: 1114. 4B11.XML, content length: 7330
Starting parsing.. Size: 7355
Using xml2js for smaller file
parseCOAXml called for file: 1114. D25B02.XML, content length: 8712
Starting parsing.. Size: 8737
Using xml2js for smaller file
parseCOAXml called for file: 1114. N24C03.XML, content length: 17328
Starting parsing.. Size: 17355
Using xml2js for smaller file
parseCOAXml called for file: 1114. PS25172.XML, content length: 17766
Starting parsing.. Size: 17793
Using xml2js for smaller file
parseCOAXml called for file: 1115. 5J11.XML, content length: 17327
Starting parsing.. Size: 17364
Using xml2js for smaller file
parseCOAXml called for file: 1115. D24B20.XML, content length: 8658
Starting parsing.. Size: 8683
Using xml2js for smaller file
parseCOAXml called for file: 1115. L1825001.XML, content length: 7388
Starting parsing.. Size: 7413
Using xml2js for smaller file
parseCOAXml called for file: 1115. N24C04 OPTILUBE ULTRA EYE DROPS 10ML(NP).XML, content length: 19617
Starting parsing.. Size: 19644
Using xml2js for smaller file
parseCOAXml called for file: 1116. D25J17.XML, content length: 19340
Starting parsing.. Size: 19367
Using xml2js for smaller file
parseCOAXml called for file: 1116. N24C04 SCILUBE ADVANCE EYE DROPS 10ML (NP).XML, content length: 19622
Starting parsing.. Size: 19649
Using xml2js for smaller file
parseCOAXml called for file: 1116. N25B01.XML, content length: 8437
Starting parsing.. Size: 8462
Using xml2js for smaller file
parseCOAXml called for file: 1116. PS24027.XML, content length: 7866
Starting parsing.. Size: 7891
Using xml2js for smaller file
parseCOAXml called for file: 1117. N24C05.XML, content length: 22610
Starting parsing.. Size: 22637
Using xml2js for smaller file
parseCOAXml called for file: 1117. N25B02.XML, content length: 8437
Starting parsing.. Size: 8462
Using xml2js for smaller file
parseCOAXml called for file: 1117. N25J09.XML, content length: 18024
Starting parsing.. Size: 18051
Using xml2js for smaller file
parseCOAXml called for file: 1117. PS24028.XML, content length: 7866
Starting parsing.. Size: 7891
Using xml2js for smaller file
parseCOAXml called for file: 1118. D24B21.XML, content length: 8730
Starting parsing.. Size: 8755
Using xml2js for smaller file
parseCOAXml called for file: 1118. N24C06.XML, content length: 14988
Starting parsing.. Size: 15015
Using xml2js for smaller file
parseCOAXml called for file: 1118. PS25033.XML, content length: 7770
Starting parsing.. Size: 7795
Using xml2js for smaller file
parseCOAXml called for file: 1118. PS25173.XML, content length: 17766
Starting parsing.. Size: 17793
Using xml2js for smaller file
parseCOAXml called for file: 1119. 5B02.XML, content length: 8576
Starting parsing.. Size: 8601
Using xml2js for smaller file
parseCOAXml called for file: 1119. N24B18.XML, content length: 8527
Starting parsing.. Size: 8552
Using xml2js for smaller file
parseCOAXml called for file: 1119. N24C07.XML, content length: 16782
Starting parsing.. Size: 16809
Using xml2js for smaller file
parseCOAXml called for file: 1119. PS25174.XML, content length: 17766
Starting parsing.. Size: 17793
Using xml2js for smaller file
parseCOAXml called for file: 112. 4F11.XML, content length: 16830
Starting parsing.. Size: 16865
Using xml2js for smaller file
parseCOAXml called for file: 112. D24E01.XML, content length: 8664
Starting parsing.. Size: 8689
Using xml2js for smaller file
parseCOAXml called for file: 112. D25C14 copy.XML, content length: 13615
Starting parsing.. Size: 13642
Using xml2js for smaller file
parseCOAXml called for file: 112. D25C14.XML, content length: 9472
Starting parsing.. Size: 9497
Using xml2js for smaller file
parseCOAXml called for file: 112. D26A22.XML, content length: 20949
Starting parsing.. Size: 20982
Using xml2js for smaller file
parseCOAXml called for file: 112. D26A37.XML, content length: 8436
Starting parsing.. Size: 8461
Using xml2js for smaller file
parseCOAXml called for file: 112. N25D13.XML, content length: 19589
Starting parsing.. Size: 19624
Using xml2js for smaller file
parseCOAXml called for file: 112. N25D21.XML, content length: 8447
Starting parsing.. Size: 8472
Using xml2js for smaller file
parseCOAXml called for file: 1120. 5J12.XML, content length: 17328
Starting parsing.. Size: 17365
Using xml2js for smaller file
parseCOAXml called for file: 1120. D25B03.XML, content length: 8667
Starting parsing.. Size: 8692
Using xml2js for smaller file
parseCOAXml called for file: 1120. N24C08 OPTILUBE EYE DROPS 10ML (SOC) NP.XML, content length: 19637
Starting parsing.. Size: 19664
Using xml2js for smaller file
parseCOAXml called for file: 1120. PS24029.XML, content length: 7866
Starting parsing.. Size: 7891
Using xml2js for smaller file
parseCOAXml called for file: 1121. CMA111.XML, content length: 9411
Starting parsing.. Size: 9436
Using xml2js for smaller file
parseCOAXml called for file: 1121. D25J18.XML, content length: 19346
Starting parsing.. Size: 19373
Using xml2js for smaller file
parseCOAXml called for file: 1121. N24C08 AAQULTRA ED10ML (MEDICAL DEVICE)NP.XML, content length: 19612
Starting parsing.. Size: 19639
Using xml2js for smaller file
parseCOAXml called for file: 1121. N25B03.XML, content length: 8437
Starting parsing.. Size: 8462
Using xml2js for smaller file
parseCOAXml called for file: 1122. 5B03.XML, content length: 7498
Starting parsing.. Size: 7523
Using xml2js for smaller file
parseCOAXml called for file: 1122. CMA112.XML, content length: 9412
Starting parsing.. Size: 9437
Using xml2js for smaller file
parseCOAXml called for file: 1122. N24C08  SCILUBE EYE DROPS 10ML(NP).XML, content length: 19620
Starting parsing.. Size: 19647
Using xml2js for smaller file
parseCOAXml called for file: 1122. N25J10.XML, content length: 18022
Starting parsing.. Size: 18049
Using xml2js for smaller file
parseCOAXml called for file: 1123. D24B22.XML, content length: 8731
Starting parsing.. Size: 8756
Using xml2js for smaller file
parseCOAXml called for file: 1123. D25B04.XML, content length: 8664
Starting parsing.. Size: 8689
Using xml2js for smaller file
parseCOAXml called for file: 1123. N24C09.XML, content length: 17910
Starting parsing.. Size: 17937
Using xml2js for smaller file
parseCOAXml called for file: 1123. N25J11.XML, content length: 18431
Starting parsing.. Size: 18458
Using xml2js for smaller file
parseCOAXml called for file: 1124. N24B19.XML, content length: 8530
Starting parsing.. Size: 8555
Using xml2js for smaller file
parseCOAXml called for file: 1124. N24C10.XML, content length: 17910
Starting parsing.. Size: 17937
Using xml2js for smaller file
parseCOAXml called for file: 1124. N25B04.XML, content length: 9642
Starting parsing.. Size: 9667
Using xml2js for smaller file
parseCOAXml called for file: 1124. PS25175.XML, content length: 17766
Starting parsing.. Size: 17793
Using xml2js for smaller file
parseCOAXml called for file: 1125. 5J13.XML, content length: 17327
Starting parsing.. Size: 17364
Using xml2js for smaller file
parseCOAXml called for file: 1125. N24C11.XML, content length: 16807
Starting parsing.. Size: 16834
Using xml2js for smaller file
parseCOAXml called for file: 1125. PS24030.XML, content length: 7866
Starting parsing.. Size: 7891
Using xml2js for smaller file
parseCOAXml called for file: 1125. PS25034.XML, content length: 7770
Starting parsing.. Size: 7795
Using xml2js for smaller file
parseCOAXml called for file: 1126. CMA113.XML, content length: 9413
Starting parsing.. Size: 9438
Using xml2js for smaller file
parseCOAXml called for file: 1126. D25J19.XML, content length: 15928
Starting parsing.. Size: 15955
Using xml2js for smaller file
parseCOAXml called for file: 1126. N24C12 AAPROMEL ED 10ML(MEDICAL DEVICE)NP.XML, content length: 16807
Starting parsing.. Size: 16834
Using xml2js for smaller file
parseCOAXml called for file: 1126. PS25035.XML, content length: 7769
Starting parsing.. Size: 7794
Using xml2js for smaller file
parseCOAXml called for file: 1127. CMA114.XML, content length: 9412
Starting parsing.. Size: 9437
Using xml2js for smaller file
parseCOAXml called for file: 1127. D25B05.XML, content length: 8823
Starting parsing.. Size: 8848
Using xml2js for smaller file
parseCOAXml called for file: 1127. N24C12.XML, content length: 16810
Starting parsing.. Size: 16837
Using xml2js for smaller file
parseCOAXml called for file: 1127. N25J12.XML, content length: 18433
Starting parsing.. Size: 18460
Using xml2js for smaller file
parseCOAXml called for file: 1128. D25B06.XML, content length: 8683
Starting parsing.. Size: 8708
Using xml2js for smaller file
parseCOAXml called for file: 1128. N24B20.XML, content length: 8530
Starting parsing.. Size: 8555
Using xml2js for smaller file
parseCOAXml called for file: 1128. N24C13.XML, content length: 16810
Starting parsing.. Size: 16837
Using xml2js for smaller file
parseCOAXml called for file: 1128. UC25007.XML, content length: 13390
Starting parsing.. Size: 13417
Using xml2js for smaller file
parseCOAXml called for file: 1129. CMA115.XML, content length: 9411
Starting parsing.. Size: 9436
Using xml2js for smaller file
parseCOAXml called for file: 1129. D25J21.XML, content length: 18344
Starting parsing.. Size: 18371
Using xml2js for smaller file
parseCOAXml called for file: 1129. N24C14.XML, content length: 18530
Starting parsing.. Size: 18557
Using xml2js for smaller file
parseCOAXml called for file: 1129. N25B05.XML, content length: 8679
Starting parsing.. Size: 8704
Using xml2js for smaller file
parseCOAXml called for file: 113. 4F12.XML, content length: 17393
Starting parsing.. Size: 17428
Using xml2js for smaller file
parseCOAXml called for file: 113. D25C16 copy.XML, content length: 18058
Starting parsing.. Size: 18085
Using xml2js for smaller file
parseCOAXml called for file: 113. D25C16.XML, content length: 9449
Starting parsing.. Size: 9474
Using xml2js for smaller file
parseCOAXml called for file: 113. D26A23_BREEMOL-T EYE DROPS 5ML.XML, content length: 16084
Starting parsing.. Size: 16111
Using xml2js for smaller file
parseCOAXml called for file: 113. D26A38.XML, content length: 8641
Starting parsing.. Size: 8666
Using xml2js for smaller file
parseCOAXml called for file: 113. N24E01.XML, content length: 8638
Starting parsing.. Size: 8663
Using xml2js for smaller file
parseCOAXml called for file: 113. N25D13.XML, content length: 19575
Starting parsing.. Size: 19610
Using xml2js for smaller file
parseCOAXml called for file: 113. RI520.XML, content length: 8490
Starting parsing.. Size: 8515
Using xml2js for smaller file
parseCOAXml called for file: 1130. D25J21.XML, content length: 18334
Starting parsing.. Size: 18361
Using xml2js for smaller file
parseCOAXml called for file: 1130. N24B21.XML, content length: 6675
Starting parsing.. Size: 6700
Using xml2js for smaller file
parseCOAXml called for file: 1130. N24C15.XML, content length: 18529
Starting parsing.. Size: 18556
Using xml2js for smaller file
parseCOAXml called for file: 1130. N25B06.XML, content length: 8567
Starting parsing.. Size: 8592
Using xml2js for smaller file
parseCOAXml called for file: 1131. N24C16.XML, content length: 18479
Starting parsing.. Size: 18506
Using xml2js for smaller file
parseCOAXml called for file: 1131. N25J13.XML, content length: 19480
Starting parsing.. Size: 19513
Using xml2js for smaller file
parseCOAXml called for file: 1131. PS24031.XML, content length: 7866
Starting parsing.. Size: 7891
Using xml2js for smaller file
parseCOAXml called for file: 1131. PS25036.XML, content length: 7770
Starting parsing.. Size: 7795
Using xml2js for smaller file
parseCOAXml called for file: 1132. GP162.XML, content length: 8716
Starting parsing.. Size: 8741
Using xml2js for smaller file
parseCOAXml called for file: 1132. N24C17.XML, content length: 19012
Starting parsing.. Size: 19045
Using xml2js for smaller file
parseCOAXml called for file: 1132. N25J14.XML, content length: 18433
Starting parsing.. Size: 18460
Using xml2js for smaller file
parseCOAXml called for file: 1132. PS24032.XML, content length: 7866
Starting parsing.. Size: 7891
Using xml2js for smaller file
parseCOAXml called for file: 1133. 5J14.XML, content length: 18670
Starting parsing.. Size: 18707
Using xml2js for smaller file
parseCOAXml called for file: 1133. CMA116.XML, content length: 9410
Starting parsing.. Size: 9435
Using xml2js for smaller file
parseCOAXml called for file: 1133. D25B07.XML, content length: 8735
Starting parsing.. Size: 8760
Using xml2js for smaller file
parseCOAXml called for file: 1133. N24C18.XML, content length: 19237
Starting parsing.. Size: 19270
Using xml2js for smaller file
parseCOAXml called for file: 1134. CMA117.XML, content length: 9411
Starting parsing.. Size: 9436
Using xml2js for smaller file
parseCOAXml called for file: 1134. D25B08.XML, content length: 10419
Starting parsing.. Size: 10446
Using xml2js for smaller file
parseCOAXml called for file: 1134. D25J22.XML, content length: 15912
Starting parsing.. Size: 15939
Using xml2js for smaller file
parseCOAXml called for file: 1134. N24C19.XML, content length: 19237
Starting parsing.. Size: 19270
Using xml2js for smaller file
parseCOAXml called for file: 1135. D24B25.XML, content length: 8441
Starting parsing.. Size: 8466
Using xml2js for smaller file
parseCOAXml called for file: 1135. D25J23.XML, content length: 19488
Starting parsing.. Size: 19521
Using xml2js for smaller file
parseCOAXml called for file: 1135. I363.XML, content length: 7269
Starting parsing.. Size: 7294
Using xml2js for smaller file
parseCOAXml called for file: 1135. N24C20.XML, content length: 16871
Starting parsing.. Size: 16900
Using xml2js for smaller file
parseCOAXml called for file: 1136. D24B26.XML, content length: 8664
Starting parsing.. Size: 8689
Using xml2js for smaller file
parseCOAXml called for file: 1136. N24D01.XML, content length: 35641
Starting parsing.. Size: 35668
Using xml2js for smaller file
parseCOAXml called for file: 1136. N25B08.XML, content length: 8717
Starting parsing.. Size: 8742
Using xml2js for smaller file
parseCOAXml called for file: 1136. N25J15.XML, content length: 18427
Starting parsing.. Size: 18454
Using xml2js for smaller file
parseCOAXml called for file: 1137. D25B09.XML, content length: 8667
Starting parsing.. Size: 8692
Using xml2js for smaller file
parseCOAXml called for file: 1137. N24B22.XML, content length: 8990
Starting parsing.. Size: 9015
Using xml2js for smaller file
parseCOAXml called for file: 1137. N24D02.XML, content length: 18765
Starting parsing.. Size: 18792
Using xml2js for smaller file
parseCOAXml called for file: 1137. PS25176.XML, content length: 17766
Starting parsing.. Size: 17793
Using xml2js for smaller file
parseCOAXml called for file: 1138. D25B10.XML, content length: 9802
Starting parsing.. Size: 9827
Using xml2js for smaller file
parseCOAXml called for file: 1138. N24D04.XML, content length: 13530
Starting parsing.. Size: 13557
Using xml2js for smaller file
parseCOAXml called for file: 1138. PS24033.XML, content length: 7866
Starting parsing.. Size: 7891
Using xml2js for smaller file
parseCOAXml called for file: 1138. PS25177.XML, content length: 17766
Starting parsing.. Size: 17793
Using xml2js for smaller file
parseCOAXml called for file: 1139. 5J15.XML, content length: 15667
Starting parsing.. Size: 15694
Using xml2js for smaller file
parseCOAXml called for file: 1139. CMA118.XML, content length: 9412
Starting parsing.. Size: 9437
Using xml2js for smaller file
parseCOAXml called for file: 1139. D25B11.XML, content length: 9701
Starting parsing.. Size: 9726
Using xml2js for smaller file
parseCOAXml called for file: 1139. N24D05.XML, content length: 16169
Starting parsing.. Size: 16196
Using xml2js for smaller file
parseCOAXml called for file: 114. 4G01.XML, content length: 17534
Starting parsing.. Size: 17571
Using xml2js for smaller file
parseCOAXml called for file: 114. 5C04 copy.XML, content length: 16985
Starting parsing.. Size: 17020
Using xml2js for smaller file
parseCOAXml called for file: 114. 5C04.XML, content length: 7323
Starting parsing.. Size: 7348
Using xml2js for smaller file
parseCOAXml called for file: 114. 5D13.XML, content length: 7361
Starting parsing.. Size: 7386
Using xml2js for smaller file
parseCOAXml called for file: 114. D26A23_BRIMLOC T EYE DROPS 5ML.XML, content length: 16079
Starting parsing.. Size: 16106
Using xml2js for smaller file
parseCOAXml called for file: 114. I430.XML, content length: 8434
Starting parsing.. Size: 8459
Using xml2js for smaller file
parseCOAXml called for file: 114. N25D13.XML, content length: 19574
Starting parsing.. Size: 19609
Using xml2js for smaller file
parseCOAXml called for file: 114. PS24074.XML, content length: 7865
Starting parsing.. Size: 7890
Using xml2js for smaller file
parseCOAXml called for file: 1140. 5J15.XML, content length: 15640
Starting parsing.. Size: 15667
Using xml2js for smaller file
parseCOAXml called for file: 1140. CMA119.XML, content length: 9412
Starting parsing.. Size: 9437
Using xml2js for smaller file
parseCOAXml called for file: 1140. I364.XML, content length: 7347
Starting parsing.. Size: 7372
Using xml2js for smaller file
parseCOAXml called for file: 1140. N24D06 HYLOWELL EYE DROPS 10ML (NP).XML, content length: 16149
Starting parsing.. Size: 16176
Using xml2js for smaller file
parseCOAXml called for file: 1141. D25B12.XML, content length: 10627
Starting parsing.. Size: 10652
Using xml2js for smaller file
parseCOAXml called for file: 1141. D25J24.XML, content length: 15917
Starting parsing.. Size: 15944
Using xml2js for smaller file
parseCOAXml called for file: 1141. N24B23.XML, content length: 8325
Starting parsing.. Size: 8350
Using xml2js for smaller file
parseCOAXml called for file: 1141. N24D06 AAQEYE HA 0.1% ED 10ML(MED.DIV) NP.XML, content length: 16166
Starting parsing.. Size: 16193
Using xml2js for smaller file
parseCOAXml called for file: 1142. D25B13.XML, content length: 10629
Starting parsing.. Size: 10654
Using xml2js for smaller file
parseCOAXml called for file: 1142. D25J25.XML, content length: 19636
Starting parsing.. Size: 19663
Using xml2js for smaller file
parseCOAXml called for file: 1142. N24D07.XML, content length: 19574
Starting parsing.. Size: 19601
Using xml2js for smaller file
parseCOAXml called for file: 1142. PS24034.XML, content length: 7866
Starting parsing.. Size: 7891
Using xml2js for smaller file
parseCOAXml called for file: 1143. I365.XML, content length: 7340
Starting parsing.. Size: 7365
Using xml2js for smaller file
parseCOAXml called for file: 1143. N24D08 OPTHO-LIQUE ED 10ML(MED.DEV)NP.XML, content length: 19401
Starting parsing.. Size: 19428
Using xml2js for smaller file
parseCOAXml called for file: 1143. N25J16.XML, content length: 15981
Starting parsing.. Size: 16008
Using xml2js for smaller file
parseCOAXml called for file: 1143. PS24035.XML, content length: 7866
Starting parsing.. Size: 7891
Using xml2js for smaller file
parseCOAXml called for file: 1144. 4B12.XML, content length: 8286
Starting parsing.. Size: 8311
Using xml2js for smaller file
parseCOAXml called for file: 1144. N24D08 OPTIFRRESH EYE DROPS 10ML(ANGOLA)NP.XML, content length: 19323
Starting parsing.. Size: 19350
Using xml2js for smaller file
parseCOAXml called for file: 1144. PS25178.XML, content length: 17766
Starting parsing.. Size: 17793
Using xml2js for smaller file
parseCOAXml called for file: 1144. UC25001.XML, content length: 6558
Starting parsing.. Size: 6583
Using xml2js for smaller file
parseCOAXml called for file: 1145. D24B27.XML, content length: 8664
Starting parsing.. Size: 8689
Using xml2js for smaller file
parseCOAXml called for file: 1145. D25B14.XML, content length: 8654
Starting parsing.. Size: 8679
Using xml2js for smaller file
parseCOAXml called for file: 1145. N24D09  SCIFRESH GEL EYE DROPS 10ML(NP).XML, content length: 17836
Starting parsing.. Size: 17863
Using xml2js for smaller file
parseCOAXml called for file: 1145. PS25179.XML, content length: 17766
Starting parsing.. Size: 17793
Using xml2js for smaller file
parseCOAXml called for file: 1146. D25J26.XML, content length: 16758
Starting parsing.. Size: 16785
Using xml2js for smaller file
parseCOAXml called for file: 1146. I366.XML, content length: 8321
Starting parsing.. Size: 8346
Using xml2js for smaller file
parseCOAXml called for file: 1146. N24B24.XML, content length: 8653
Starting parsing.. Size: 8678
Using xml2js for smaller file
parseCOAXml called for file: 1146. N24D09 OPTHO-LIQUE FORTE ED10ML(MED.DEV.XML, content length: 19329
Starting parsing.. Size: 19356
Using xml2js for smaller file
parseCOAXml called for file: 1147. D25J27.XML, content length: 22480
Starting parsing.. Size: 22507
Using xml2js for smaller file
parseCOAXml called for file: 1147. N24D10 AACEDEM 5% ED 10ML(MEDICALDEVICE)NP.XML, content length: 16782
Starting parsing.. Size: 16809
Using xml2js for smaller file
parseCOAXml called for file: 1147. PS24036.XML, content length: 7866
Starting parsing.. Size: 7891
Using xml2js for smaller file
parseCOAXml called for file: 1147. PZ25001.XML, content length: 7757
Starting parsing.. Size: 7782
Using xml2js for smaller file
parseCOAXml called for file: 1148. 5B04.XML, content length: 7481
Starting parsing.. Size: 7506
Using xml2js for smaller file
parseCOAXml called for file: 1148. D24B28.XML, content length: 8563
Starting parsing.. Size: 8588
Using xml2js for smaller file
parseCOAXml called for file: 1148. N24D10 HYPE-5 EYE DROPS 10ML (NP).XML, content length: 16767
Starting parsing.. Size: 16794
Using xml2js for smaller file
parseCOAXml called for file: 1148. PS25180.XML, content length: 17766
Starting parsing.. Size: 17793
Using xml2js for smaller file
parseCOAXml called for file: 1149. 5J16.XML, content length: 18622
Starting parsing.. Size: 18661
Using xml2js for smaller file
parseCOAXml called for file: 1149. D24B29.XML, content length: 9901
Starting parsing.. Size: 9926
Using xml2js for smaller file
parseCOAXml called for file: 1149. D25B15.XML, content length: 8730
Starting parsing.. Size: 8755
Using xml2js for smaller file
parseCOAXml called for file: 1149. N24D11 SOLUNEP EYE DROPS 5ML (SOC) NP.XML, content length: 17338
Starting parsing.. Size: 17371
Using xml2js for smaller file
  ...750 COA files processed (created 745)
parseCOAXml called for file: 115. 4G02.XML, content length: 17434
Starting parsing.. Size: 17469
Using xml2js for smaller file
parseCOAXml called for file: 115. D25C35 copy.XML, content length: 15928
Starting parsing.. Size: 15955
Using xml2js for smaller file
parseCOAXml called for file: 115. D25C35.XML, content length: 7642
Starting parsing.. Size: 7667
Using xml2js for smaller file
parseCOAXml called for file: 115. D25D21.XML, content length: 8408
Starting parsing.. Size: 8433
Using xml2js for smaller file
parseCOAXml called for file: 115. D26A24_INEPAC EYE DROPS 5ML.XML, content length: 20945
Starting parsing.. Size: 20978
Using xml2js for smaller file
parseCOAXml called for file: 115. N24E02.XML, content length: 8635
Starting parsing.. Size: 8660
Using xml2js for smaller file
parseCOAXml called for file: 115. N25D13.XML, content length: 19580
Starting parsing.. Size: 19615
Using xml2js for smaller file
parseCOAXml called for file: 115. N26A22.XML, content length: 8429
Starting parsing.. Size: 8454
Using xml2js for smaller file
parseCOAXml called for file: 1150. D25B16.XML, content length: 10780
Starting parsing.. Size: 10807
Using xml2js for smaller file
parseCOAXml called for file: 1150. N24B25.XML, content length: 8424
Starting parsing.. Size: 8449
Using xml2js for smaller file
parseCOAXml called for file: 1150. N24D11 NEYPAC EYE DROPS 5ML(NP).XML, content length: 17333
Starting parsing.. Size: 17366
Using xml2js for smaller file
parseCOAXml called for file: 1150. N25J17.XML, content length: 17048
Starting parsing.. Size: 17075
Using xml2js for smaller file
parseCOAXml called for file: 1151. N24D11 NEYPAC EYE DROPS 2.5ML P.S(NP).XML, content length: 17357
Starting parsing.. Size: 17390
Using xml2js for smaller file
parseCOAXml called for file: 1151. N25B12.XML, content length: 9497
Starting parsing.. Size: 9522
Using xml2js for smaller file
parseCOAXml called for file: 1151. N25J17.XML, content length: 17019
Starting parsing.. Size: 17046
Using xml2js for smaller file
parseCOAXml called for file: 1151. PS24037.XML, content length: 7866
Starting parsing.. Size: 7891
Using xml2js for smaller file
parseCOAXml called for file: 1152. 4C01.XML, content length: 8578
Starting parsing.. Size: 8603
Using xml2js for smaller file
parseCOAXml called for file: 1152. 5J17.XML, content length: 17511
Starting parsing.. Size: 17548
Using xml2js for smaller file
parseCOAXml called for file: 1152. N24D11 NEPANEXT EYE DROPS 5ML (NP) SOC.XML, content length: 17339
Starting parsing.. Size: 17372
Using xml2js for smaller file
parseCOAXml called for file: 1152. N25B13.XML, content length: 9497
Starting parsing.. Size: 9522
Using xml2js for smaller file
parseCOAXml called for file: 1153. D24C01.XML, content length: 8479
Starting parsing.. Size: 8504
Using xml2js for smaller file
parseCOAXml called for file: 1153. D25B17.XML, content length: 8811
Starting parsing.. Size: 8836
Using xml2js for smaller file
parseCOAXml called for file: 1153. D25J28.XML, content length: 17324
Starting parsing.. Size: 17351
Using xml2js for smaller file
parseCOAXml called for file: 1153. N24D12.XML, content length: 26657
Starting parsing.. Size: 26690
Using xml2js for smaller file
parseCOAXml called for file: 1154. D25B18.XML, content length: 8616
Starting parsing.. Size: 8641
Using xml2js for smaller file
parseCOAXml called for file: 1154. D25J28.XML, content length: 17315
Starting parsing.. Size: 17342
Using xml2js for smaller file
parseCOAXml called for file: 1154. N24C01.XML, content length: 8626
Starting parsing.. Size: 8651
Using xml2js for smaller file
parseCOAXml called for file: 1154. N24D13.XML, content length: 26637
Starting parsing.. Size: 26670
Using xml2js for smaller file
parseCOAXml called for file: 1155. N24D14.XML, content length: 26630
Starting parsing.. Size: 26663
Using xml2js for smaller file
parseCOAXml called for file: 1155. N25B14.XML, content length: 9639
Starting parsing.. Size: 9664
Using xml2js for smaller file
parseCOAXml called for file: 1155. N25J18.XML, content length: 21133
Starting parsing.. Size: 21160
Using xml2js for smaller file
parseCOAXml called for file: 1155. PS24038.XML, content length: 7866
Starting parsing.. Size: 7891
Using xml2js for smaller file
parseCOAXml called for file: 1156. AI073.XML, content length: 5548
Starting parsing.. Size: 5573
Using xml2js for smaller file
parseCOAXml called for file: 1156. N24D15.XML, content length: 26637
Starting parsing.. Size: 26670
Using xml2js for smaller file
parseCOAXml called for file: 1156. PS24039.XML, content length: 7866
Starting parsing.. Size: 7891
Using xml2js for smaller file
parseCOAXml called for file: 1156. PS25181.XML, content length: 17766
Starting parsing.. Size: 17793
Using xml2js for smaller file
parseCOAXml called for file: 1157. 4C02.XML, content length: 8576
Starting parsing.. Size: 8601
Using xml2js for smaller file
parseCOAXml called for file: 1157. 5J18.XML, content length: 17044
Starting parsing.. Size: 17071
Using xml2js for smaller file
parseCOAXml called for file: 1157. D25B19.XML, content length: 10525
Starting parsing.. Size: 10552
Using xml2js for smaller file
parseCOAXml called for file: 1157. N24D16.XML, content length: 26631
Starting parsing.. Size: 26664
Using xml2js for smaller file
parseCOAXml called for file: 1158. D24C03.XML, content length: 10836
Starting parsing.. Size: 10863
Using xml2js for smaller file
parseCOAXml called for file: 1158. D25B20.XML, content length: 8654
Starting parsing.. Size: 8679
Using xml2js for smaller file
parseCOAXml called for file: 1158. D25J29.XML, content length: 18285
Starting parsing.. Size: 18312
Using xml2js for smaller file
parseCOAXml called for file: 1158. N24D17.XML, content length: 15735
Starting parsing.. Size: 15762
Using xml2js for smaller file
parseCOAXml called for file: 1159. D25B21.XML, content length: 10832
Starting parsing.. Size: 10859
Using xml2js for smaller file
parseCOAXml called for file: 1159. D25J29.XML, content length: 18248
Starting parsing.. Size: 18275
Using xml2js for smaller file
parseCOAXml called for file: 1159. N24C02.XML, content length: 8656
Starting parsing.. Size: 8681
Using xml2js for smaller file
parseCOAXml called for file: 1159. N24D18.XML, content length: 15747
Starting parsing.. Size: 15774
Using xml2js for smaller file
parseCOAXml called for file: 116. 4G03.XML, content length: 17430
Starting parsing.. Size: 17465
Using xml2js for smaller file
parseCOAXml called for file: 116. D26A24_IO-NEPA EYE DROPS 5ML.XML, content length: 32662
Starting parsing.. Size: 32701
Using xml2js for smaller file
parseCOAXml called for file: 116. N25C22 copy.XML, content length: 16751
Starting parsing.. Size: 16778
Using xml2js for smaller file
parseCOAXml called for file: 116. N25C22.XML, content length: 9540
Starting parsing.. Size: 9565
Using xml2js for smaller file
parseCOAXml called for file: 116. N25D22.XML, content length: 8398
Starting parsing.. Size: 8423
Using xml2js for smaller file
parseCOAXml called for file: 116. N26A23.XML, content length: 8429
Starting parsing.. Size: 8454
Using xml2js for smaller file
parseCOAXml called for file: 116. PS24075.XML, content length: 7865
Starting parsing.. Size: 7890
Using xml2js for smaller file
parseCOAXml called for file: 116. PS25039.XML, content length: 17769
Starting parsing.. Size: 17796
Using xml2js for smaller file
parseCOAXml called for file: 1160. D24C04.XML, content length: 8658
Starting parsing.. Size: 8683
Using xml2js for smaller file
parseCOAXml called for file: 1160. N24D19.XML, content length: 16106
Starting parsing.. Size: 16133
Using xml2js for smaller file
parseCOAXml called for file: 1160. N25B16.XML, content length: 8635
Starting parsing.. Size: 8660
Using xml2js for smaller file
parseCOAXml called for file: 1160. N25J19.XML, content length: 20954
Starting parsing.. Size: 20987
Using xml2js for smaller file
parseCOAXml called for file: 1161. D25B22.XML, content length: 8654
Starting parsing.. Size: 8679
Using xml2js for smaller file
parseCOAXml called for file: 1161. N24D20.XML, content length: 22903
Starting parsing.. Size: 22930
Using xml2js for smaller file
parseCOAXml called for file: 1161. PS24040.XML, content length: 7866
Starting parsing.. Size: 7891
Using xml2js for smaller file
parseCOAXml called for file: 1161. PS25182.XML, content length: 17766
Starting parsing.. Size: 17793
Using xml2js for smaller file
parseCOAXml called for file: 1162. D24C05.XML, content length: 8428
Starting parsing.. Size: 8453
Using xml2js for smaller file
parseCOAXml called for file: 1162. N24D21.XML, content length: 22903
Starting parsing.. Size: 22930
Using xml2js for smaller file
parseCOAXml called for file: 1162. N25B17.XML, content length: 8635
Starting parsing.. Size: 8660
Using xml2js for smaller file
parseCOAXml called for file: 1162. PS25183.XML, content length: 17766
Starting parsing.. Size: 17793
Using xml2js for smaller file
parseCOAXml called for file: 1163. 5B06.XML, content length: 8576
Starting parsing.. Size: 8601
Using xml2js for smaller file
parseCOAXml called for file: 1163. D24C06.XML, content length: 8642
Starting parsing.. Size: 8667
Using xml2js for smaller file
parseCOAXml called for file: 1163. N24D22.XML, content length: 22903
Starting parsing.. Size: 22930
Using xml2js for smaller file
parseCOAXml called for file: 1163. PS25184.XML, content length: 17767
Starting parsing.. Size: 17794
Using xml2js for smaller file
parseCOAXml called for file: 1164. 5J20.XML, content length: 17081
Starting parsing.. Size: 17108
Using xml2js for smaller file
parseCOAXml called for file: 1164. I323.XML, content length: 8444
Starting parsing.. Size: 8469
Using xml2js for smaller file
parseCOAXml called for file: 1164. N24D23 CROMYL EYE DROPS 5ML (NP).XML, content length: 16639
Starting parsing.. Size: 16666
Using xml2js for smaller file
parseCOAXml called for file: 1164. N25B18.XML, content length: 8635
Starting parsing.. Size: 8660
Using xml2js for smaller file
parseCOAXml called for file: 1165. D25B23.XML, content length: 8655
Starting parsing.. Size: 8680
Using xml2js for smaller file
parseCOAXml called for file: 1165. D25J32.XML, content length: 17265
Starting parsing.. Size: 17292
Using xml2js for smaller file
parseCOAXml called for file: 1165. N24C03.XML, content length: 8433
Starting parsing.. Size: 8458
Using xml2js for smaller file
parseCOAXml called for file: 1165. N24D23 VEZCROM 5ML (JAVIA) NP.XML, content length: 16619
Starting parsing.. Size: 16646
Using xml2js for smaller file
parseCOAXml called for file: 1166. D25J33.XML, content length: 15894
Starting parsing.. Size: 15921
Using xml2js for smaller file
parseCOAXml called for file: 1166. HI25B01.XML, content length: 5579
Starting parsing.. Size: 5604
Using xml2js for smaller file
parseCOAXml called for file: 1166. N24D24.XML, content length: 25291
Starting parsing.. Size: 25324
Using xml2js for smaller file
parseCOAXml called for file: 1166. PS24041.XML, content length: 7866
Starting parsing.. Size: 7891
Using xml2js for smaller file
parseCOAXml called for file: 1167. HI25J01.XML, content length: 14510
Starting parsing.. Size: 14537
Using xml2js for smaller file
parseCOAXml called for file: 1167. N24D25.XML, content length: 25291
Starting parsing.. Size: 25324
Using xml2js for smaller file
parseCOAXml called for file: 1167. N25B19.XML, content length: 8635
Starting parsing.. Size: 8660
Using xml2js for smaller file
parseCOAXml called for file: 1167. PS24042.XML, content length: 7866
Starting parsing.. Size: 7891
Using xml2js for smaller file
parseCOAXml called for file: 1168. 24AM02.XML, content length: 9856
Starting parsing.. Size: 9881
Using xml2js for smaller file
parseCOAXml called for file: 1168. 5B07.XML, content length: 7496
Starting parsing.. Size: 7521
Using xml2js for smaller file
parseCOAXml called for file: 1168. N24D26 MYTROPINE 5ML(NEW FAR EAST-MEDIKURE.XML, content length: 18741
Starting parsing.. Size: 18768
Using xml2js for smaller file
parseCOAXml called for file: 1168. N25J20.XML, content length: 31043
Starting parsing.. Size: 31070
Using xml2js for smaller file
parseCOAXml called for file: 1169. D24C07.XML, content length: 8470
Starting parsing.. Size: 8495
Using xml2js for smaller file
parseCOAXml called for file: 1169. D25B24.XML, content length: 8727
Starting parsing.. Size: 8752
Using xml2js for smaller file
parseCOAXml called for file: 1169. N24D26 MYTROPINE 10ML(NEW FAR EAST-MEDI)NP.XML, content length: 18750
Starting parsing.. Size: 18777
Using xml2js for smaller file
parseCOAXml called for file: 1169. N25J21.XML, content length: 22137
Starting parsing.. Size: 22164
Using xml2js for smaller file
parseCOAXml called for file: 117. 4G04.XML, content length: 17433
Starting parsing.. Size: 17468
Using xml2js for smaller file
parseCOAXml called for file: 117. D24E02.XML, content length: 8664
Starting parsing.. Size: 8689
Using xml2js for smaller file
parseCOAXml called for file: 117. D25D10.XML, content length: 17909
Starting parsing.. Size: 17936
Using xml2js for smaller file
parseCOAXml called for file: 117. D26A24_ONEPAC EYE DROPS 5ML.XML, content length: 20948
Starting parsing.. Size: 20981
Using xml2js for smaller file
parseCOAXml called for file: 117. D26A40.XML, content length: 10824
Starting parsing.. Size: 10849
Using xml2js for smaller file
parseCOAXml called for file: 117. N25A02 copy.XML, content length: 19386
Starting parsing.. Size: 19413
Using xml2js for smaller file
parseCOAXml called for file: 117. N25A02.XML, content length: 8505
Starting parsing.. Size: 8530
Using xml2js for smaller file
parseCOAXml called for file: 117. PS25049.XML, content length: 7747
Starting parsing.. Size: 7772
Using xml2js for smaller file
parseCOAXml called for file: 1170. 5J21.XML, content length: 17037
Starting parsing.. Size: 17064
Using xml2js for smaller file
parseCOAXml called for file: 1170. I324.XML, content length: 8444
Starting parsing.. Size: 8469
Using xml2js for smaller file
parseCOAXml called for file: 1170. N24D27.XML, content length: 16806
Starting parsing.. Size: 16833
Using xml2js for smaller file
parseCOAXml called for file: 1170. N25B20.XML, content length: 8633
Starting parsing.. Size: 8658
Using xml2js for smaller file
parseCOAXml called for file: 1171. 5J21.XML, content length: 17073
Starting parsing.. Size: 17100
Using xml2js for smaller file
parseCOAXml called for file: 1171. D25B25.XML, content length: 8727
Starting parsing.. Size: 8752
Using xml2js for smaller file
parseCOAXml called for file: 1171. L1824001.XML, content length: 5441
Starting parsing.. Size: 5466
Using xml2js for smaller file
parseCOAXml called for file: 1171. N24D28.XML, content length: 16805
Starting parsing.. Size: 16832
Using xml2js for smaller file
parseCOAXml called for file: 1172. 24AM03.XML, content length: 9856
Starting parsing.. Size: 9881
Using xml2js for smaller file
parseCOAXml called for file: 1172. D25J34.XML, content length: 19390
Starting parsing.. Size: 19417
Using xml2js for smaller file
parseCOAXml called for file: 1172. HI25B02.XML, content length: 5582
Starting parsing.. Size: 5607
Using xml2js for smaller file
parseCOAXml called for file: 1172. N24E01.XML, content length: 16810
Starting parsing.. Size: 16837
Using xml2js for smaller file
parseCOAXml called for file: 1173. B4C01.XML, content length: 6774
Starting parsing.. Size: 6799
Using xml2js for smaller file
parseCOAXml called for file: 1173. D25J34.XML, content length: 19351
Starting parsing.. Size: 19378
Using xml2js for smaller file
parseCOAXml called for file: 1173. N24E02.XML, content length: 17161
Starting parsing.. Size: 17194
Using xml2js for smaller file
parseCOAXml called for file: 1173. N25B22.XML, content length: 8861
Starting parsing.. Size: 8886
Using xml2js for smaller file
parseCOAXml called for file: 1174. D24C08.XML, content length: 9693
Starting parsing.. Size: 9718
Using xml2js for smaller file
parseCOAXml called for file: 1174. D25J34.XML, content length: 19247
Starting parsing.. Size: 19274
Using xml2js for smaller file
parseCOAXml called for file: 1174. N24E04 BRIMONID EYE DROPS 5ML P.S(NP).XML, content length: 16565
Starting parsing.. Size: 16592
Using xml2js for smaller file
parseCOAXml called for file: 1174. N25B23.XML, content length: 8823
Starting parsing.. Size: 8848
Using xml2js for smaller file
parseCOAXml called for file: 1175. 5B08.XML, content length: 7246
Starting parsing.. Size: 7271
Using xml2js for smaller file
parseCOAXml called for file: 1175. D24C09.XML, content length: 8767
Starting parsing.. Size: 8792
Using xml2js for smaller file
parseCOAXml called for file: 1175. N24E04 BRIMONID EYE DROPS 5ML(NP).XML, content length: 16563
Starting parsing.. Size: 16590
Using xml2js for smaller file
parseCOAXml called for file: 1175. N25J22.XML, content length: 18526
Starting parsing.. Size: 18553
Using xml2js for smaller file
parseCOAXml called for file: 1176. 5J22.XML, content length: 19309
Starting parsing.. Size: 19348
Using xml2js for smaller file
parseCOAXml called for file: 1176. D24C10.XML, content length: 10719
Starting parsing.. Size: 10744
Using xml2js for smaller file
parseCOAXml called for file: 1176. N24E05 BRIMOTIM PLUS EYE DROPS 5ML P.S(NP).XML, content length: 16322
Starting parsing.. Size: 16349
Using xml2js for smaller file
parseCOAXml called for file: 1176. N25B24.XML, content length: 10155
Starting parsing.. Size: 10180
Using xml2js for smaller file
parseCOAXml called for file: 1177. B5B01.XML, content length: 6756
Starting parsing.. Size: 6781
Using xml2js for smaller file
parseCOAXml called for file: 1177. B5J02.XML, content length: 14490
Starting parsing.. Size: 14517
Using xml2js for smaller file
parseCOAXml called for file: 1177. N24C04.XML, content length: 9854
Starting parsing.. Size: 9879
Using xml2js for smaller file
parseCOAXml called for file: 1177. N24E05 BRIMOTIM PLUS EYE DROPS 5ML(NP).XML, content length: 16308
Starting parsing.. Size: 16335
Using xml2js for smaller file
parseCOAXml called for file: 1178. 4C04.XML, content length: 7372
Starting parsing.. Size: 7397
Using xml2js for smaller file
parseCOAXml called for file: 1178. D25B28.XML, content length: 8455
Starting parsing.. Size: 8480
Using xml2js for smaller file
parseCOAXml called for file: 1178. D25J35.XML, content length: 19172
Starting parsing.. Size: 19199
Using xml2js for smaller file
parseCOAXml called for file: 1178. N24E06.XML, content length: 15979
Starting parsing.. Size: 16006
Using xml2js for smaller file
parseCOAXml called for file: 1179. 5B09.XML, content length: 9582
Starting parsing.. Size: 9607
Using xml2js for smaller file
parseCOAXml called for file: 1179. D24C11.XML, content length: 10719
Starting parsing.. Size: 10744
Using xml2js for smaller file
parseCOAXml called for file: 1179. D25J35.XML, content length: 19283
Starting parsing.. Size: 19310
Using xml2js for smaller file
parseCOAXml called for file: 1179. N24E07.XML, content length: 19302
Starting parsing.. Size: 19329
Using xml2js for smaller file
parseCOAXml called for file: 118. 4G05.XML, content length: 17431
Starting parsing.. Size: 17466
Using xml2js for smaller file
parseCOAXml called for file: 118. D24E03.XML, content length: 9677
Starting parsing.. Size: 9702
Using xml2js for smaller file
parseCOAXml called for file: 118. D25A05 copy.XML, content length: 31985
Starting parsing.. Size: 32012
Using xml2js for smaller file
parseCOAXml called for file: 118. D25A05.XML, content length: 8695
Starting parsing.. Size: 8720
Using xml2js for smaller file
parseCOAXml called for file: 118. D25D22.XML, content length: 8435
Starting parsing.. Size: 8460
Using xml2js for smaller file
parseCOAXml called for file: 118. D26A25.XML, content length: 19407
Starting parsing.. Size: 19434
Using xml2js for smaller file
parseCOAXml called for file: 118. I431.XML, content length: 8412
Starting parsing.. Size: 8437
Using xml2js for smaller file
parseCOAXml called for file: 118. N25D14.XML, content length: 21094
Starting parsing.. Size: 21121
Using xml2js for smaller file
parseCOAXml called for file: 1180. D25B29.XML, content length: 8708
Starting parsing.. Size: 8733
Using xml2js for smaller file
parseCOAXml called for file: 1180. D25J36.XML, content length: 15913
Starting parsing.. Size: 15940
Using xml2js for smaller file
parseCOAXml called for file: 1180. N24C05.XML, content length: 9582
Starting parsing.. Size: 9607
Using xml2js for smaller file
parseCOAXml called for file: 1180. N24E08  TOBOMAX EYE DROPS 5ML(NP).XML, content length: 17209
Starting parsing.. Size: 17236
Using xml2js for smaller file
parseCOAXml called for file: 1181. 4C05.XML, content length: 9595
Starting parsing.. Size: 9620
Using xml2js for smaller file
parseCOAXml called for file: 1181. N24E08 TOBRINE EYEEAR DROPS 5ML(NP).XML, content length: 17217
Starting parsing.. Size: 17244
Using xml2js for smaller file
parseCOAXml called for file: 1181. N25B25.XML, content length: 9575
Starting parsing.. Size: 9600
Using xml2js for smaller file
parseCOAXml called for file: 1181. N25J23.XML, content length: 18562
Starting parsing.. Size: 18589
Using xml2js for smaller file
parseCOAXml called for file: 1182. 5B10.XML, content length: 9581
Starting parsing.. Size: 9606
Using xml2js for smaller file
parseCOAXml called for file: 1182. D24C12.XML, content length: 10717
Starting parsing.. Size: 10742
Using xml2js for smaller file
parseCOAXml called for file: 1182. N24E08 TOBAREST EYE DROPS 5ML(NP).XML, content length: 17211
Starting parsing.. Size: 17238
Using xml2js for smaller file
parseCOAXml called for file: 1182. N25J23.XML, content length: 18395
Starting parsing.. Size: 18422
Using xml2js for smaller file
parseCOAXml called for file: 1183. 4C06.XML, content length: 7341
Starting parsing.. Size: 7366
Using xml2js for smaller file
parseCOAXml called for file: 1183. B5B02.XML, content length: 6755
Starting parsing.. Size: 6780
Using xml2js for smaller file
parseCOAXml called for file: 1183. D25K01.XML, content length: 19577
Starting parsing.. Size: 19610
Using xml2js for smaller file
parseCOAXml called for file: 1183. N24E09.XML, content length: 17333
Starting parsing.. Size: 17366
Using xml2js for smaller file
parseCOAXml called for file: 1184. D24C14.XML, content length: 9905
Starting parsing.. Size: 9930
Using xml2js for smaller file
parseCOAXml called for file: 1184. D25B31.XML, content length: 9859
Starting parsing.. Size: 9884
Using xml2js for smaller file
parseCOAXml called for file: 1184. D25K01.XML, content length: 19600
Starting parsing.. Size: 19633
Using xml2js for smaller file
parseCOAXml called for file: 1184. N24E10 NEPACUBE EYE DROPS 5ML(NP).XML, content length: 17339
Starting parsing.. Size: 17372
Using xml2js for smaller file
parseCOAXml called for file: 1185. 5K01.XML, content length: 17327
Starting parsing.. Size: 17364
Using xml2js for smaller file
parseCOAXml called for file: 1185. D25B32.XML, content length: 9514
Starting parsing.. Size: 9539
Using xml2js for smaller file
parseCOAXml called for file: 1185. N24E10 INEPAC EYE DROPS 5ML (NP).XML, content length: 17329
Starting parsing.. Size: 17362
Using xml2js for smaller file
parseCOAXml called for file: 1185. UC24004.XML, content length: 6557
Starting parsing.. Size: 6582
Using xml2js for smaller file
parseCOAXml called for file: 1186. D24C16.XML, content length: 9572
Starting parsing.. Size: 9597
Using xml2js for smaller file
parseCOAXml called for file: 1186. D25K02.XML, content length: 33557
Starting parsing.. Size: 33584
Using xml2js for smaller file
parseCOAXml called for file: 1186. N24E10 IO-NEPA EYE DROPS 5ML (SOC) (NP).XML, content length: 17346
Starting parsing.. Size: 17379
Using xml2js for smaller file
parseCOAXml called for file: 1186. N25B26.XML, content length: 9564
Starting parsing.. Size: 9589
Using xml2js for smaller file
parseCOAXml called for file: 1187. 24AM04.XML, content length: 7501
Starting parsing.. Size: 7526
Using xml2js for smaller file
parseCOAXml called for file: 1187. 5B11.XML, content length: 9582
Starting parsing.. Size: 9607
Using xml2js for smaller file
parseCOAXml called for file: 1187. N24E10 VALNEP EYE DROPS 5ML (SOC)NP.XML, content length: 17332
Starting parsing.. Size: 17365
Using xml2js for smaller file
parseCOAXml called for file: 1187. N25K02.XML, content length: 16971
Starting parsing.. Size: 16998
Using xml2js for smaller file
parseCOAXml called for file: 1188. 5K02.XML, content length: 17327
Starting parsing.. Size: 17364
Using xml2js for smaller file
parseCOAXml called for file: 1188. B5B03.XML, content length: 5581
Starting parsing.. Size: 5606
Using xml2js for smaller file
parseCOAXml called for file: 1188. D24C17.XML, content length: 9800
Starting parsing.. Size: 9825
Using xml2js for smaller file
parseCOAXml called for file: 1188. N24E11.XML, content length: 19540
Starting parsing.. Size: 19567
Using xml2js for smaller file
parseCOAXml called for file: 1189. B5K01.XML, content length: 13341
Starting parsing.. Size: 13368
Using xml2js for smaller file
parseCOAXml called for file: 1189. D24C18.XML, content length: 9805
Starting parsing.. Size: 9830
Using xml2js for smaller file
parseCOAXml called for file: 1189. D25B33.XML, content length: 9514
Starting parsing.. Size: 9539
Using xml2js for smaller file
parseCOAXml called for file: 1189. N24E12 SCILUBE EYE DROPS 10ML(NP).XML, content length: 19624
Starting parsing.. Size: 19651
Using xml2js for smaller file
parseCOAXml called for file: 119. 4G06.XML, content length: 17432
Starting parsing.. Size: 17467
Using xml2js for smaller file
parseCOAXml called for file: 119. D25D23.XML, content length: 8644
Starting parsing.. Size: 8669
Using xml2js for smaller file
parseCOAXml called for file: 119. D26A26_IO-MOX GOLD EYE DROPS 5ML.XML, content length: 17330
Starting parsing.. Size: 17357
Using xml2js for smaller file
parseCOAXml called for file: 119. IS0014E.XML, content length: 11565
Starting parsing.. Size: 11592
Using xml2js for smaller file
parseCOAXml called for file: 119. N25A12 copy.XML, content length: 17319
Starting parsing.. Size: 17352
Using xml2js for smaller file
parseCOAXml called for file: 119. N25A12.XML, content length: 9413
Starting parsing.. Size: 9438
Using xml2js for smaller file
parseCOAXml called for file: 119. N25D14.XML, content length: 33571
Starting parsing.. Size: 33598
Using xml2js for smaller file
parseCOAXml called for file: 119. N26A24.XML, content length: 8634
Starting parsing.. Size: 8659
Using xml2js for smaller file
parseCOAXml called for file: 1190. D25K03.XML, content length: 18338
Starting parsing.. Size: 18365
Using xml2js for smaller file
parseCOAXml called for file: 1190. N24C06.XML, content length: 8734
Starting parsing.. Size: 8759
Using xml2js for smaller file
parseCOAXml called for file: 1190. N24E12 IO-LUBE ULTRA EYE DROPS 10ML(NP).XML, content length: 19619
Starting parsing.. Size: 19646
Using xml2js for smaller file
parseCOAXml called for file: 1190. N25B27.XML, content length: 8561
Starting parsing.. Size: 8586
Using xml2js for smaller file
parseCOAXml called for file: 1191. 5B12.XML, content length: 7403
Starting parsing.. Size: 7428
Using xml2js for smaller file
parseCOAXml called for file: 1191. D25K03.XML, content length: 18338
Starting parsing.. Size: 18365
Using xml2js for smaller file
parseCOAXml called for file: 1191. N24C07.XML, content length: 8492
Starting parsing.. Size: 8517
Using xml2js for smaller file
parseCOAXml called for file: 1191. N24E12 VAISOL EYE DROPS 10ML(NP).XML, content length: 19600
Starting parsing.. Size: 19627
Using xml2js for smaller file
parseCOAXml called for file: 1192. 4C08.XML, content length: 8597
Starting parsing.. Size: 8622
Using xml2js for smaller file
parseCOAXml called for file: 1192. D25B34.XML, content length: 9514
Starting parsing.. Size: 9539
Using xml2js for smaller file
parseCOAXml called for file: 1192. D25K03.XML, content length: 18291
Starting parsing.. Size: 18318
Using xml2js for smaller file
parseCOAXml called for file: 1192. N24E13 MELOTEARS ULTRA EYE DROPS 10ML(NP).XML, content length: 20020
Starting parsing.. Size: 20047
Using xml2js for smaller file
parseCOAXml called for file: 1193. D24C19.XML, content length: 8599
Starting parsing.. Size: 8624
Using xml2js for smaller file
parseCOAXml called for file: 1193. N24E13 GLYWET EYE DROPS 10ML(NP).XML, content length: 19996
Starting parsing.. Size: 20023
Using xml2js for smaller file
parseCOAXml called for file: 1193. N25B28.XML, content length: 6649
Starting parsing.. Size: 6674
Using xml2js for smaller file
parseCOAXml called for file: 1193. N25K03.XML, content length: 16970
Starting parsing.. Size: 16997
Using xml2js for smaller file
parseCOAXml called for file: 1194. 5K03.XML, content length: 17328
Starting parsing.. Size: 17365
Using xml2js for smaller file
parseCOAXml called for file: 1194. D24C20.XML, content length: 8466
Starting parsing.. Size: 8491
Using xml2js for smaller file
parseCOAXml called for file: 1194. D25C01.XML, content length: 8432
Starting parsing.. Size: 8457
Using xml2js for smaller file
parseCOAXml called for file: 1194. N24E13 TEARGLIDE EYE DROPS 10ML(NP).XML, content length: 20022
Starting parsing.. Size: 20049
Using xml2js for smaller file
parseCOAXml called for file: 1195. 5C01.XML, content length: 8456
Starting parsing.. Size: 8481
Using xml2js for smaller file
parseCOAXml called for file: 1195. N24C08.XML, content length: 9845
Starting parsing.. Size: 9870
Using xml2js for smaller file
parseCOAXml called for file: 1195. N24E13 INSTAWET EYE DROPS 10ML(NP).XML, content length: 20001
Starting parsing.. Size: 20028
Using xml2js for smaller file
parseCOAXml called for file: 1195. N25K04.XML, content length: 24928
Starting parsing.. Size: 24961
Using xml2js for smaller file
parseCOAXml called for file: 1196. 4C09.XML, content length: 5526
Starting parsing.. Size: 5551
Using xml2js for smaller file
parseCOAXml called for file: 1196. 5K04.XML, content length: 17327
Starting parsing.. Size: 17364
Using xml2js for smaller file
parseCOAXml called for file: 1196. B5C01.XML, content length: 5577
Starting parsing.. Size: 5602
Using xml2js for smaller file
parseCOAXml called for file: 1196. N24E13 AQUASPAN ULTRA EYE DROPS 10ML (NP).XML, content length: 20019
Starting parsing.. Size: 20046
Using xml2js for smaller file
parseCOAXml called for file: 1197. D24C21.XML, content length: 8367
Starting parsing.. Size: 8392
Using xml2js for smaller file
parseCOAXml called for file: 1197. D25C02.XML, content length: 8666
Starting parsing.. Size: 8691
Using xml2js for smaller file
parseCOAXml called for file: 1197. D25K04.XML, content length: 18365
Starting parsing.. Size: 18392
Using xml2js for smaller file
parseCOAXml called for file: 1197. N24E14 FRESHWELL EYE DROPS 10ML P.S(NP).XML, content length: 20015
Starting parsing.. Size: 20042
Using xml2js for smaller file
parseCOAXml called for file: 1198. D25C03.XML, content length: 8712
Starting parsing.. Size: 8737
Using xml2js for smaller file
parseCOAXml called for file: 1198. D25K04.XML, content length: 18378
Starting parsing.. Size: 18405
Using xml2js for smaller file
parseCOAXml called for file: 1198. N24C09.XML, content length: 8500
Starting parsing.. Size: 8525
Using xml2js for smaller file
parseCOAXml called for file: 1198. N24E14 FRESHWELL EYE DROPS 10ML(NP).XML, content length: 20008
Starting parsing.. Size: 20035
Using xml2js for smaller file
parseCOAXml called for file: 1199. 4C10.XML, content length: 9578
Starting parsing.. Size: 9603
Using xml2js for smaller file
parseCOAXml called for file: 1199. D25K05.XML, content length: 17887
Starting parsing.. Size: 17918
Using xml2js for smaller file
parseCOAXml called for file: 1199. N24E15.XML, content length: 17580
Starting parsing.. Size: 17607
Using xml2js for smaller file
parseCOAXml called for file: 1199. N25C02.XML, content length: 8447
Starting parsing.. Size: 8472
Using xml2js for smaller file
parseCOAXml called for file: 12. 24AM12.XML, content length: 19598
Starting parsing.. Size: 19625
Using xml2js for smaller file
parseCOAXml called for file: 12. 6A02_VISIOQUIN EYE OINTMENT 5GM.XML, content length: 18623
Starting parsing.. Size: 18662
Using xml2js for smaller file
parseCOAXml called for file: 12. D25L22.XML, content length: 8432
Starting parsing.. Size: 8457
Using xml2js for smaller file
parseCOAXml called for file: 12. N24D02.XML, content length: 8494
Starting parsing.. Size: 8519
Using xml2js for smaller file
parseCOAXml called for file: 12. N25D04 copy.XML, content length: 18309
Starting parsing.. Size: 18336
Using xml2js for smaller file
parseCOAXml called for file: 12. N25D04.XML, content length: 8033
Starting parsing.. Size: 8058
Using xml2js for smaller file
parseCOAXml called for file: 12. N25L29.XML, content length: 8660
Starting parsing.. Size: 8685
Using xml2js for smaller file
parseCOAXml called for file: 12. N26D03.XML, content length: 10151
Starting parsing.. Size: 10176
Using xml2js for smaller file
parseCOAXml called for file: 12. PS25216.XML, content length: 17766
Starting parsing.. Size: 17793
Using xml2js for smaller file
parseCOAXml called for file: 12. PZ25007.XML, content length: 17774
Starting parsing.. Size: 17801
Using xml2js for smaller file
  ...1000 COA files processed (created 995)
parseCOAXml called for file: 120. 4G07.XML, content length: 17432
Starting parsing.. Size: 17467
Using xml2js for smaller file
parseCOAXml called for file: 120. 6A14.XML, content length: 11735
Starting parsing.. Size: 11760
Using xml2js for smaller file
parseCOAXml called for file: 120. D26A26_RX MOZYGEL EYE DROPS 5ML.XML, content length: 17324
Starting parsing.. Size: 17351
Using xml2js for smaller file
parseCOAXml called for file: 120. N24E04.XML, content length: 8764
Starting parsing.. Size: 8789
Using xml2js for smaller file
parseCOAXml called for file: 120. N25A14 copy.XML, content length: 21449
Starting parsing.. Size: 21476
Using xml2js for smaller file
parseCOAXml called for file: 120. N25A14.XML, content length: 8467
Starting parsing.. Size: 8492
Using xml2js for smaller file
parseCOAXml called for file: 120. N25D14.XML, content length: 21094
Starting parsing.. Size: 21121
Using xml2js for smaller file
parseCOAXml called for file: 120. N25D23.XML, content length: 8397
Starting parsing.. Size: 8422
Using xml2js for smaller file
parseCOAXml called for file: 1200. D24C22.XML, content length: 8368
Starting parsing.. Size: 8393
Using xml2js for smaller file
parseCOAXml called for file: 1200. D25C04.XML, content length: 8713
Starting parsing.. Size: 8738
Using xml2js for smaller file
parseCOAXml called for file: 1200. N24E16 SCIMOX EYE DROPS 5ML. (NP).XML, content length: 17577
Starting parsing.. Size: 17604
Using xml2js for smaller file
parseCOAXml called for file: 1200. N25K05.XML, content length: 18181
Starting parsing.. Size: 18208
Using xml2js for smaller file
parseCOAXml called for file: 1201. D25C05.XML, content length: 8432
Starting parsing.. Size: 8457
Using xml2js for smaller file
parseCOAXml called for file: 1201. N24C10.XML, content length: 8500
Starting parsing.. Size: 8525
Using xml2js for smaller file
parseCOAXml called for file: 1201. N24E16 OLIDROPS EYE DROPS 5ML(NP).XML, content length: 17564
Starting parsing.. Size: 17591
Using xml2js for smaller file
parseCOAXml called for file: 1201. N25K05.XML, content length: 18187
Starting parsing.. Size: 18214
Using xml2js for smaller file
parseCOAXml called for file: 1202. D24C23.XML, content length: 8367
Starting parsing.. Size: 8392
Using xml2js for smaller file
parseCOAXml called for file: 1202. I367.XML, content length: 8321
Starting parsing.. Size: 8346
Using xml2js for smaller file
parseCOAXml called for file: 1202. N24E16 IMOXCIN EYE DROPS 5ML.(NP).XML, content length: 17560
Starting parsing.. Size: 17587
Using xml2js for smaller file
parseCOAXml called for file: 1202. PS25185.XML, content length: 17768
Starting parsing.. Size: 17795
Using xml2js for smaller file
parseCOAXml called for file: 1203. 5K05.XML, content length: 17328
Starting parsing.. Size: 17365
Using xml2js for smaller file
parseCOAXml called for file: 1203. IS0014C.XML, content length: 12381
Starting parsing.. Size: 12408
Using xml2js for smaller file
parseCOAXml called for file: 1203. N24E17.XML, content length: 20310
Starting parsing.. Size: 20337
Using xml2js for smaller file
parseCOAXml called for file: 1203. N25C03.XML, content length: 10832
Starting parsing.. Size: 10859
Using xml2js for smaller file
parseCOAXml called for file: 1204. 24AM05.XML, content length: 9580
Starting parsing.. Size: 9605
Using xml2js for smaller file
parseCOAXml called for file: 1204. B5C02.XML, content length: 7878
Starting parsing.. Size: 7903
Using xml2js for smaller file
parseCOAXml called for file: 1204. D25K07.XML, content length: 16758
Starting parsing.. Size: 16785
Using xml2js for smaller file
parseCOAXml called for file: 1204. N24E18 TROPICHEK EYE DROPS 5ML(BKC) NP.XML, content length: 18575
Starting parsing.. Size: 18602
Using xml2js for smaller file
parseCOAXml called for file: 1205. D24C24.XML, content length: 8407
Starting parsing.. Size: 8432
Using xml2js for smaller file
parseCOAXml called for file: 1205. D25C06.XML, content length: 8737
Starting parsing.. Size: 8762
Using xml2js for smaller file
parseCOAXml called for file: 1205. N24E18 TROPICYL-PLUS ED 5ML BKC (NP).XML, content length: 18579
Starting parsing.. Size: 18606
Using xml2js for smaller file
parseCOAXml called for file: 1205. N25K06.XML, content length: 15913
Starting parsing.. Size: 15940
Using xml2js for smaller file
parseCOAXml called for file: 1206. D24C25.XML, content length: 8595
Starting parsing.. Size: 8620
Using xml2js for smaller file
parseCOAXml called for file: 1206. D25C07.XML, content length: 8654
Starting parsing.. Size: 8679
Using xml2js for smaller file
parseCOAXml called for file: 1206. N24E18 TROPISCI-P EYE DROPS 5ML BKC (NP).XML, content length: 18594
Starting parsing.. Size: 18621
Using xml2js for smaller file
parseCOAXml called for file: 1206. N25K06.XML, content length: 15953
Starting parsing.. Size: 15980
Using xml2js for smaller file
parseCOAXml called for file: 1207. I368.XML, content length: 8319
Starting parsing.. Size: 8344
Using xml2js for smaller file
parseCOAXml called for file: 1207. IS0024C.XML, content length: 12377
Starting parsing.. Size: 12404
Using xml2js for smaller file
parseCOAXml called for file: 1207. N24E19 BEPOTAST ED 5ML(INDIANA) BKC 0.005%.XML, content length: 17514
Starting parsing.. Size: 17541
Using xml2js for smaller file
parseCOAXml called for file: 1207. PS25186.XML, content length: 17766
Starting parsing.. Size: 17793
Using xml2js for smaller file
parseCOAXml called for file: 1208. D24C26.XML, content length: 11573
Starting parsing.. Size: 11598
Using xml2js for smaller file
parseCOAXml called for file: 1208. N24E19  BEPOPAT EYE DROPS 5ML(NP).XML, content length: 17501
Starting parsing.. Size: 17528
Using xml2js for smaller file
parseCOAXml called for file: 1208. N25C04.XML, content length: 8641
Starting parsing.. Size: 8666
Using xml2js for smaller file
parseCOAXml called for file: 1208. PS25187.XML, content length: 17766
Starting parsing.. Size: 17793
Using xml2js for smaller file
parseCOAXml called for file: 1209. 5K06.XML, content length: 17328
Starting parsing.. Size: 17365
Using xml2js for smaller file
parseCOAXml called for file: 1209. D24C27.XML, content length: 9456
Starting parsing.. Size: 9481
Using xml2js for smaller file
parseCOAXml called for file: 1209. D25C08.XML, content length: 8442
Starting parsing.. Size: 8467
Using xml2js for smaller file
parseCOAXml called for file: 1209. N24E20 SCITIM EYE DROPS 5ML(NP).XML, content length: 18446
Starting parsing.. Size: 18473
Using xml2js for smaller file
parseCOAXml called for file: 121. 4G08.XML, content length: 17211
Starting parsing.. Size: 17238
Using xml2js for smaller file
parseCOAXml called for file: 121. D24E04.XML, content length: 8835
Starting parsing.. Size: 8860
Using xml2js for smaller file
parseCOAXml called for file: 121. D26A27_HYAQUA EYE DROPS 10ML.XML, content length: 15921
Starting parsing.. Size: 15948
Using xml2js for smaller file
parseCOAXml called for file: 121. D26A41.XML, content length: 8577
Starting parsing.. Size: 8602
Using xml2js for smaller file
parseCOAXml called for file: 121. N25A16 copy.XML, content length: 16753
Starting parsing.. Size: 16780
Using xml2js for smaller file
parseCOAXml called for file: 121. N25A16.XML, content length: 8465
Starting parsing.. Size: 8490
Using xml2js for smaller file
parseCOAXml called for file: 121. N25D14.XML, content length: 17315
Starting parsing.. Size: 17342
Using xml2js for smaller file
parseCOAXml called for file: 121. PS25050.XML, content length: 7747
Starting parsing.. Size: 7772
Using xml2js for smaller file
parseCOAXml called for file: 1210. D25C09.XML, content length: 9802
Starting parsing.. Size: 9827
Using xml2js for smaller file
parseCOAXml called for file: 1210. D25K08.XML, content length: 15917
Starting parsing.. Size: 15944
Using xml2js for smaller file
parseCOAXml called for file: 1210. I325.XML, content length: 7348
Starting parsing.. Size: 7373
Using xml2js for smaller file
parseCOAXml called for file: 1210. N24E20 TIMOLOL OPHSOL 5ML JUVENCIA(NP).XML, content length: 17077
Starting parsing.. Size: 17104
Using xml2js for smaller file
parseCOAXml called for file: 1211. D25K09.XML, content length: 19767
Starting parsing.. Size: 19800
Using xml2js for smaller file
parseCOAXml called for file: 1211. N24C11.XML, content length: 8445
Starting parsing.. Size: 8470
Using xml2js for smaller file
parseCOAXml called for file: 1211. N24F01.XML, content length: 17334
Starting parsing.. Size: 17367
Using xml2js for smaller file
parseCOAXml called for file: 1211. N25C05.XML, content length: 9641
Starting parsing.. Size: 9666
Using xml2js for smaller file
parseCOAXml called for file: 1212. A041.XML, content length: 7238
Starting parsing.. Size: 7263
Using xml2js for smaller file
parseCOAXml called for file: 1212. D24C28.XML, content length: 9454
Starting parsing.. Size: 9479
Using xml2js for smaller file
parseCOAXml called for file: 1212. N24F02.XML, content length: 17334
Starting parsing.. Size: 17367
Using xml2js for smaller file
parseCOAXml called for file: 1212. N25K07.XML, content length: 15952
Starting parsing.. Size: 15979
Using xml2js for smaller file
parseCOAXml called for file: 1213. D25C10.XML, content length: 8717
Starting parsing.. Size: 8742
Using xml2js for smaller file
parseCOAXml called for file: 1213. I326.XML, content length: 7349
Starting parsing.. Size: 7374
Using xml2js for smaller file
parseCOAXml called for file: 1213. N24F03.XML, content length: 16885
Starting parsing.. Size: 16914
Using xml2js for smaller file
parseCOAXml called for file: 1213. PS25188.XML, content length: 17766
Starting parsing.. Size: 17793
Using xml2js for smaller file
parseCOAXml called for file: 1214. 5K07.XML, content length: 17327
Starting parsing.. Size: 17364
Using xml2js for smaller file
parseCOAXml called for file: 1214. D25C11.XML, content length: 9905
Starting parsing.. Size: 9930
Using xml2js for smaller file
parseCOAXml called for file: 1214. N24C12.XML, content length: 8445
Starting parsing.. Size: 8470
Using xml2js for smaller file
parseCOAXml called for file: 1214. N24F04 CYCLISIS PF  EYE DROPS 2.5ML P.S(NP.XML, content length: 16894
Starting parsing.. Size: 16923
Using xml2js for smaller file
parseCOAXml called for file: 1215. D25K10.XML, content length: 14866
Starting parsing.. Size: 14893
Using xml2js for smaller file
parseCOAXml called for file: 1215. L1825002.XML, content length: 5441
Starting parsing.. Size: 5466
Using xml2js for smaller file
parseCOAXml called for file: 1215. N24F04 CYCLISIS PF  EYE DROPS 5ML(NP).XML, content length: 16883
Starting parsing.. Size: 16912
Using xml2js for smaller file
parseCOAXml called for file: 1215. PZ24002.XML, content length: 7755
Starting parsing.. Size: 7780
Using xml2js for smaller file
parseCOAXml called for file: 1216. D24C29.XML, content length: 9448
Starting parsing.. Size: 9473
Using xml2js for smaller file
parseCOAXml called for file: 1216. D25K10.XML, content length: 14887
Starting parsing.. Size: 14914
Using xml2js for smaller file
parseCOAXml called for file: 1216. N24F06.XML, content length: 16975
Starting parsing.. Size: 17002
Using xml2js for smaller file
parseCOAXml called for file: 1216. N25C06.XML, content length: 9641
Starting parsing.. Size: 9666
Using xml2js for smaller file
parseCOAXml called for file: 1217. 5C02.XML, content length: 8434
Starting parsing.. Size: 8459
Using xml2js for smaller file
parseCOAXml called for file: 1217. D24C30.XML, content length: 9452
Starting parsing.. Size: 9477
Using xml2js for smaller file
parseCOAXml called for file: 1217. D25K11.XML, content length: 17326
Starting parsing.. Size: 17353
Using xml2js for smaller file
parseCOAXml called for file: 1217. N24F07.XML, content length: 18733
Starting parsing.. Size: 18760
Using xml2js for smaller file
parseCOAXml called for file: 1218. D25C12.XML, content length: 8686
Starting parsing.. Size: 8711
Using xml2js for smaller file
parseCOAXml called for file: 1218. D25K11.XML, content length: 33537
Starting parsing.. Size: 33564
Using xml2js for smaller file
parseCOAXml called for file: 1218. I327.XML, content length: 8334
Starting parsing.. Size: 8359
Using xml2js for smaller file
parseCOAXml called for file: 1218. N24F08.XML, content length: 19942
Starting parsing.. Size: 19969
Using xml2js for smaller file
parseCOAXml called for file: 1219. D25C13.XML, content length: 8572
Starting parsing.. Size: 8597
Using xml2js for smaller file
parseCOAXml called for file: 1219. N24C13.XML, content length: 8445
Starting parsing.. Size: 8470
Using xml2js for smaller file
parseCOAXml called for file: 1219. N24F09.XML, content length: 19942
Starting parsing.. Size: 19969
Using xml2js for smaller file
parseCOAXml called for file: 1219. N25K08.XML, content length: 19401
Starting parsing.. Size: 19428
Using xml2js for smaller file
parseCOAXml called for file: 122. 4G09.XML, content length: 17211
Starting parsing.. Size: 17238
Using xml2js for smaller file
parseCOAXml called for file: 122. D25A17 copy.XML, content length: 20622
Starting parsing.. Size: 20649
Using xml2js for smaller file
parseCOAXml called for file: 122. D25A17.XML, content length: 8425
Starting parsing.. Size: 8450
Using xml2js for smaller file
parseCOAXml called for file: 122. D25D24.XML, content length: 11990
Starting parsing.. Size: 12015
Using xml2js for smaller file
parseCOAXml called for file: 122. D26A27_OSMOSENSE EYE DROPS 10ML.XML, content length: 15950
Starting parsing.. Size: 15977
Using xml2js for smaller file
parseCOAXml called for file: 122. GP155.XML, content length: 8720
Starting parsing.. Size: 8745
Using xml2js for smaller file
parseCOAXml called for file: 122. N26A25.XML, content length: 8635
Starting parsing.. Size: 8660
Using xml2js for smaller file
parseCOAXml called for file: 122. PS25040.XML, content length: 17767
Starting parsing.. Size: 17794
Using xml2js for smaller file
parseCOAXml called for file: 1220. D24C31.XML, content length: 9454
Starting parsing.. Size: 9479
Using xml2js for smaller file
parseCOAXml called for file: 1220. N24F10 DEWEYE 10ML (SOC) NP.XML, content length: 19972
Starting parsing.. Size: 19999
Using xml2js for smaller file
parseCOAXml called for file: 1220. N25C07.XML, content length: 9860
Starting parsing.. Size: 9885
Using xml2js for smaller file
parseCOAXml called for file: 1220. N25K08.XML, content length: 19310
Starting parsing.. Size: 19337
Using xml2js for smaller file
parseCOAXml called for file: 1221. I328.XML, content length: 8334
Starting parsing.. Size: 8359
Using xml2js for smaller file
parseCOAXml called for file: 1221. N24F10 VAINOSS EYE DROPS 10ML (NP).XML, content length: 20002
Starting parsing.. Size: 20029
Using xml2js for smaller file
parseCOAXml called for file: 1221. N25C08.XML, content length: 10629
Starting parsing.. Size: 10654
Using xml2js for smaller file
parseCOAXml called for file: 1221. PS25189.XML, content length: 17766
Starting parsing.. Size: 17793
Using xml2js for smaller file
parseCOAXml called for file: 1222. D25K12.XML, content length: 18312
Starting parsing.. Size: 18345
Using xml2js for smaller file
parseCOAXml called for file: 1222. I369.XML, content length: 8320
Starting parsing.. Size: 8345
Using xml2js for smaller file
parseCOAXml called for file: 1222. L1824002.XML, content length: 5441
Starting parsing.. Size: 5466
Using xml2js for smaller file
parseCOAXml called for file: 1222. N24F10 ASTEARS ULTRA EYE DROPS 10ML(NP).XML, content length: 20018
Starting parsing.. Size: 20045
Using xml2js for smaller file
parseCOAXml called for file: 1223. D25K13.XML, content length: 15835
Starting parsing.. Size: 15862
Using xml2js for smaller file
parseCOAXml called for file: 1223. L1825003.XML, content length: 5444
Starting parsing.. Size: 5469
Using xml2js for smaller file
parseCOAXml called for file: 1223. N24C14.XML, content length: 8884
Starting parsing.. Size: 8909
Using xml2js for smaller file
parseCOAXml called for file: 1223. N24F10 OPTILUBE EYE DROPS 10ML (SOC) NP.XML, content length: 20008
Starting parsing.. Size: 20035
Using xml2js for smaller file
parseCOAXml called for file: 1224. B4C02.XML, content length: 5721
Starting parsing.. Size: 5746
Using xml2js for smaller file
parseCOAXml called for file: 1224. N24F11.XML, content length: 12250
Starting parsing.. Size: 12277
Using xml2js for smaller file
parseCOAXml called for file: 1224. N25C09.XML, content length: 9779
Starting parsing.. Size: 9804
Using xml2js for smaller file
parseCOAXml called for file: 1224. N25K09.XML, content length: 19474
Starting parsing.. Size: 19507
Using xml2js for smaller file
parseCOAXml called for file: 1225. D24C32.XML, content length: 8429
Starting parsing.. Size: 8454
Using xml2js for smaller file
parseCOAXml called for file: 1225. N24F12.XML, content length: 12250
Starting parsing.. Size: 12277
Using xml2js for smaller file
parseCOAXml called for file: 1225. PZ25005.XML, content length: 17774
Starting parsing.. Size: 17801
Using xml2js for smaller file
parseCOAXml called for file: 1225. RI515.XML, content length: 8387
Starting parsing.. Size: 8412
Using xml2js for smaller file
parseCOAXml called for file: 1226. D24C33.XML, content length: 9609
Starting parsing.. Size: 9634
Using xml2js for smaller file
parseCOAXml called for file: 1226. N24F13.XML, content length: 16559
Starting parsing.. Size: 16586
Using xml2js for smaller file
parseCOAXml called for file: 1226. PZ25005.XML, content length: 17767
Starting parsing.. Size: 17794
Using xml2js for smaller file
parseCOAXml called for file: 1226. RI516.XML, content length: 8387
Starting parsing.. Size: 8412
Using xml2js for smaller file
parseCOAXml called for file: 1227. 25AM01.XML, content length: 9848
Starting parsing.. Size: 9873
Using xml2js for smaller file
parseCOAXml called for file: 1227. 5K08.XML, content length: 17327
Starting parsing.. Size: 17364
Using xml2js for smaller file
parseCOAXml called for file: 1227. N24C15.XML, content length: 8881
Starting parsing.. Size: 8906
Using xml2js for smaller file
parseCOAXml called for file: 1227. N24F14.XML, content length: 16303
Starting parsing.. Size: 16330
Using xml2js for smaller file
parseCOAXml called for file: 1228. 4C12.XML, content length: 8439
Starting parsing.. Size: 8464
Using xml2js for smaller file
parseCOAXml called for file: 1228. D25C15.XML, content length: 10154
Starting parsing.. Size: 10179
Using xml2js for smaller file
parseCOAXml called for file: 1228. D25K14.XML, content length: 16108
Starting parsing.. Size: 16135
Using xml2js for smaller file
parseCOAXml called for file: 1228. N24F15 IO-NEPA CS EYE DROPS 5ML(NP).XML, content length: 16025
Starting parsing.. Size: 16052
Using xml2js for smaller file
parseCOAXml called for file: 1229. D25K14.XML, content length: 16095
Starting parsing.. Size: 16122
Using xml2js for smaller file
parseCOAXml called for file: 1229. I370.XML, content length: 7348
Starting parsing.. Size: 7373
Using xml2js for smaller file
parseCOAXml called for file: 1229. N24C16.XML, content length: 8881
Starting parsing.. Size: 8906
Using xml2js for smaller file
parseCOAXml called for file: 1229. N24F15 SCINEP CS EYE DROPS 5ML(NP).XML, content length: 16043
Starting parsing.. Size: 16070
Using xml2js for smaller file
parseCOAXml called for file: 123. 26AM02.XML, content length: 9582
Starting parsing.. Size: 9607
Using xml2js for smaller file
parseCOAXml called for file: 123. 4G10.XML, content length: 19992
Starting parsing.. Size: 20029
Using xml2js for smaller file
parseCOAXml called for file: 123. D25A18 copy.XML, content length: 20429
Starting parsing.. Size: 20456
Using xml2js for smaller file
parseCOAXml called for file: 123. D25A18.XML, content length: 8467
Starting parsing.. Size: 8492
Using xml2js for smaller file
parseCOAXml called for file: 123. D26A28.XML, content length: 17898
Starting parsing.. Size: 17925
Using xml2js for smaller file
parseCOAXml called for file: 123. N24E05.XML, content length: 9843
Starting parsing.. Size: 9868
Using xml2js for smaller file
parseCOAXml called for file: 123. N25D24.XML, content length: 8393
Starting parsing.. Size: 8418
Using xml2js for smaller file
parseCOAXml called for file: 123. PS25041.XML, content length: 17766
Starting parsing.. Size: 17793
Using xml2js for smaller file
parseCOAXml called for file: 1230. D25C17.XML, content length: 8729
Starting parsing.. Size: 8754
Using xml2js for smaller file
parseCOAXml called for file: 1230. N24F16.XML, content length: 21024
Starting parsing.. Size: 21057
Using xml2js for smaller file
parseCOAXml called for file: 1230. PZ25006.XML, content length: 17769
Starting parsing.. Size: 17796
Using xml2js for smaller file
parseCOAXml called for file: 1230. RI485.XML, content length: 8490
Starting parsing.. Size: 8515
Using xml2js for smaller file
parseCOAXml called for file: 1231. 5K09.XML, content length: 17327
Starting parsing.. Size: 17364
Using xml2js for smaller file
parseCOAXml called for file: 1231. L1825004.XML, content length: 5444
Starting parsing.. Size: 5469
Using xml2js for smaller file
parseCOAXml called for file: 1231. N24F17.XML, content length: 21033
Starting parsing.. Size: 21066
Using xml2js for smaller file
parseCOAXml called for file: 1231. RI486.XML, content length: 8490
Starting parsing.. Size: 8515
Using xml2js for smaller file
parseCOAXml called for file: 1232. 4C13.XML, content length: 7317
Starting parsing.. Size: 7342
Using xml2js for smaller file
parseCOAXml called for file: 1232. D25K16.XML, content length: 22893
Starting parsing.. Size: 22928
Using xml2js for smaller file
parseCOAXml called for file: 1232. N24F18 IO-NEPA OD EYE DROPS 3ML (NP).XML, content length: 21028
Starting parsing.. Size: 21061
Using xml2js for smaller file
parseCOAXml called for file: 1232. N25C10.XML, content length: 9757
Starting parsing.. Size: 9782
Using xml2js for smaller file
parseCOAXml called for file: 1233. D25K17.XML, content length: 34279
Starting parsing.. Size: 34306
Using xml2js for smaller file
parseCOAXml called for file: 1233. GP163.XML, content length: 8717
Starting parsing.. Size: 8742
Using xml2js for smaller file
parseCOAXml called for file: 1233. N24C17.XML, content length: 9561
Starting parsing.. Size: 9586
Using xml2js for smaller file
parseCOAXml called for file: 1233. N24F18 AMFINAC OD EYE DROPS 3ML (NP).XML, content length: 21033
Starting parsing.. Size: 21066
Using xml2js for smaller file
parseCOAXml called for file: 1234. 4C14.XML, content length: 7316
Starting parsing.. Size: 7341
Using xml2js for smaller file
parseCOAXml called for file: 1234. D25C18.XML, content length: 9674
Starting parsing.. Size: 9699
Using xml2js for smaller file
parseCOAXml called for file: 1234. N24F19 EYECROM ED 5ML (SAMOSPHARMA) NP.XML, content length: 16635
Starting parsing.. Size: 16662
Using xml2js for smaller file
parseCOAXml called for file: 1234. N25K11.XML, content length: 19644
Starting parsing.. Size: 19671
Using xml2js for smaller file
parseCOAXml called for file: 1235. 5K10.XML, content length: 17327
Starting parsing.. Size: 17364
Using xml2js for smaller file
parseCOAXml called for file: 1235. D25C19.XML, content length: 9858
Starting parsing.. Size: 9883
Using xml2js for smaller file
parseCOAXml called for file: 1235. N24C18.XML, content length: 8665
Starting parsing.. Size: 8690
Using xml2js for smaller file
parseCOAXml called for file: 1235. N24F19 CROMYL EYE DROPS 5ML(ANGOLA)NP.XML, content length: 16630
Starting parsing.. Size: 16657
Using xml2js for smaller file
parseCOAXml called for file: 1236. D25K18.XML, content length: 19502
Starting parsing.. Size: 19537
Using xml2js for smaller file
parseCOAXml called for file: 1236. I371.XML, content length: 7348
Starting parsing.. Size: 7373
Using xml2js for smaller file
parseCOAXml called for file: 1236. N24F19 KROMO VISION 10ML(MOZAMBIQUE)NP.XML, content length: 16650
Starting parsing.. Size: 16677
Using xml2js for smaller file
parseCOAXml called for file: 1236. PS24043.XML, content length: 7866
Starting parsing.. Size: 7891
Using xml2js for smaller file
parseCOAXml called for file: 1237. D25K18.XML, content length: 19523
Starting parsing.. Size: 19558
Using xml2js for smaller file
parseCOAXml called for file: 1237. N24F20 NEYPAC EYE DROPS 2.5ML P.S(NP).XML, content length: 17358
Starting parsing.. Size: 17391
Using xml2js for smaller file
parseCOAXml called for file: 1237. N25C11.XML, content length: 9826
Starting parsing.. Size: 9851
Using xml2js for smaller file
parseCOAXml called for file: 1237. PS24044.XML, content length: 7866
Starting parsing.. Size: 7891
Using xml2js for smaller file
parseCOAXml called for file: 1238. 5C03.XML, content length: 8574
Starting parsing.. Size: 8599
Using xml2js for smaller file
parseCOAXml called for file: 1238. D25K19.XML, content length: 19331
Starting parsing.. Size: 19358
Using xml2js for smaller file
parseCOAXml called for file: 1238. N24F20 ZETAFENAC EYE DROPS 5ML(NP).XML, content length: 17341
Starting parsing.. Size: 17374
Using xml2js for smaller file
parseCOAXml called for file: 1238. RI487.XML, content length: 8489
Starting parsing.. Size: 8514
Using xml2js for smaller file
parseCOAXml called for file: 1239. D24C34.XML, content length: 9818
Starting parsing.. Size: 9843
Using xml2js for smaller file
parseCOAXml called for file: 1239. D25C20.XML, content length: 9904
Starting parsing.. Size: 9929
Using xml2js for smaller file
parseCOAXml called for file: 1239. D25K19.XML, content length: 19361
Starting parsing.. Size: 19388
Using xml2js for smaller file
parseCOAXml called for file: 124. 4G11.XML, content length: 15880
Starting parsing.. Size: 15907
Using xml2js for smaller file
parseCOAXml called for file: 124. 5D07.XML, content length: 17054
Starting parsing.. Size: 17081
Using xml2js for smaller file
parseCOAXml called for file: 124. D24E05.XML, content length: 9901
Starting parsing.. Size: 9926
Using xml2js for smaller file
parseCOAXml called for file: 124. D25A19 copy.XML, content length: 18536
Starting parsing.. Size: 18563
Using xml2js for smaller file
parseCOAXml called for file: 124. D25A19.XML, content length: 9446
Starting parsing.. Size: 9471
Using xml2js for smaller file
parseCOAXml called for file: 124. D26A29_HYLACON EYE DROPS 10ML.XML, content length: 15918
Starting parsing.. Size: 15945
Using xml2js for smaller file
parseCOAXml called for file: 124. D26A43.XML, content length: 9843
Starting parsing.. Size: 9868
Using xml2js for smaller file
parseCOAXml called for file: 124. PS25051.XML, content length: 7747
Starting parsing.. Size: 7772
Using xml2js for smaller file
parseCOAXml called for file: 1240. D24C35.XML, content length: 8837
Starting parsing.. Size: 8862
Using xml2js for smaller file
parseCOAXml called for file: 1240. D25K19.XML, content length: 19334
Starting parsing.. Size: 19361
Using xml2js for smaller file
parseCOAXml called for file: 1240. N24F21 NEFAMAX EYE DROPS 5ML (NP).XML, content length: 17344
Starting parsing.. Size: 17377
Using xml2js for smaller file
parseCOAXml called for file: 1240. N25C12.XML, content length: 6649
Starting parsing.. Size: 6674
Using xml2js for smaller file
parseCOAXml called for file: 1241. 25AM14.XML, content length: 19612
Starting parsing.. Size: 19639
Using xml2js for smaller file
parseCOAXml called for file: 1241. D25C21.XML, content length: 8664
Starting parsing.. Size: 8689
Using xml2js for smaller file
parseCOAXml called for file: 1241. N24C19.XML, content length: 8665
Starting parsing.. Size: 8690
Using xml2js for smaller file
parseCOAXml called for file: 1241. N24F21 NEPACOM EYE DROPS 5ML (NP).XML, content length: 17343
Starting parsing.. Size: 17376
Using xml2js for smaller file
parseCOAXml called for file: 1242. 5K11.XML, content length: 17327
Starting parsing.. Size: 17364
Using xml2js for smaller file
parseCOAXml called for file: 1242. D25C22.XML, content length: 8664
Starting parsing.. Size: 8689
Using xml2js for smaller file
parseCOAXml called for file: 1242. N24F21 IO-NEPA EYE DROPS 5ML (SOC) (NP).XML, content length: 17343
Starting parsing.. Size: 17376
Using xml2js for smaller file
parseCOAXml called for file: 1242. PS24045.XML, content length: 7866
Starting parsing.. Size: 7891
Using xml2js for smaller file
parseCOAXml called for file: 1243. AI079.XML, content length: 15767
Starting parsing.. Size: 15794
Using xml2js for smaller file
parseCOAXml called for file: 1243. D25C23.XML, content length: 8668
Starting parsing.. Size: 8693
Using xml2js for smaller file
parseCOAXml called for file: 1243. N24F21 SOLUNEP EYE DROPS 5ML (SOC) NP.XML, content length: 17336
Starting parsing.. Size: 17369
Using xml2js for smaller file
parseCOAXml called for file: 1243. PS24046.XML, content length: 7866
Starting parsing.. Size: 7891
Using xml2js for smaller file
parseCOAXml called for file: 1244. D24C36.XML, content length: 9450
Starting parsing.. Size: 9475
Using xml2js for smaller file
parseCOAXml called for file: 1244. N24F22.XML, content length: 17327
Starting parsing.. Size: 17360
Using xml2js for smaller file
parseCOAXml called for file: 1244. N25C13.XML, content length: 8719
Starting parsing.. Size: 8744
Using xml2js for smaller file
parseCOAXml called for file: 1244. N25K12.XML, content length: 19646
Starting parsing.. Size: 19673
Using xml2js for smaller file
parseCOAXml called for file: 1245. 5C05.XML, content length: 9583
Starting parsing.. Size: 9608
Using xml2js for smaller file
parseCOAXml called for file: 1245. 5K12.XML, content length: 20494
Starting parsing.. Size: 20531
Using xml2js for smaller file
parseCOAXml called for file: 1245. D24C37.XML, content length: 8736
Starting parsing.. Size: 8761
Using xml2js for smaller file
parseCOAXml called for file: 1245. N24F23 CYQUEST EYE DROPS 5ML (NP).XML, content length: 16371
Starting parsing.. Size: 16398
Using xml2js for smaller file
parseCOAXml called for file: 1246. D25C24.XML, content length: 8566
Starting parsing.. Size: 8591
Using xml2js for smaller file
parseCOAXml called for file: 1246. D25K20.XML, content length: 19635
Starting parsing.. Size: 19662
Using xml2js for smaller file
parseCOAXml called for file: 1246. N24C20.XML, content length: 9445
Starting parsing.. Size: 9472
Using xml2js for smaller file
parseCOAXml called for file: 1246. N24F23 CYCLOPENTOLATE ED IP 5ML (GMSCL)NP.XML, content length: 16398
Starting parsing.. Size: 16425
Using xml2js for smaller file
parseCOAXml called for file: 1247. D25K21.XML, content length: 19635
Starting parsing.. Size: 19662
Using xml2js for smaller file
parseCOAXml called for file: 1247. N24F23 SCICLOP ED 5ML (ANH KHU-VIETNAM)NP.XML, content length: 15003
Starting parsing.. Size: 15030
Using xml2js for smaller file
parseCOAXml called for file: 1247. N25C14.XML, content length: 9540
Starting parsing.. Size: 9565
Using xml2js for smaller file
parseCOAXml called for file: 1247. PS24047.XML, content length: 7866
Starting parsing.. Size: 7891
Using xml2js for smaller file
parseCOAXml called for file: 1248. D24C38.XML, content length: 8718
Starting parsing.. Size: 8743
Using xml2js for smaller file
parseCOAXml called for file: 1248. D25K21.XML, content length: 19640
Starting parsing.. Size: 19667
Using xml2js for smaller file
parseCOAXml called for file: 1248. N24F23 PENTOCYL EYE DROPS 5ML (NP).XML, content length: 26619
Starting parsing.. Size: 26646
Using xml2js for smaller file
parseCOAXml called for file: 1248. N25C15.XML, content length: 8623
Starting parsing.. Size: 8648
Using xml2js for smaller file
parseCOAXml called for file: 1249. 25AM02.XML, content length: 9850
Starting parsing.. Size: 9875
Using xml2js for smaller file
parseCOAXml called for file: 1249. D24C39.XML, content length: 8658
Starting parsing.. Size: 8683
Using xml2js for smaller file
parseCOAXml called for file: 1249. N24G01.XML, content length: 18762
Starting parsing.. Size: 18789
Using xml2js for smaller file
parseCOAXml called for file: 1249. N25K13.XML, content length: 19577
Starting parsing.. Size: 19612
Using xml2js for smaller file
parseCOAXml called for file: 125. 4G11 lubrex.XML, content length: 15887
Starting parsing.. Size: 15914
Using xml2js for smaller file
parseCOAXml called for file: 125. D26A29_HYLOWELL EYE DROPS 10ML.XML, content length: 15926
Starting parsing.. Size: 15953
Using xml2js for smaller file
parseCOAXml called for file: 125. N24E06.XML, content length: 6675
Starting parsing.. Size: 6700
Using xml2js for smaller file
parseCOAXml called for file: 125. N25A22 (1).XML, content length: 18732
Starting parsing.. Size: 18759
Using xml2js for smaller file
parseCOAXml called for file: 125. N25A22 copy.XML, content length: 108
Starting parsing.. Size: 131
Using xml2js for smaller file
parseCOAXml called for file: 125. N25A22.XML, content length: 8521
Starting parsing.. Size: 8546
Using xml2js for smaller file
parseCOAXml called for file: 125. N25D15.XML, content length: 22926
Starting parsing.. Size: 22959
Using xml2js for smaller file
parseCOAXml called for file: 125. N26A26.XML, content length: 8634
Starting parsing.. Size: 8659
Using xml2js for smaller file
parseCOAXml called for file: 125. PS25052.XML, content length: 7747
Starting parsing.. Size: 7772
Using xml2js for smaller file
parseCOAXml called for file: 1250. 5C06.XML, content length: 7341
Starting parsing.. Size: 7366
Using xml2js for smaller file
parseCOAXml called for file: 1250. N24G02.XML, content length: 18764
Starting parsing.. Size: 18791
Using xml2js for smaller file
  ...1250 COA files processed (created 1244)
parseCOAXml called for file: 1250. N25K13.XML, content length: 19584
Starting parsing.. Size: 19619
Using xml2js for smaller file
parseCOAXml called for file: 1250. PS24048.XML, content length: 7866
Starting parsing.. Size: 7891
Using xml2js for smaller file
parseCOAXml called for file: 1251. 5K13.XML, content length: 20494
Starting parsing.. Size: 20531
Using xml2js for smaller file
parseCOAXml called for file: 1251. D25C25.XML, content length: 10763
Starting parsing.. Size: 10790
Using xml2js for smaller file
parseCOAXml called for file: 1251. N24G03.XML, content length: 17334
Starting parsing.. Size: 17367
Using xml2js for smaller file
parseCOAXml called for file: 1251. PS24049.XML, content length: 7866
Starting parsing.. Size: 7891
Using xml2js for smaller file
parseCOAXml called for file: 1252. D25C26.XML, content length: 9801
Starting parsing.. Size: 9826
Using xml2js for smaller file
parseCOAXml called for file: 1252. L1825022.XML, content length: 11260
Starting parsing.. Size: 11287
Using xml2js for smaller file
parseCOAXml called for file: 1252. N24G04.XML, content length: 17334
Starting parsing.. Size: 17367
Using xml2js for smaller file
parseCOAXml called for file: 1252. PS24050.XML, content length: 7866
Starting parsing.. Size: 7891
Using xml2js for smaller file
parseCOAXml called for file: 1253. 25AM03.XML, content length: 9850
Starting parsing.. Size: 9875
Using xml2js for smaller file
parseCOAXml called for file: 1253. 5K14.XML, content length: 20510
Starting parsing.. Size: 20547
Using xml2js for smaller file
parseCOAXml called for file: 1253. N24G05.XML, content length: 17336
Starting parsing.. Size: 17369
Using xml2js for smaller file
parseCOAXml called for file: 1254. 5C07.XML, content length: 5307
Starting parsing.. Size: 5332
Using xml2js for smaller file
parseCOAXml called for file: 1254. N24G06 NEPACUBE EYE DROPS 5ML(NP).XML, content length: 17338
Starting parsing.. Size: 17371
Using xml2js for smaller file
parseCOAXml called for file: 1254. N25K14.XML, content length: 13777
Starting parsing.. Size: 13804
Using xml2js for smaller file
parseCOAXml called for file: 1255. D25C27.XML, content length: 8863
Starting parsing.. Size: 8888
Using xml2js for smaller file
parseCOAXml called for file: 1255. N24G06 SCINEP EYE DROPS 5ML.(NP).XML, content length: 17354
Starting parsing.. Size: 17387
Using xml2js for smaller file
parseCOAXml called for file: 1255. UC25008.XML, content length: 13387
Starting parsing.. Size: 13414
Using xml2js for smaller file
parseCOAXml called for file: 1256. 5C08.XML, content length: 5307
Starting parsing.. Size: 5332
Using xml2js for smaller file
parseCOAXml called for file: 1256. N24G06 ASPINEP EYE DROPS 5ML(NP).XML, content length: 17336
Starting parsing.. Size: 17369
Using xml2js for smaller file
parseCOAXml called for file: 1256. UC25008.XML, content length: 13387
Starting parsing.. Size: 13414
Using xml2js for smaller file
parseCOAXml called for file: 1257. D25C28.XML, content length: 9465
Starting parsing.. Size: 9490
Using xml2js for smaller file
parseCOAXml called for file: 1257. D25K22.XML, content length: 17968
Starting parsing.. Size: 17995
Using xml2js for smaller file
parseCOAXml called for file: 1257. N24G06 VALNEP EYE DROPS 5ML (SOC)NP.XML, content length: 17321
Starting parsing.. Size: 17354
Using xml2js for smaller file
parseCOAXml called for file: 1258. D25K23.XML, content length: 17966
Starting parsing.. Size: 17993
Using xml2js for smaller file
parseCOAXml called for file: 1258. N24G07.XML, content length: 16163
Starting parsing.. Size: 16190
Using xml2js for smaller file
parseCOAXml called for file: 1258. N25C16.XML, content length: 9848
Starting parsing.. Size: 9873
Using xml2js for smaller file
parseCOAXml called for file: 1259. D25C29.XML, content length: 9859
Starting parsing.. Size: 9884
Using xml2js for smaller file
parseCOAXml called for file: 1259. D25K23.XML, content length: 17960
Starting parsing.. Size: 17987
Using xml2js for smaller file
parseCOAXml called for file: 1259. N24G08.XML, content length: 16163
Starting parsing.. Size: 16190
Using xml2js for smaller file
parseCOAXml called for file: 126. 4G12.XML, content length: 16758
Starting parsing.. Size: 16795
Using xml2js for smaller file
parseCOAXml called for file: 126. 5D15.XML, content length: 7320
Starting parsing.. Size: 7345
Using xml2js for smaller file
parseCOAXml called for file: 126. D24E06.XML, content length: 8441
Starting parsing.. Size: 8466
Using xml2js for smaller file
parseCOAXml called for file: 126. D26A30.XML, content length: 16770
Starting parsing.. Size: 16797
Using xml2js for smaller file
parseCOAXml called for file: 126. D26A44.XML, content length: 9730
Starting parsing.. Size: 9755
Using xml2js for smaller file
parseCOAXml called for file: 126. N25A23 copy.XML, content length: 18741
Starting parsing.. Size: 18768
Using xml2js for smaller file
parseCOAXml called for file: 126. N25A23.XML, content length: 8515
Starting parsing.. Size: 8540
Using xml2js for smaller file
parseCOAXml called for file: 126. N25D15.XML, content length: 22922
Starting parsing.. Size: 22955
Using xml2js for smaller file
parseCOAXml called for file: 1260. 5K16.XML, content length: 16371
Starting parsing.. Size: 16408
Using xml2js for smaller file
parseCOAXml called for file: 1260. I372.XML, content length: 7270
Starting parsing.. Size: 7295
Using xml2js for smaller file
parseCOAXml called for file: 1260. N24G09.XML, content length: 16164
Starting parsing.. Size: 16191
Using xml2js for smaller file
parseCOAXml called for file: 1261. D25C30.XML, content length: 9673
Starting parsing.. Size: 9698
Using xml2js for smaller file
parseCOAXml called for file: 1261. D25K24.XML, content length: 15896
Starting parsing.. Size: 15923
Using xml2js for smaller file
parseCOAXml called for file: 1261. N24G10.XML, content length: 16806
Starting parsing.. Size: 16833
Using xml2js for smaller file
parseCOAXml called for file: 1262. D25C31.XML, content length: 8856
Starting parsing.. Size: 8881
Using xml2js for smaller file
parseCOAXml called for file: 1262. N24G11.XML, content length: 16809
Starting parsing.. Size: 16836
Using xml2js for smaller file
parseCOAXml called for file: 1262. N25K15.XML, content length: 13783
Starting parsing.. Size: 13810
Using xml2js for smaller file
parseCOAXml called for file: 1263 N25C17.XML, content length: 8408
Starting parsing.. Size: 8433
Using xml2js for smaller file
parseCOAXml called for file: 1263. N24G12.XML, content length: 16811
Starting parsing.. Size: 16838
Using xml2js for smaller file
parseCOAXml called for file: 1263. N25K15.XML, content length: 13775
Starting parsing.. Size: 13802
Using xml2js for smaller file
parseCOAXml called for file: 1264. I373.XML, content length: 7269
Starting parsing.. Size: 7294
Using xml2js for smaller file
parseCOAXml called for file: 1264. N24G13.XML, content length: 16806
Starting parsing.. Size: 16833
Using xml2js for smaller file
parseCOAXml called for file: 1264. PS25190.XML, content length: 17766
Starting parsing.. Size: 17793
Using xml2js for smaller file
parseCOAXml called for file: 1265. D25K25.XML, content length: 15896
Starting parsing.. Size: 15923
Using xml2js for smaller file
parseCOAXml called for file: 1265. N24G14.XML, content length: 17238
Starting parsing.. Size: 17265
Using xml2js for smaller file
parseCOAXml called for file: 1265. N25C18.XML, content length: 8409
Starting parsing.. Size: 8434
Using xml2js for smaller file
parseCOAXml called for file: 1266. 25AM04.XML, content length: 9584
Starting parsing.. Size: 9609
Using xml2js for smaller file
parseCOAXml called for file: 1266. I413.XML, content length: 19380
Starting parsing.. Size: 19407
Using xml2js for smaller file
parseCOAXml called for file: 1266. N24G15 TOBRINE DX EYE DROPS 5ML(NP).XML, content length: 19639
Starting parsing.. Size: 19672
Using xml2js for smaller file
parseCOAXml called for file: 1267. D25C32.XML, content length: 8967
Starting parsing.. Size: 8992
Using xml2js for smaller file
parseCOAXml called for file: 1267. N24G15 TOBRASON VISION 10ML(MOZAMBIQUE)NP.XML, content length: 19665
Starting parsing.. Size: 19698
Using xml2js for smaller file
parseCOAXml called for file: 1267. PS25191.XML, content length: 17766
Starting parsing.. Size: 17793
Using xml2js for smaller file
parseCOAXml called for file: 1268. N24G16.XML, content length: 17205
Starting parsing.. Size: 17238
Using xml2js for smaller file
parseCOAXml called for file: 1268. N25C19.XML, content length: 10836
Starting parsing.. Size: 10861
Using xml2js for smaller file
parseCOAXml called for file: 1268. PS25192.XML, content length: 17766
Starting parsing.. Size: 17793
Using xml2js for smaller file
parseCOAXml called for file: 1269. 5C09.XML, content length: 8462
Starting parsing.. Size: 8487
Using xml2js for smaller file
parseCOAXml called for file: 1269. D25K26.XML, content length: 15903
Starting parsing.. Size: 15930
Using xml2js for smaller file
parseCOAXml called for file: 1269. N24G17.XML, content length: 17933
Starting parsing.. Size: 17966
Using xml2js for smaller file
parseCOAXml called for file: 127. 4G12 hype 6.XML, content length: 16767
Starting parsing.. Size: 16802
Using xml2js for smaller file
parseCOAXml called for file: 127. D24E07.XML, content length: 10420
Starting parsing.. Size: 10447
Using xml2js for smaller file
parseCOAXml called for file: 127. D25D27.XML, content length: 8573
Starting parsing.. Size: 8598
Using xml2js for smaller file
parseCOAXml called for file: 127. D26A31_MOXIBLIZZ-T EYE DROPS 5ML.XML, content length: 18219
Starting parsing.. Size: 18246
Using xml2js for smaller file
parseCOAXml called for file: 127. N25A27 copy.XML, content length: 19784
Starting parsing.. Size: 19817
Using xml2js for smaller file
parseCOAXml called for file: 127. N25A27.XML, content length: 8427
Starting parsing.. Size: 8452
Using xml2js for smaller file
parseCOAXml called for file: 127. N25D15.XML, content length: 22867
Starting parsing.. Size: 22900
Using xml2js for smaller file
parseCOAXml called for file: 127. N26A27.XML, content length: 9856
Starting parsing.. Size: 9881
Using xml2js for smaller file
parseCOAXml called for file: 1270. D25K26.XML, content length: 15895
Starting parsing.. Size: 15922
Using xml2js for smaller file
parseCOAXml called for file: 1270. N24G18.XML, content length: 16122
Starting parsing.. Size: 16149
Using xml2js for smaller file
parseCOAXml called for file: 1270. N25C20.XML, content length: 10833
Starting parsing.. Size: 10858
Using xml2js for smaller file
parseCOAXml called for file: 1271. D25K26.XML, content length: 15918
Starting parsing.. Size: 15945
Using xml2js for smaller file
parseCOAXml called for file: 1271. N24G20.XML, content length: 22157
Starting parsing.. Size: 22192
Using xml2js for smaller file
parseCOAXml called for file: 1271. N25C21.XML, content length: 10833
Starting parsing.. Size: 10858
Using xml2js for smaller file
parseCOAXml called for file: 1272. 25AM05.XML, content length: 7500
Starting parsing.. Size: 7525
Using xml2js for smaller file
parseCOAXml called for file: 1272. D25K27.XML, content length: 21242
Starting parsing.. Size: 21277
Using xml2js for smaller file
parseCOAXml called for file: 1272. N24G21 SOHYL ULTRA EYE DROPS 10ML(NP).XML, content length: 19610
Starting parsing.. Size: 19637
Using xml2js for smaller file
parseCOAXml called for file: 1273. D25C34.XML, content length: 9743
Starting parsing.. Size: 9768
Using xml2js for smaller file
parseCOAXml called for file: 1273. D25K27.XML, content length: 22428
Starting parsing.. Size: 22463
Using xml2js for smaller file
parseCOAXml called for file: 1273. N24G21 CILUBE ADVANCE EYE DROPS 10ML (NP).XML, content length: 19625
Starting parsing.. Size: 19652
Using xml2js for smaller file
parseCOAXml called for file: 1274. 5C10.XML, content length: 7496
Starting parsing.. Size: 7521
Using xml2js for smaller file
parseCOAXml called for file: 1274. N24G23.XML, content length: 18459
Starting parsing.. Size: 18486
Using xml2js for smaller file
parseCOAXml called for file: 1274. N25K16.XML, content length: 15916
Starting parsing.. Size: 15943
Using xml2js for smaller file
parseCOAXml called for file: 1275.  N24G24 SCIPAT EYE DROPS 5ML (NP).XML, content length: 18682
Starting parsing.. Size: 18709
Using xml2js for smaller file
parseCOAXml called for file: 1275. D25C36.XML, content length: 8655
Starting parsing.. Size: 8680
Using xml2js for smaller file
parseCOAXml called for file: 1275. N25K16.XML, content length: 15946
Starting parsing.. Size: 15973
Using xml2js for smaller file
parseCOAXml called for file: 1276. N24G24 OLOSOFT EYE DROPS 5ML(NP).XML, content length: 18665
Starting parsing.. Size: 18692
Using xml2js for smaller file
parseCOAXml called for file: 1276. N25C23.XML, content length: 8654
Starting parsing.. Size: 8679
Using xml2js for smaller file
parseCOAXml called for file: 1276. PS25193.XML, content length: 17766
Starting parsing.. Size: 17793
Using xml2js for smaller file
parseCOAXml called for file: 1277. 5K18.XML, content length: 18360
Starting parsing.. Size: 18397
Using xml2js for smaller file
parseCOAXml called for file: 1277. D25C37.XML, content length: 8653
Starting parsing.. Size: 8678
Using xml2js for smaller file
parseCOAXml called for file: 1277. N24G24 IO-PAT EYE DROPS 5ML(ANGOLA) NP.XML, content length: 22014
Starting parsing.. Size: 22041
Using xml2js for smaller file
parseCOAXml called for file: 1278. D25K28.XML, content length: 15929
Starting parsing.. Size: 15956
Using xml2js for smaller file
parseCOAXml called for file: 1278. N24G26.XML, content length: 13906
Starting parsing.. Size: 13933
Using xml2js for smaller file
parseCOAXml called for file: 1278. N25C24.XML, content length: 9904
Starting parsing.. Size: 9929
Using xml2js for smaller file
parseCOAXml called for file: 1279. 5C11.XML, content length: 8431
Starting parsing.. Size: 8456
Using xml2js for smaller file
parseCOAXml called for file: 1279. D25K29.XML, content length: 32695
Starting parsing.. Size: 32734
Using xml2js for smaller file
parseCOAXml called for file: 1279. N24G27.XML, content length: 13904
Starting parsing.. Size: 13931
Using xml2js for smaller file
parseCOAXml called for file: 128. 26AM03.XML, content length: 11140
Starting parsing.. Size: 11165
Using xml2js for smaller file
parseCOAXml called for file: 128. 4G13.XML, content length: 17451
Starting parsing.. Size: 17488
Using xml2js for smaller file
parseCOAXml called for file: 128. D25A29 copy.XML, content length: 16766
Starting parsing.. Size: 16793
Using xml2js for smaller file
parseCOAXml called for file: 128. D25A29.XML, content length: 8679
Starting parsing.. Size: 8704
Using xml2js for smaller file
parseCOAXml called for file: 128. D26A31_MOXICON-T EYE DROPS 5ML.XML, content length: 18214
Starting parsing.. Size: 18241
Using xml2js for smaller file
parseCOAXml called for file: 128. GP156.XML, content length: 8719
Starting parsing.. Size: 8744
Using xml2js for smaller file
parseCOAXml called for file: 128. N25D15.XML, content length: 22878
Starting parsing.. Size: 22911
Using xml2js for smaller file
parseCOAXml called for file: 128. N25D25.XML, content length: 8608
Starting parsing.. Size: 8633
Using xml2js for smaller file
parseCOAXml called for file: 1280. D25C38.XML, content length: 8728
Starting parsing.. Size: 8753
Using xml2js for smaller file
parseCOAXml called for file: 1280. D25K29.XML, content length: 32697
Starting parsing.. Size: 32736
Using xml2js for smaller file
parseCOAXml called for file: 1280. N24G28.XML, content length: 18420
Starting parsing.. Size: 18447
Using xml2js for smaller file
parseCOAXml called for file: 1281. IS0015K.XML, content length: 21641
Starting parsing.. Size: 21670
Using xml2js for smaller file
parseCOAXml called for file: 1281. N24G29.XML, content length: 17188
Starting parsing.. Size: 17215
Using xml2js for smaller file
parseCOAXml called for file: 1281. N25C25.XML, content length: 9517
Starting parsing.. Size: 9542
Using xml2js for smaller file
parseCOAXml called for file: 1282. D25C39.XML, content length: 8436
Starting parsing.. Size: 8461
Using xml2js for smaller file
parseCOAXml called for file: 1282. N24G30.XML, content length: 16983
Starting parsing.. Size: 17010
Using xml2js for smaller file
parseCOAXml called for file: 1282. PS25194.XML, content length: 17767
Starting parsing.. Size: 17794
Using xml2js for smaller file
parseCOAXml called for file: 1283. D25K30.XML, content length: 20933
Starting parsing.. Size: 20966
Using xml2js for smaller file
parseCOAXml called for file: 1283. N24G31.XML, content length: 17890
Starting parsing.. Size: 17917
Using xml2js for smaller file
parseCOAXml called for file: 1283. N25C26.XML, content length: 9517
Starting parsing.. Size: 9542
Using xml2js for smaller file
parseCOAXml called for file: 1284. D25K31.XML, content length: 22027
Starting parsing.. Size: 22054
Using xml2js for smaller file
parseCOAXml called for file: 1284. N24H02 SCIPRED EYE DROPS 10ML (SCIPREC LL).XML, content length: 17212
Starting parsing.. Size: 17245
Using xml2js for smaller file
parseCOAXml called for file: 1285. N24H02 I-PRED EYE DROPS 10ML(ANGOLA)NP.XML, content length: 17189
Starting parsing.. Size: 17222
Using xml2js for smaller file
parseCOAXml called for file: 1285. N25K17.XML, content length: 18513
Starting parsing.. Size: 18540
Using xml2js for smaller file
parseCOAXml called for file: 1286. 5K19.XML, content length: 15671
Starting parsing.. Size: 15698
Using xml2js for smaller file
parseCOAXml called for file: 1286. N24H03.XML, content length: 13570
Starting parsing.. Size: 13597
Using xml2js for smaller file
parseCOAXml called for file: 1287. 5K19.XML, content length: 15663
Starting parsing.. Size: 15690
Using xml2js for smaller file
parseCOAXml called for file: 1287. N24H04.XML, content length: 16111
Starting parsing.. Size: 16138
Using xml2js for smaller file
parseCOAXml called for file: 1288. D25K32.XML, content length: 18332
Starting parsing.. Size: 18359
Using xml2js for smaller file
parseCOAXml called for file: 1288. N24H05.XML, content length: 16111
Starting parsing.. Size: 16138
Using xml2js for smaller file
parseCOAXml called for file: 1289. D25K32.XML, content length: 18327
Starting parsing.. Size: 18354
Using xml2js for smaller file
parseCOAXml called for file: 1289. N24H06.XML, content length: 15946
Starting parsing.. Size: 15973
Using xml2js for smaller file
parseCOAXml called for file: 129. 26AM04.XML, content length: 11142
Starting parsing.. Size: 11167
Using xml2js for smaller file
parseCOAXml called for file: 129. 4G14.XML, content length: 17451
Starting parsing.. Size: 17488
Using xml2js for smaller file
parseCOAXml called for file: 129. D24E08.XML, content length: 8666
Starting parsing.. Size: 8691
Using xml2js for smaller file
parseCOAXml called for file: 129. D25A30 copy.XML, content length: 18162
Starting parsing.. Size: 18189
Using xml2js for smaller file
parseCOAXml called for file: 129. D25A30.XML, content length: 9001
Starting parsing.. Size: 9026
Using xml2js for smaller file
parseCOAXml called for file: 129. D26A32_CELLUCON PLUS EYE DROPS 10ML.XML, content length: 19159
Starting parsing.. Size: 19186
Using xml2js for smaller file
parseCOAXml called for file: 129. N25D15.XML, content length: 22917
Starting parsing.. Size: 22950
Using xml2js for smaller file
parseCOAXml called for file: 129. N25D26.XML, content length: 8698
Starting parsing.. Size: 8723
Using xml2js for smaller file
parseCOAXml called for file: 1290. N24H07.XML, content length: 16566
Starting parsing.. Size: 16593
Using xml2js for smaller file
parseCOAXml called for file: 1290. N25K18.XML, content length: 16796
Starting parsing.. Size: 16823
Using xml2js for smaller file
parseCOAXml called for file: 1291. N24H08 BEPOPREC ED 5ML(BKC-0.005%)NP.XML, content length: 17527
Starting parsing.. Size: 17554
Using xml2js for smaller file
parseCOAXml called for file: 1291. N25K18.XML, content length: 16749
Starting parsing.. Size: 16776
Using xml2js for smaller file
parseCOAXml called for file: 1292. N24H08 BEPOTAST ED 5ML(INDIANA) BKC 0.005%.XML, content length: 17513
Starting parsing.. Size: 17540
Using xml2js for smaller file
parseCOAXml called for file: 1292. N25K18.XML, content length: 16745
Starting parsing.. Size: 16772
Using xml2js for smaller file
parseCOAXml called for file: 1293. N24H08 BEPOPLUS EYE DROPS 5ML (NP).XML, content length: 17504
Starting parsing.. Size: 17531
Using xml2js for smaller file
parseCOAXml called for file: 1293. PS25195.XML, content length: 17767
Starting parsing.. Size: 17794
Using xml2js for smaller file
parseCOAXml called for file: 1294. N24H09.XML, content length: 33247
Starting parsing.. Size: 33286
Using xml2js for smaller file
parseCOAXml called for file: 1294. PS25196.XML, content length: 17766
Starting parsing.. Size: 17793
Using xml2js for smaller file
parseCOAXml called for file: 1295. D25K33.XML, content length: 19618
Starting parsing.. Size: 19645
Using xml2js for smaller file
parseCOAXml called for file: 1295. N24H10.XML, content length: 21161
Starting parsing.. Size: 21194
Using xml2js for smaller file
parseCOAXml called for file: 1296. D25K33.XML, content length: 19658
Starting parsing.. Size: 19685
Using xml2js for smaller file
parseCOAXml called for file: 1296. N24H11.XML, content length: 16117
Starting parsing.. Size: 16144
Using xml2js for smaller file
parseCOAXml called for file: 1297. D25K33.XML, content length: 19613
Starting parsing.. Size: 19640
Using xml2js for smaller file
parseCOAXml called for file: 1297. N24H12.XML, content length: 20016
Starting parsing.. Size: 20049
Using xml2js for smaller file
parseCOAXml called for file: 1298. D25K33.XML, content length: 19632
Starting parsing.. Size: 19659
Using xml2js for smaller file
parseCOAXml called for file: 1298. N24H13.XML, content length: 16117
Starting parsing.. Size: 16144
Using xml2js for smaller file
parseCOAXml called for file: 1299. D25K33.XML, content length: 19631
Starting parsing.. Size: 19658
Using xml2js for smaller file
parseCOAXml called for file: 1299. N24H14.XML, content length: 19936
Starting parsing.. Size: 19963
Using xml2js for smaller file
parseCOAXml called for file: 13. 24AM13.XML, content length: 17073
Starting parsing.. Size: 17100
Using xml2js for smaller file
parseCOAXml called for file: 13. 6A02_IO MOX EYE OINTMENT 5GM.XML, content length: 18623
Starting parsing.. Size: 18662
Using xml2js for smaller file
parseCOAXml called for file: 13. D25D03 copy.XML, content length: 15996
Starting parsing.. Size: 16023
Using xml2js for smaller file
parseCOAXml called for file: 13. D25D03.XML, content length: 8515
Starting parsing.. Size: 8540
Using xml2js for smaller file
parseCOAXml called for file: 13. D25L23.XML, content length: 8720
Starting parsing.. Size: 8745
Using xml2js for smaller file
parseCOAXml called for file: 13. PS24055.XML, content length: 7866
Starting parsing.. Size: 7891
Using xml2js for smaller file
parseCOAXml called for file: 13. PS25217.XML, content length: 17766
Starting parsing.. Size: 17793
Using xml2js for smaller file
parseCOAXml called for file: 13. PS25218.XML, content length: 7747
Starting parsing.. Size: 7772
Using xml2js for smaller file
parseCOAXml called for file: 13. PS26045.XML, content length: 7747
Starting parsing.. Size: 7772
Using xml2js for smaller file
parseCOAXml called for file: 13. PZ25007.XML, content length: 17769
Starting parsing.. Size: 17796
Using xml2js for smaller file
parseCOAXml called for file: 130. 4G15.XML, content length: 17451
Starting parsing.. Size: 17488
Using xml2js for smaller file
parseCOAXml called for file: 130. 6B01.XML, content length: 9580
Starting parsing.. Size: 9605
Using xml2js for smaller file
parseCOAXml called for file: 130. AI072 copy.XML, content length: 12029
Starting parsing.. Size: 12056
Using xml2js for smaller file
parseCOAXml called for file: 130. AI072.XML, content length: 5522
Starting parsing.. Size: 5547
Using xml2js for smaller file
parseCOAXml called for file: 130. D25D28.XML, content length: 9569
Starting parsing.. Size: 9594
Using xml2js for smaller file
parseCOAXml called for file: 130. D26A32_GENLUBE GEL EYE DROPS 10ML.XML, content length: 19155
Starting parsing.. Size: 19182
Using xml2js for smaller file
parseCOAXml called for file: 130. GP157.XML, content length: 8719
Starting parsing.. Size: 8744
Using xml2js for smaller file
parseCOAXml called for file: 130. N25D15.XML, content length: 22920
Starting parsing.. Size: 22953
Using xml2js for smaller file
parseCOAXml called for file: 130. PS25053.XML, content length: 7747
Starting parsing.. Size: 7772
Using xml2js for smaller file
parseCOAXml called for file: 1300. N24H15.XML, content length: 19936
Starting parsing.. Size: 19963
Using xml2js for smaller file
parseCOAXml called for file: 1300. N25K19.XML, content length: 16780
Starting parsing.. Size: 16807
Using xml2js for smaller file
parseCOAXml called for file: 1301. N24H16 POLYCON EYE DROPS 10ML(NP).XML, content length: 19635
Starting parsing.. Size: 19662
Using xml2js for smaller file
parseCOAXml called for file: 1301. PS25197.XML, content length: 17766
Starting parsing.. Size: 17793
Using xml2js for smaller file
parseCOAXml called for file: 1302. D25K34.XML, content length: 14706
Starting parsing.. Size: 14733
Using xml2js for smaller file
parseCOAXml called for file: 1302. N24H16 ULTRANEXT EYE DROPS 10ML(NP).XML, content length: 19606
Starting parsing.. Size: 19633
Using xml2js for smaller file
parseCOAXml called for file: 1303. D25K35.XML, content length: 14964
Starting parsing.. Size: 14991
Using xml2js for smaller file
parseCOAXml called for file: 1303. N24H16 GLYWET EYE DROPS 10ML(NP).XML, content length: 19632
Starting parsing.. Size: 19659
Using xml2js for smaller file
parseCOAXml called for file: 1304. D25K35.XML, content length: 26581
Starting parsing.. Size: 26608
Using xml2js for smaller file
parseCOAXml called for file: 1304. N24H16 OPTILUBE EYE DROPS 10ML (SOC) NP.XML, content length: 20004
Starting parsing.. Size: 20031
Using xml2js for smaller file
parseCOAXml called for file: 1305. D25K35.XML, content length: 16347
Starting parsing.. Size: 16374
Using xml2js for smaller file
parseCOAXml called for file: 1305. N24H16 N SOFT ULTRA  ED 10ML(NOBIL) NP.XML, content length: 19636
Starting parsing.. Size: 19663
Using xml2js for smaller file
parseCOAXml called for file: 1306. I414.XML, content length: 15006
Starting parsing.. Size: 15033
Using xml2js for smaller file
parseCOAXml called for file: 1306. N24H17.XML, content length: 18822
Starting parsing.. Size: 18849
Using xml2js for smaller file
parseCOAXml called for file: 1307. I414.XML, content length: 15051
Starting parsing.. Size: 15078
Using xml2js for smaller file
parseCOAXml called for file: 1307. N24H19 NATAMYCIN OPH SUSP IP(GMSCL) NP.XML, content length: 17219
Starting parsing.. Size: 17252
Using xml2js for smaller file
parseCOAXml called for file: 1308. N24H19 NATAMYCIN OPH SUS USP 5ML (VIETNAM).XML, content length: 17247
Starting parsing.. Size: 17280
Using xml2js for smaller file
parseCOAXml called for file: 1308. N25K20.XML, content length: 16780
Starting parsing.. Size: 16807
Using xml2js for smaller file
parseCOAXml called for file: 1309. N24H19 IO-NATA EYE DROPS 5ML (UGANDA)NP.XML, content length: 17176
Starting parsing.. Size: 17209
Using xml2js for smaller file
parseCOAXml called for file: 1309. PS25198.XML, content length: 17766
Starting parsing.. Size: 17793
Using xml2js for smaller file
parseCOAXml called for file: 131. 4G16.XML, content length: 17101
Starting parsing.. Size: 17128
Using xml2js for smaller file
parseCOAXml called for file: 131. D24E09.XML, content length: 11567
Starting parsing.. Size: 11592
Using xml2js for smaller file
parseCOAXml called for file: 131. D26A32_I TEAR EYE DROPS 10ML.XML, content length: 19175
Starting parsing.. Size: 19202
Using xml2js for smaller file
parseCOAXml called for file: 131. D26B02.XML, content length: 11138
Starting parsing.. Size: 11163
Using xml2js for smaller file
parseCOAXml called for file: 131. N25B07 copy.XML, content length: 16814
Starting parsing.. Size: 16841
Using xml2js for smaller file
parseCOAXml called for file: 131. N25B07.XML, content length: 8498
Starting parsing.. Size: 8523
Using xml2js for smaller file
parseCOAXml called for file: 131. PS25042.XML, content length: 17766
Starting parsing.. Size: 17793
Using xml2js for smaller file
parseCOAXml called for file: 1310. 5K20.XML, content length: 18709
Starting parsing.. Size: 18746
Using xml2js for smaller file
parseCOAXml called for file: 1310. N24H19  IO-NATA EYE DROPS 5ML (NP)INDIANA.XML, content length: 17192
Starting parsing.. Size: 17225
Using xml2js for smaller file
parseCOAXml called for file: 1311. D25K36.XML, content length: 19407
Starting parsing.. Size: 19434
Using xml2js for smaller file
parseCOAXml called for file: 1311. N24H20.XML, content length: 18529
Starting parsing.. Size: 18556
Using xml2js for smaller file
parseCOAXml called for file: 1312. N24H21 PROTEARS SP 5ML(JUVENCIA)NP.XML, content length: 19983
Starting parsing.. Size: 20010
Using xml2js for smaller file
parseCOAXml called for file: 1312. N25K21.XML, content length: 16785
Starting parsing.. Size: 16812
Using xml2js for smaller file
parseCOAXml called for file: 1313. N24H21 PROTEARS SP 10ML(JUVENCIA)NP.XML, content length: 19989
Starting parsing.. Size: 20016
Using xml2js for smaller file
parseCOAXml called for file: 1313. N25K22.XML, content length: 16784
Starting parsing.. Size: 16811
Using xml2js for smaller file
parseCOAXml called for file: 1314. N24H22.XML, content length: 18529
Starting parsing.. Size: 18556
Using xml2js for smaller file
parseCOAXml called for file: 1314. PS25199.XML, content length: 17767
Starting parsing.. Size: 17794
Using xml2js for smaller file
parseCOAXml called for file: 1315. N24H23.XML, content length: 18528
Starting parsing.. Size: 18555
Using xml2js for smaller file
parseCOAXml called for file: 1315. PS25200.XML, content length: 17766
Starting parsing.. Size: 17793
Using xml2js for smaller file
parseCOAXml called for file: 1316. D25K37.XML, content length: 33834
Starting parsing.. Size: 33861
Using xml2js for smaller file
parseCOAXml called for file: 1316. N24H24.XML, content length: 18758
Starting parsing.. Size: 18785
Using xml2js for smaller file
parseCOAXml called for file: 1317. I415.XML, content length: 19397
Starting parsing.. Size: 19424
Using xml2js for smaller file
parseCOAXml called for file: 1317. N24I01.XML, content length: 18750
Starting parsing.. Size: 18777
Using xml2js for smaller file
parseCOAXml called for file: 1318. N24I02.XML, content length: 18746
Starting parsing.. Size: 18773
Using xml2js for smaller file
parseCOAXml called for file: 1318. N25K23.XML, content length: 20930
Starting parsing.. Size: 20963
Using xml2js for smaller file
parseCOAXml called for file: 1319. N24I03 TOBRA VISION 10ML (CONGO BIOMATRIX).XML, content length: 17213
Starting parsing.. Size: 17240
Using xml2js for smaller file
parseCOAXml called for file: 1319. N25K23.XML, content length: 20936
Starting parsing.. Size: 20969
Using xml2js for smaller file
parseCOAXml called for file: 132. 4H01.XML, content length: 17102
Starting parsing.. Size: 17129
Using xml2js for smaller file
parseCOAXml called for file: 132. D24E10.XML, content length: 11566
Starting parsing.. Size: 11591
Using xml2js for smaller file
parseCOAXml called for file: 132. D26A32_OSMILOZ GEL EYE DROPS 10ML.XML, content length: 19156
Starting parsing.. Size: 19183
Using xml2js for smaller file
parseCOAXml called for file: 132. N25B09 copy.XML, content length: 13553
Starting parsing.. Size: 13580
Using xml2js for smaller file
parseCOAXml called for file: 132. N25B09.XML, content length: 8480
Starting parsing.. Size: 8505
Using xml2js for smaller file
parseCOAXml called for file: 132. N25D27.XML, content length: 8764
Starting parsing.. Size: 8789
Using xml2js for smaller file
parseCOAXml called for file: 132. N26B01.XML, content length: 10147
Starting parsing.. Size: 10172
Using xml2js for smaller file
parseCOAXml called for file: 132. PS25043.XML, content length: 17766
Starting parsing.. Size: 17793
Using xml2js for smaller file
parseCOAXml called for file: 1320. N24I03 TOBRAMYCIN-TLG(0.3%)5ML(TLG PHARMA).XML, content length: 17206
Starting parsing.. Size: 17233
Using xml2js for smaller file
parseCOAXml called for file: 1320. N25K23.XML, content length: 20928
Starting parsing.. Size: 20961
Using xml2js for smaller file
parseCOAXml called for file: 1321. N24I04 NACL VISION 10ML(CONGO) BIOMATRIX.XML, content length: 16768
Starting parsing.. Size: 16795
Using xml2js for smaller file
parseCOAXml called for file: 1321. N25K23.XML, content length: 20941
Starting parsing.. Size: 20974
Using xml2js for smaller file
parseCOAXml called for file: 1322. N24I04 AABCHLOR 10ML (MEDICAL DEVICE).XML, content length: 16744
Starting parsing.. Size: 16771
Using xml2js for smaller file
parseCOAXml called for file: 1322. PS25201.XML, content length: 17766
Starting parsing.. Size: 17793
Using xml2js for smaller file
parseCOAXml called for file: 1323. B5K02.XML, content length: 14477
Starting parsing.. Size: 14504
Using xml2js for smaller file
parseCOAXml called for file: 1323. N24I05.XML, content length: 16753
Starting parsing.. Size: 16780
Using xml2js for smaller file
parseCOAXml called for file: 1324. D25K38.XML, content length: 16081
Starting parsing.. Size: 16108
Using xml2js for smaller file
  ...1500 COA files processed (created 1493)
parseCOAXml called for file: 1324. N24I07.XML, content length: 19218
Starting parsing.. Size: 19251
Using xml2js for smaller file
parseCOAXml called for file: 1325. D25K38.XML, content length: 16072
Starting parsing.. Size: 16099
Using xml2js for smaller file
parseCOAXml called for file: 1325. N24I08.XML, content length: 19207
Starting parsing.. Size: 19240
Using xml2js for smaller file
parseCOAXml called for file: 1326. D25K39.XML, content length: 18059
Starting parsing.. Size: 18086
Using xml2js for smaller file
parseCOAXml called for file: 1326.N24I09.XML, content length: 16121
Starting parsing.. Size: 16148
Using xml2js for smaller file
parseCOAXml called for file: 1327. I416.XML, content length: 15423
Starting parsing.. Size: 15450
Using xml2js for smaller file
parseCOAXml called for file: 1327. N24I10.XML, content length: 16130
Starting parsing.. Size: 16157
Using xml2js for smaller file
parseCOAXml called for file: 1328. N24I11.XML, content length: 18994
Starting parsing.. Size: 19027
Using xml2js for smaller file
parseCOAXml called for file: 1328. N25K24.XML, content length: 20931
Starting parsing.. Size: 20964
Using xml2js for smaller file
parseCOAXml called for file: 1329. N24I12.XML, content length: 20382
Starting parsing.. Size: 20413
Using xml2js for smaller file
parseCOAXml called for file: 1329. N25K24.XML, content length: 20952
Starting parsing.. Size: 20985
Using xml2js for smaller file
parseCOAXml called for file: 133. 4H02.XML, content length: 17092
Starting parsing.. Size: 17119
Using xml2js for smaller file
parseCOAXml called for file: 133. 6B02.XML, content length: 9580
Starting parsing.. Size: 9605
Using xml2js for smaller file
parseCOAXml called for file: 133. AI074.XML, content length: 15763
Starting parsing.. Size: 15790
Using xml2js for smaller file
parseCOAXml called for file: 133. D26A32_SCIFRESH GEL EYE DROPS 10ML.XML, content length: 19174
Starting parsing.. Size: 19201
Using xml2js for smaller file
parseCOAXml called for file: 133. N24E07.XML, content length: 8507
Starting parsing.. Size: 8532
Using xml2js for smaller file
parseCOAXml called for file: 133. N25B10 copy.XML, content length: 17895
Starting parsing.. Size: 17922
Using xml2js for smaller file
parseCOAXml called for file: 133. N25B10.XML, content length: 8473
Starting parsing.. Size: 8498
Using xml2js for smaller file
parseCOAXml called for file: 133. N25D28.XML, content length: 9818
Starting parsing.. Size: 9843
Using xml2js for smaller file
parseCOAXml called for file: 1330. N24I13 FLUREM 5ML (UZBEKISTAN).XML, content length: 19226
Starting parsing.. Size: 19253
Using xml2js for smaller file
parseCOAXml called for file: 1330. N25K24.XML, content length: 20940
Starting parsing.. Size: 20973
Using xml2js for smaller file
parseCOAXml called for file: 1331. N24I13 FLUT EYE DROPS 5ML(UGANDA).XML, content length: 20957
Starting parsing.. Size: 20990
Using xml2js for smaller file
parseCOAXml called for file: 1331. N25K24.XML, content length: 20940
Starting parsing.. Size: 20973
Using xml2js for smaller file
parseCOAXml called for file: 1332. N24I14.XML, content length: 1950
Starting parsing.. Size: 1994
Using xml2js for smaller file
parseCOAXml called for file: 1332. N25K24.XML, content length: 20932
Starting parsing.. Size: 20965
Using xml2js for smaller file
parseCOAXml called for file: 1333. D25K40.XML, content length: 19169
Starting parsing.. Size: 19196
Using xml2js for smaller file
parseCOAXml called for file: 1333. N24I15.XML, content length: 19662
Starting parsing.. Size: 19695
Using xml2js for smaller file
parseCOAXml called for file: 1334. D25K40.XML, content length: 19160
Starting parsing.. Size: 19187
Using xml2js for smaller file
parseCOAXml called for file: 1334. N24I16.XML, content length: 17934
Starting parsing.. Size: 17961
Using xml2js for smaller file
parseCOAXml called for file: 1335. D25K40.XML, content length: 33516
Starting parsing.. Size: 33543
Using xml2js for smaller file
parseCOAXml called for file: 1335. N24I17.XML, content length: 17931
Starting parsing.. Size: 17958
Using xml2js for smaller file
parseCOAXml called for file: 1336. D25K41.XML, content length: 19344
Starting parsing.. Size: 19371
Using xml2js for smaller file
parseCOAXml called for file: 1336. N24I18.XML, content length: 17933
Starting parsing.. Size: 17960
Using xml2js for smaller file
parseCOAXml called for file: 1337. D25K41.XML, content length: 19353
Starting parsing.. Size: 19380
Using xml2js for smaller file
parseCOAXml called for file: 1337. N24I19.XML, content length: 17933
Starting parsing.. Size: 17960
Using xml2js for smaller file
parseCOAXml called for file: 1338. D25K41.XML, content length: 19339
Starting parsing.. Size: 19366
Using xml2js for smaller file
parseCOAXml called for file: 1338. N24I20.XML, content length: 17929
Starting parsing.. Size: 17956
Using xml2js for smaller file
parseCOAXml called for file: 1339. I417.XML, content length: 15354
Starting parsing.. Size: 15381
Using xml2js for smaller file
parseCOAXml called for file: 1339. N24I22.XML, content length: 17075
Starting parsing.. Size: 17102
Using xml2js for smaller file
parseCOAXml called for file: 134. 4H03.XML, content length: 17046
Starting parsing.. Size: 17073
Using xml2js for smaller file
parseCOAXml called for file: 134. D25D13.XML, content length: 15846
Starting parsing.. Size: 15873
Using xml2js for smaller file
parseCOAXml called for file: 134. D26A33_IO-MOX LP EYE DROPS 5ML.XML, content length: 22878
Starting parsing.. Size: 22911
Using xml2js for smaller file
parseCOAXml called for file: 134. D26B03.XML, content length: 8665
Starting parsing.. Size: 8690
Using xml2js for smaller file
parseCOAXml called for file: 134. N24E08.XML, content length: 8724
Starting parsing.. Size: 8749
Using xml2js for smaller file
parseCOAXml called for file: 134. N25B11 copy.XML, content length: 17891
Starting parsing.. Size: 17918
Using xml2js for smaller file
parseCOAXml called for file: 134. N25B11.XML, content length: 8473
Starting parsing.. Size: 8498
Using xml2js for smaller file
parseCOAXml called for file: 134. UC25002.XML, content length: 6557
Starting parsing.. Size: 6582
Using xml2js for smaller file
parseCOAXml called for file: 1340. N24I23.XML, content length: 17200
Starting parsing.. Size: 17227
Using xml2js for smaller file
parseCOAXml called for file: 1340. N25K25.XML, content length: 22027
Starting parsing.. Size: 22054
Using xml2js for smaller file
parseCOAXml called for file: 1341. B5K03.XML, content length: 13343
Starting parsing.. Size: 13370
Using xml2js for smaller file
parseCOAXml called for file: 1341. N24I24 TROPISCI-P EYE DROPS 5ML BKC.XML, content length: 18574
Starting parsing.. Size: 18601
Using xml2js for smaller file
parseCOAXml called for file: 1342. D25K42.XML, content length: 19591
Starting parsing.. Size: 19618
Using xml2js for smaller file
parseCOAXml called for file: 1342. N24I24 TROPICYL-PLUS EYE DROPS 5ML(BKC).XML, content length: 18186
Starting parsing.. Size: 18213
Using xml2js for smaller file
parseCOAXml called for file: 1343. I418.XML, content length: 13601
Starting parsing.. Size: 13628
Using xml2js for smaller file
parseCOAXml called for file: 1343. N24I26.XML, content length: 16551
Starting parsing.. Size: 16578
Using xml2js for smaller file
parseCOAXml called for file: 1344. D25L02.XML, content length: 17050
Starting parsing.. Size: 17077
Using xml2js for smaller file
parseCOAXml called for file: 1344. N24I27 BRIMOTIM PLUS EYE DROPS 5ML(R'KEON).XML, content length: 16085
Starting parsing.. Size: 16112
Using xml2js for smaller file
parseCOAXml called for file: 1345. D25L02.XML, content length: 17040
Starting parsing.. Size: 17067
Using xml2js for smaller file
parseCOAXml called for file: 1345. N24I27 BREEMOL-T EYE DROPS 5ML(YEMEN).XML, content length: 17441
Starting parsing.. Size: 17468
Using xml2js for smaller file
parseCOAXml called for file: 1346. N24I27 BRIMOTIM PLUS ED 5MLP.S(R'KEON).XML, content length: 16295
Starting parsing.. Size: 16322
Using xml2js for smaller file
parseCOAXml called for file: 1346. N25L01.XML, content length: 17140
Starting parsing.. Size: 17173
Using xml2js for smaller file
parseCOAXml called for file: 1347. N24I28 BTCURE EYE DROPS 5ML(SOC).XML, content length: 16273
Starting parsing.. Size: 16300
Using xml2js for smaller file
parseCOAXml called for file: 1347. N25L01.XML, content length: 17182
Starting parsing.. Size: 17215
Using xml2js for smaller file
parseCOAXml called for file: 1348. GP170.XML, content length: 12391
Starting parsing.. Size: 12418
Using xml2js for smaller file
parseCOAXml called for file: 1348. N24I28 BT PREC EYE DROPS 5ML-SOC.XML, content length: 16296
Starting parsing.. Size: 16323
Using xml2js for smaller file
parseCOAXml called for file: 1349. I419.XML, content length: 13601
Starting parsing.. Size: 13628
Using xml2js for smaller file
parseCOAXml called for file: 1349. N24I28 PRESSOTIM EYE DROPS 5ML.XML, content length: 16275
Starting parsing.. Size: 16302
Using xml2js for smaller file
parseCOAXml called for file: 135. 4E08.XML, content length: 7595
Starting parsing.. Size: 7620
Using xml2js for smaller file
parseCOAXml called for file: 135. 4H04.XML, content length: 18658
Starting parsing.. Size: 18695
Using xml2js for smaller file
parseCOAXml called for file: 135. 5B05 copy.XML, content length: 14996
Starting parsing.. Size: 15033
Using xml2js for smaller file
parseCOAXml called for file: 135. 5B05.XML, content length: 7308
Starting parsing.. Size: 7333
Using xml2js for smaller file
parseCOAXml called for file: 135. D25D14.XML, content length: 14868
Starting parsing.. Size: 14895
Using xml2js for smaller file
parseCOAXml called for file: 135. D25D29.XML, content length: 8677
Starting parsing.. Size: 8702
Using xml2js for smaller file
parseCOAXml called for file: 135. D26A33_LOTEMOX PF EYE DROPS 5ML PS.XML, content length: 22893
Starting parsing.. Size: 22926
Using xml2js for smaller file
parseCOAXml called for file: 135. N26B02.XML, content length: 8641
Starting parsing.. Size: 8666
Using xml2js for smaller file
parseCOAXml called for file: 1350. N24I30 TOBRASON VISION 10ML (CONGO).XML, content length: 20584
Starting parsing.. Size: 20617
Using xml2js for smaller file
parseCOAXml called for file: 1350. N25L02.XML, content length: 17173
Starting parsing.. Size: 17206
Using xml2js for smaller file
parseCOAXml called for file: 1351. N24I30 TOBRINE DX EYE DROPS 5ML..XML, content length: 19419
Starting parsing.. Size: 19452
Using xml2js for smaller file
parseCOAXml called for file: 1351. N25L03.XML, content length: 18160
Starting parsing.. Size: 18187
Using xml2js for smaller file
parseCOAXml called for file: 1352. B5L01.XML, content length: 12387
Starting parsing.. Size: 12414
Using xml2js for smaller file
parseCOAXml called for file: 1352. N24I30 TOBRADM EYE DROPS 5ML (YEMEN).XML, content length: 19418
Starting parsing.. Size: 19451
Using xml2js for smaller file
parseCOAXml called for file: 1353. D25L05.XML, content length: 14951
Starting parsing.. Size: 14978
Using xml2js for smaller file
parseCOAXml called for file: 1353. N24I31.XML, content length: 19920
Starting parsing.. Size: 19947
Using xml2js for smaller file
parseCOAXml called for file: 1354. D25L06.XML, content length: 19422
Starting parsing.. Size: 19449
Using xml2js for smaller file
parseCOAXml called for file: 1354. N24I32.XML, content length: 18994
Starting parsing.. Size: 19027
Using xml2js for smaller file
parseCOAXml called for file: 1355. N25L04.XML, content length: 15906
Starting parsing.. Size: 15933
Using xml2js for smaller file
parseCOAXml called for file: 1355. NI4I33 PRED EYE DROPS 10ML(YEMEN).XML, content length: 17181
Starting parsing.. Size: 17214
Using xml2js for smaller file
parseCOAXml called for file: 1356. N24I33 SCIPRED EYE DROPS 10ML(SCIPREC LL)..XML, content length: 17199
Starting parsing.. Size: 17232
Using xml2js for smaller file
parseCOAXml called for file: 1356. N25L05.XML, content length: 15907
Starting parsing.. Size: 15934
Using xml2js for smaller file
parseCOAXml called for file: 1357. N24I33 PREDNOL VISION 10ML (CONGO).XML, content length: 17183
Starting parsing.. Size: 17216
Using xml2js for smaller file
parseCOAXml called for file: 1357. N25L05.XML, content length: 15703
Starting parsing.. Size: 15730
Using xml2js for smaller file
parseCOAXml called for file: 1358. 5L01.XML, content length: 16259
Starting parsing.. Size: 16296
Using xml2js for smaller file
parseCOAXml called for file: 1358. N24I34 PREDNOL VISION 10ML(ANGOLA).XML, content length: 17185
Starting parsing.. Size: 17218
Using xml2js for smaller file
parseCOAXml called for file: 1359. D25L07.XML, content length: 31850
Starting parsing.. Size: 31877
Using xml2js for smaller file
parseCOAXml called for file: 1359. N24J01 MYTROPINE 5ML(NEW FAR EAST-MEDIKUR).XML, content length: 18514
Starting parsing.. Size: 18541
Using xml2js for smaller file
parseCOAXml called for file: 136. 4H05.XML, content length: 16521
Starting parsing.. Size: 16558
Using xml2js for smaller file
parseCOAXml called for file: 136. D24E11.XML, content length: 10633
Starting parsing.. Size: 10658
Using xml2js for smaller file
parseCOAXml called for file: 136. D26A33_LOTEMOX PF EYE DROPS 5ML.XML, content length: 22882
Starting parsing.. Size: 22915
Using xml2js for smaller file
parseCOAXml called for file: 136. D26B04.XML, content length: 9604
Starting parsing.. Size: 9629
Using xml2js for smaller file
parseCOAXml called for file: 136. N25B15 copy.XML, content length: 19140
Starting parsing.. Size: 19167
Using xml2js for smaller file
parseCOAXml called for file: 136. N25B15.XML, content length: 8488
Starting parsing.. Size: 8513
Using xml2js for smaller file
parseCOAXml called for file: 136. N25D16.XML, content length: 18499
Starting parsing.. Size: 18526
Using xml2js for smaller file
parseCOAXml called for file: 136. N25D30.XML, content length: 9613
Starting parsing.. Size: 9638
Using xml2js for smaller file
parseCOAXml called for file: 1360. L1825023.XML, content length: 11260
Starting parsing.. Size: 11287
Using xml2js for smaller file
parseCOAXml called for file: 1360. N24J01 MYTROPINE 10ML(NEW FAR EAST-MEDI).XML, content length: 18523
Starting parsing.. Size: 18550
Using xml2js for smaller file
parseCOAXml called for file: 1361. N24J02.XML, content length: 19996
Starting parsing.. Size: 20023
Using xml2js for smaller file
parseCOAXml called for file: 1361. N25L06.XML, content length: 24775
Starting parsing.. Size: 24808
Using xml2js for smaller file
parseCOAXml called for file: 1362. 5L02.XML, content length: 17556
Starting parsing.. Size: 17593
Using xml2js for smaller file
parseCOAXml called for file: 1362. N24J03.XML, content length: 16149
Starting parsing.. Size: 16176
Using xml2js for smaller file
parseCOAXml called for file: 1363. 5L02.XML, content length: 17545
Starting parsing.. Size: 17582
Using xml2js for smaller file
parseCOAXml called for file: 1363. N24J04.XML, content length: 17475
Starting parsing.. Size: 17502
Using xml2js for smaller file
parseCOAXml called for file: 1364. D25L09.XML, content length: 15920
Starting parsing.. Size: 15947
Using xml2js for smaller file
parseCOAXml called for file: 1364. N24J05 GATIFREE-HS EYE DROPS 5ML.XML, content length: 15986
Starting parsing.. Size: 16013
Using xml2js for smaller file
parseCOAXml called for file: 1365. D25L10.XML, content length: 15953
Starting parsing.. Size: 15980
Using xml2js for smaller file
parseCOAXml called for file: 1365. N24J05 GATICON-HS EYE DROPS 5ML.XML, content length: 15991
Starting parsing.. Size: 16018
Using xml2js for smaller file
parseCOAXml called for file: 1366. N24J05 GATESKY HS EYE DROPS 5ML.XML, content length: 15994
Starting parsing.. Size: 16021
Using xml2js for smaller file
parseCOAXml called for file: 1366. N25L07.XML, content length: 17285
Starting parsing.. Size: 17312
Using xml2js for smaller file
parseCOAXml called for file: 1367. N24J06 FLUOROPREC EYE DROPS 5ML.XML, content length: 20023
Starting parsing.. Size: 20056
Using xml2js for smaller file
parseCOAXml called for file: 1367. N25L07.XML, content length: 17298
Starting parsing.. Size: 17325
Using xml2js for smaller file
parseCOAXml called for file: 1368. N24J06 FLUT EYE DROPS 5ML.XML, content length: 34583
Starting parsing.. Size: 34622
Using xml2js for smaller file
parseCOAXml called for file: 1368. N25L07.XML, content length: 17273
Starting parsing.. Size: 17300
Using xml2js for smaller file
parseCOAXml called for file: 1369. D25L11.XML, content length: 17320
Starting parsing.. Size: 17347
Using xml2js for smaller file
parseCOAXml called for file: 1369. N24J07.XML, content length: 18479
Starting parsing.. Size: 18512
Using xml2js for smaller file
parseCOAXml called for file: 137. 4H06.XML, content length: 17142
Starting parsing.. Size: 17169
Using xml2js for smaller file
parseCOAXml called for file: 137. D25D15.XML, content length: 19320
Starting parsing.. Size: 19347
Using xml2js for smaller file
parseCOAXml called for file: 137. D26A33_VISIOQUIN-LP EYE DROPS 5ML.XML, content length: 22889
Starting parsing.. Size: 22922
Using xml2js for smaller file
parseCOAXml called for file: 137. I432.XML, content length: 7344
Starting parsing.. Size: 7369
Using xml2js for smaller file
parseCOAXml called for file: 137. N24E09.XML, content length: 8589
Starting parsing.. Size: 8614
Using xml2js for smaller file
parseCOAXml called for file: 137. PS25054.XML, content length: 7747
Starting parsing.. Size: 7772
Using xml2js for smaller file
parseCOAXml called for file: 1370. D25L11.XML, content length: 17317
Starting parsing.. Size: 17344
Using xml2js for smaller file
parseCOAXml called for file: 1370. N24J08.XML, content length: 16477
Starting parsing.. Size: 16504
Using xml2js for smaller file
parseCOAXml called for file: 1371. D25L11.XML, content length: 17330
Starting parsing.. Size: 17357
Using xml2js for smaller file
parseCOAXml called for file: 1371. N24J09 CYCLOVISION 5ML(CONGO).XML, content length: 14956
Starting parsing.. Size: 14983
Using xml2js for smaller file
parseCOAXml called for file: 1372. D25L11.XML, content length: 17321
Starting parsing.. Size: 17348
Using xml2js for smaller file
parseCOAXml called for file: 1372. N24J09 CYCLOVAL EYE DROPS 5ML.XML, content length: 16337
Starting parsing.. Size: 16364
Using xml2js for smaller file
parseCOAXml called for file: 1373. D25L11.XML, content length: 17345
Starting parsing.. Size: 17372
Using xml2js for smaller file
parseCOAXml called for file: 1373. N24J10.XML, content length: 22580
Starting parsing.. Size: 22607
Using xml2js for smaller file
parseCOAXml called for file: 1374. D25L11.XML, content length: 17324
Starting parsing.. Size: 17351
Using xml2js for smaller file
parseCOAXml called for file: 1374. N24J11.XML, content length: 18861
Starting parsing.. Size: 18888
Using xml2js for smaller file
parseCOAXml called for file: 1375. 5L03.XML, content length: 17044
Starting parsing.. Size: 17071
Using xml2js for smaller file
parseCOAXml called for file: 1375. N24J12.XML, content length: 18852
Starting parsing.. Size: 18879
Using xml2js for smaller file
parseCOAXml called for file: 1376. 5L03.XML, content length: 17058
Starting parsing.. Size: 17085
Using xml2js for smaller file
parseCOAXml called for file: 1376. N24J13.XML, content length: 17187
Starting parsing.. Size: 17220
Using xml2js for smaller file
parseCOAXml called for file: 1377. N24J14.XML, content length: 17190
Starting parsing.. Size: 17223
Using xml2js for smaller file
parseCOAXml called for file: 1377. N25L08.XML, content length: 22883
Starting parsing.. Size: 22916
Using xml2js for smaller file
parseCOAXml called for file: 1378. N24J16 MYSTIC ORANGE EYE DROPS 5ML.XML, content length: 17576
Starting parsing.. Size: 17603
Using xml2js for smaller file
parseCOAXml called for file: 1378. N25L08.XML, content length: 22928
Starting parsing.. Size: 22961
Using xml2js for smaller file
parseCOAXml called for file: 1379. N24J16 MOXISKY EYE DROPS 5ML.XML, content length: 17560
Starting parsing.. Size: 17587
Using xml2js for smaller file
parseCOAXml called for file: 1379. N25L08.XML, content length: 22940
Starting parsing.. Size: 22973
Using xml2js for smaller file
parseCOAXml called for file: 138. 4H08.XML, content length: 17065
Starting parsing.. Size: 17092
Using xml2js for smaller file
parseCOAXml called for file: 138. D25D15.XML, content length: 19339
Starting parsing.. Size: 19366
Using xml2js for smaller file
parseCOAXml called for file: 138. D25D30.XML, content length: 8434
Starting parsing.. Size: 8459
Using xml2js for smaller file
parseCOAXml called for file: 138. D26A34.XML, content length: 22898
Starting parsing.. Size: 22933
Using xml2js for smaller file
parseCOAXml called for file: 138. D26B05.XML, content length: 9669
Starting parsing.. Size: 9694
Using xml2js for smaller file
parseCOAXml called for file: 138. PS24076.XML, content length: 7865
Starting parsing.. Size: 7890
Using xml2js for smaller file
parseCOAXml called for file: 1380. N24J16 OLIDROPS EYE DROPS 5ML.XML, content length: 17565
Starting parsing.. Size: 17592
Using xml2js for smaller file
parseCOAXml called for file: 1380. N25L08.XML, content length: 22932
Starting parsing.. Size: 22965
Using xml2js for smaller file
parseCOAXml called for file: 1381. N24J17 IO-MOX DX EYE DROPS 5ML.XML, content length: 18749
Starting parsing.. Size: 18776
Using xml2js for smaller file
parseCOAXml called for file: 1381. N25L08.XML, content length: 22942
Starting parsing.. Size: 22975
Using xml2js for smaller file
parseCOAXml called for file: 1382. N24J17 MOXIRET-DX EYE DROPS 5ML.XML, content length: 18750
Starting parsing.. Size: 18777
Using xml2js for smaller file
parseCOAXml called for file: 1382. PS25202.XML, content length: 17767
Starting parsing.. Size: 17794
Using xml2js for smaller file
parseCOAXml called for file: 1383. N24J17 VERTIMOX-D EYE DROPS 5ML.XML, content length: 18750
Starting parsing.. Size: 18777
Using xml2js for smaller file
parseCOAXml called for file: 1383. PS25203.XML, content length: 17766
Starting parsing.. Size: 17793
Using xml2js for smaller file
parseCOAXml called for file: 1384. 5L04.XML, content length: 20744
Starting parsing.. Size: 20781
Using xml2js for smaller file
parseCOAXml called for file: 1384. N24J17 IO-MOX DX EYE DROPS 10ML.XML, content length: 18757
Starting parsing.. Size: 18784
Using xml2js for smaller file
parseCOAXml called for file: 1385. 5L04.XML, content length: 20491
Starting parsing.. Size: 20528
Using xml2js for smaller file
parseCOAXml called for file: 1385. N24J17 MOXICON-DX EYE DROPS 5ML.XML, content length: 18753
Starting parsing.. Size: 18780
Using xml2js for smaller file
parseCOAXml called for file: 1386. 5L04.XML, content length: 20735
Starting parsing.. Size: 20772
Using xml2js for smaller file
parseCOAXml called for file: 1386. N24J18 MOXISKY-LP EYE DROPS 5ML.XML, content length: 23339
Starting parsing.. Size: 23372
Using xml2js for smaller file
parseCOAXml called for file: 1387. D25L13.XML, content length: 33512
Starting parsing.. Size: 33539
Using xml2js for smaller file
parseCOAXml called for file: 1387. N24J18 VISIOQUIN-LP EYE DROPS 5ML.XML, content length: 23342
Starting parsing.. Size: 23375
Using xml2js for smaller file
parseCOAXml called for file: 1388. N24J18 SCIMOX-LP EYE DROPS 5ML.XML, content length: 23346
Starting parsing.. Size: 23379
Using xml2js for smaller file
parseCOAXml called for file: 1388. N25L09.XML, content length: 16377
Starting parsing.. Size: 16404
Using xml2js for smaller file
parseCOAXml called for file: 1389. N24J18 MOXIROOT-LP EYE DROPS 5ML.XML, content length: 23340
Starting parsing.. Size: 23373
Using xml2js for smaller file
parseCOAXml called for file: 1389. N25L09.XML, content length: 16376
Starting parsing.. Size: 16403
Using xml2js for smaller file
parseCOAXml called for file: 139. 4H09.XML, content length: 21244
Starting parsing.. Size: 21281
Using xml2js for smaller file
parseCOAXml called for file: 139. D24E12.XML, content length: 10629
Starting parsing.. Size: 10654
Using xml2js for smaller file
parseCOAXml called for file: 139. D25D15.XML, content length: 19329
Starting parsing.. Size: 19356
Using xml2js for smaller file
parseCOAXml called for file: 139. D25D31.XML, content length: 9899
Starting parsing.. Size: 9924
Using xml2js for smaller file
parseCOAXml called for file: 139. D26A35.XML, content length: 19258
Starting parsing.. Size: 19285
Using xml2js for smaller file
parseCOAXml called for file: 139. D26B06.XML, content length: 8729
Starting parsing.. Size: 8754
Using xml2js for smaller file
parseCOAXml called for file: 1390. N24J18 PRIMOX LP EYE DROPS 5ML(PRAXAN).XML, content length: 23363
Starting parsing.. Size: 23396
Using xml2js for smaller file
parseCOAXml called for file: 1390. N25L10.XML, content length: 20949
Starting parsing.. Size: 20982
Using xml2js for smaller file
parseCOAXml called for file: 1391. N24J18 MOXICON-LP EYE DROPS 5ML.XML, content length: 23334
Starting parsing.. Size: 23367
Using xml2js for smaller file
parseCOAXml called for file: 1391. PS25204.XML, content length: 17766
Starting parsing.. Size: 17793
Using xml2js for smaller file
parseCOAXml called for file: 1392. N24J19 TROPICAMIDE OPH SOL USP10MLJUVENCIA.XML, content length: 17855
Starting parsing.. Size: 17882
Using xml2js for smaller file
parseCOAXml called for file: 1392. PS25205.XML, content length: 17766
Starting parsing.. Size: 17793
Using xml2js for smaller file
parseCOAXml called for file: 1393. D25L15.XML, content length: 18203
Starting parsing.. Size: 18230
Using xml2js for smaller file
parseCOAXml called for file: 1393. N24J19 TROPICYL EYE DROPS 10ML(ETHIOPIA ).XML, content length: 16974
Starting parsing.. Size: 17001
Using xml2js for smaller file
parseCOAXml called for file: 1394. D25L15.XML, content length: 18198
Starting parsing.. Size: 18225
Using xml2js for smaller file
parseCOAXml called for file: 1394. N24J20 SCIMOX-PD EYE DROPS 5ML.XML, content length: 20026
Starting parsing.. Size: 20061
Using xml2js for smaller file
parseCOAXml called for file: 1395. I420.XML, content length: 19442
Starting parsing.. Size: 19475
Using xml2js for smaller file
parseCOAXml called for file: 1395. N24J20 ZETAMOX PD EYE DROPS 10ML.XML, content length: 20021
Starting parsing.. Size: 20056
Using xml2js for smaller file
parseCOAXml called for file: 1396. N24J21.XML, content length: 16829
Starting parsing.. Size: 16856
Using xml2js for smaller file
parseCOAXml called for file: 1396. N25L11.XML, content length: 21802
Starting parsing.. Size: 21829
Using xml2js for smaller file
parseCOAXml called for file: 1397. N24J22.XML, content length: 18425
Starting parsing.. Size: 18452
Using xml2js for smaller file
parseCOAXml called for file: 1397. N25L11.XML, content length: 21850
Starting parsing.. Size: 21877
Using xml2js for smaller file
parseCOAXml called for file: 1398. N24J23.XML, content length: 15941
Starting parsing.. Size: 15968
Using xml2js for smaller file
parseCOAXml called for file: 1398. N25L11.XML, content length: 36186
Starting parsing.. Size: 36213
Using xml2js for smaller file
parseCOAXml called for file: 1399. N24J24.XML, content length: 15716
Starting parsing.. Size: 15743
Using xml2js for smaller file
parseCOAXml called for file: 1399. PS25206.XML, content length: 17767
Starting parsing.. Size: 17794
Using xml2js for smaller file
parseCOAXml called for file: 14. 24AM14 ps.XML, content length: 19995
Starting parsing.. Size: 20022
Using xml2js for smaller file
parseCOAXml called for file: 14. 25AM15.XML, content length: 19571
Starting parsing.. Size: 19598
Using xml2js for smaller file
parseCOAXml called for file: 14. 5L16.XML, content length: 9583
Starting parsing.. Size: 9608
Using xml2js for smaller file
parseCOAXml called for file: 14. 6A03.XML, content length: 13526
Starting parsing.. Size: 13526
Using xml2js for smaller file
parseCOAXml called for file: 14. CMA120.XML, content length: 9413
Starting parsing.. Size: 9438
Using xml2js for smaller file
parseCOAXml called for file: 14. D25L21.XML, content length: 16748
Starting parsing.. Size: 16775
Using xml2js for smaller file
parseCOAXml called for file: 14. I451.XML, content length: 7349
Starting parsing.. Size: 7374
Using xml2js for smaller file
parseCOAXml called for file: 14. N25D08 copy.XML, content length: 16134
Starting parsing.. Size: 16161
Using xml2js for smaller file
parseCOAXml called for file: 14. N25D08.XML, content length: 8412
Starting parsing.. Size: 8437
Using xml2js for smaller file
parseCOAXml called for file: 14. N25L15.XML, content length: 9511
Starting parsing.. Size: 9536
Using xml2js for smaller file
parseCOAXml called for file: 140. 4H10.XML, content length: 17466
Starting parsing.. Size: 17503
Using xml2js for smaller file
parseCOAXml called for file: 140. D25D15.XML, content length: 19278
Starting parsing.. Size: 19305
Using xml2js for smaller file
parseCOAXml called for file: 140. D26A36_MOXIWAVE LP EYE DROPS 5ML.XML, content length: 22937
Starting parsing.. Size: 22970
Using xml2js for smaller file
parseCOAXml called for file: 140. I332.XML, content length: 8314
Starting parsing.. Size: 8339
Using xml2js for smaller file
parseCOAXml called for file: 140. I433.XML, content length: 8322
Starting parsing.. Size: 8347
Using xml2js for smaller file
parseCOAXml called for file: 140. N25D31.XML, content length: 8632
Starting parsing.. Size: 8657
Using xml2js for smaller file
parseCOAXml called for file: 1400. 5A01.XML, content length: 17552
Starting parsing.. Size: 17589
Using xml2js for smaller file
parseCOAXml called for file: 1400. N24J25.XML, content length: 15718
Starting parsing.. Size: 15745
Using xml2js for smaller file
parseCOAXml called for file: 1401. 5A01.XML, content length: 17560
Starting parsing.. Size: 17597
Using xml2js for smaller file
parseCOAXml called for file: 1401. N24J26 NEPACOM EYE DROPS 5ML.XML, content length: 21138
Starting parsing.. Size: 21171
Using xml2js for smaller file
parseCOAXml called for file: 1402. D25A01.XML, content length: 23279
Starting parsing.. Size: 23312
Using xml2js for smaller file
parseCOAXml called for file: 1402. N24J26 NAYL EYE DROPS 5ML.XML, content length: 21127
Starting parsing.. Size: 21160
Using xml2js for smaller file
parseCOAXml called for file: 1403. D25A01.XML, content length: 23315
Starting parsing.. Size: 23348
Using xml2js for smaller file
parseCOAXml called for file: 1403. N24J26 ZETAFENAC EYE DROPS 5ML.XML, content length: 21138
Starting parsing.. Size: 21171
Using xml2js for smaller file
parseCOAXml called for file: 1404. D25A01.XML, content length: 23305
Starting parsing.. Size: 23338
Using xml2js for smaller file
parseCOAXml called for file: 1404. N24J26 VALNEP EYE DROPS 5ML  (SOC).XML, content length: 21137
Starting parsing.. Size: 21170
Using xml2js for smaller file
parseCOAXml called for file: 1405. D25A01.XML, content length: 23320
Starting parsing.. Size: 23353
Using xml2js for smaller file
parseCOAXml called for file: 1405. N24J26 NEPAPREC EYE DROPS 5ML.XML, content length: 21159
Starting parsing.. Size: 21192
Using xml2js for smaller file
parseCOAXml called for file: 1406. D25A01.XML, content length: 23315
Starting parsing.. Size: 23348
Using xml2js for smaller file
parseCOAXml called for file: 1406. N24J27 NEYPAC EYE DROPS PS.XML, content length: 21152
Starting parsing.. Size: 21185
Using xml2js for smaller file
parseCOAXml called for file: 1407. N24J27 VUENAC EYE DROPS 5ML(STROMEDIX).XML, content length: 21161
Starting parsing.. Size: 21194
Using xml2js for smaller file
parseCOAXml called for file: 1407. N25A01.XML, content length: 18755
Starting parsing.. Size: 18782
Using xml2js for smaller file
parseCOAXml called for file: 1408. 5A02.XML, content length: 17569
Starting parsing.. Size: 17606
Using xml2js for smaller file
parseCOAXml called for file: 1408. N24J28.XML, content length: 16781
Starting parsing.. Size: 16808
Using xml2js for smaller file
parseCOAXml called for file: 1409. 5A02.XML, content length: 17556
Starting parsing.. Size: 17593
Using xml2js for smaller file
parseCOAXml called for file: 1409. N24J29.XML, content length: 16781
Starting parsing.. Size: 16808
Using xml2js for smaller file
parseCOAXml called for file: 141. 4H11.XML, content length: 17175
Starting parsing.. Size: 17202
Using xml2js for smaller file
parseCOAXml called for file: 141. D26A36_VALMOX-LP EYE DROPS 5ML.XML, content length: 22917
Starting parsing.. Size: 22950
Using xml2js for smaller file
parseCOAXml called for file: 141. N24E10.XML, content length: 8589
Starting parsing.. Size: 8614
Using xml2js for smaller file
parseCOAXml called for file: 141. N25D17.XML, content length: 19600
Starting parsing.. Size: 19627
Using xml2js for smaller file
parseCOAXml called for file: 141. N26B03.XML, content length: 8467
Starting parsing.. Size: 8492
Using xml2js for smaller file
parseCOAXml called for file: 141. PS25055.XML, content length: 7747
Starting parsing.. Size: 7772
Using xml2js for smaller file
parseCOAXml called for file: 1410. D25A02.XML, content length: 23330
Starting parsing.. Size: 23363
Using xml2js for smaller file
parseCOAXml called for file: 1410. N24J30.XML, content length: 16782
Starting parsing.. Size: 16809
Using xml2js for smaller file
parseCOAXml called for file: 1411. D25A03.XML, content length: 19408
Starting parsing.. Size: 19435
Using xml2js for smaller file
parseCOAXml called for file: 1411. N24J31.XML, content length: 12239
Starting parsing.. Size: 12266
Using xml2js for smaller file
parseCOAXml called for file: 1412. I357.XML, content length: 19392
Starting parsing.. Size: 19419
Using xml2js for smaller file
parseCOAXml called for file: 1412. N24J32.XML, content length: 12239
Starting parsing.. Size: 12266
Using xml2js for smaller file
parseCOAXml called for file: 1413. N24J33.XML, content length: 18742
Starting parsing.. Size: 18769
Using xml2js for smaller file
  ...1750 COA files processed (created 1743)
parseCOAXml called for file: 1413. N25A03.XML, content length: 18756
Starting parsing.. Size: 18783
Using xml2js for smaller file
parseCOAXml called for file: 1414. N24K05.XML, content length: 33434
Starting parsing.. Size: 33461
Using xml2js for smaller file
parseCOAXml called for file: 1414. N25A03.XML, content length: 18770
Starting parsing.. Size: 18797
Using xml2js for smaller file
parseCOAXml called for file: 1415. D25A04.XML, content length: 21443
Starting parsing.. Size: 21470
Using xml2js for smaller file
parseCOAXml called for file: 1415. N24K06.XML, content length: 19298
Starting parsing.. Size: 19325
Using xml2js for smaller file
parseCOAXml called for file: 1416. D25A04.XML, content length: 17544
Starting parsing.. Size: 17571
Using xml2js for smaller file
parseCOAXml called for file: 1416. N24K07 AQUALUBE FORTE ED10ML(MED DEV).XML, content length: 19406
Starting parsing.. Size: 19433
Using xml2js for smaller file
parseCOAXml called for file: 1417. D25A04.XML, content length: 34164
Starting parsing.. Size: 34191
Using xml2js for smaller file
parseCOAXml called for file: 1417. N24K07 IO-LUBE GEL EYE DROPS 10ML.XML, content length: 19270
Starting parsing.. Size: 19297
Using xml2js for smaller file
parseCOAXml called for file: 1418. I358.XML, content length: 19395
Starting parsing.. Size: 19422
Using xml2js for smaller file
parseCOAXml called for file: 1418. N24K07 LUBRISKY GEL EYE DROPS 10ML.XML, content length: 19272
Starting parsing.. Size: 19299
Using xml2js for smaller file
parseCOAXml called for file: 1419. I358.XML, content length: 19458
Starting parsing.. Size: 19485
Using xml2js for smaller file
parseCOAXml called for file: 1419. N24K08.XML, content length: 17075
Starting parsing.. Size: 17102
Using xml2js for smaller file
parseCOAXml called for file: 142. 4H12.XML, content length: 17175
Starting parsing.. Size: 17202
Using xml2js for smaller file
parseCOAXml called for file: 142. 5D11.XML, content length: 15656
Starting parsing.. Size: 15683
Using xml2js for smaller file
parseCOAXml called for file: 142. B6B01.XML, content length: 5580
Starting parsing.. Size: 5605
Using xml2js for smaller file
parseCOAXml called for file: 142. D26A36_GENFOUR-LP EYE DROPS 5ML.XML, content length: 22888
Starting parsing.. Size: 22921
Using xml2js for smaller file
parseCOAXml called for file: 142. PS24077.XML, content length: 7870
Starting parsing.. Size: 7895
Using xml2js for smaller file
parseCOAXml called for file: 142. PZ25002.XML, content length: 7756
Starting parsing.. Size: 7781
Using xml2js for smaller file
parseCOAXml called for file: 1420. N24K09.XML, content length: 17313
Starting parsing.. Size: 17346
Using xml2js for smaller file
parseCOAXml called for file: 1420. N25A04.XML, content length: 18726
Starting parsing.. Size: 18753
Using xml2js for smaller file
parseCOAXml called for file: 1421. N24K10.XML, content length: 22204
Starting parsing.. Size: 22237
Using xml2js for smaller file
parseCOAXml called for file: 1421. N25A05.XML, content length: 19023
Starting parsing.. Size: 19056
Using xml2js for smaller file
parseCOAXml called for file: 1422. 5A03.XML, content length: 21205
Starting parsing.. Size: 21242
Using xml2js for smaller file
parseCOAXml called for file: 1422. N24K11.XML, content length: 18466
Starting parsing.. Size: 18493
Using xml2js for smaller file
parseCOAXml called for file: 1423. D25A06.XML, content length: 32025
Starting parsing.. Size: 32052
Using xml2js for smaller file
parseCOAXml called for file: 1423. N24K12.XML, content length: 19296
Starting parsing.. Size: 19323
Using xml2js for smaller file
parseCOAXml called for file: 1424. D25A06.XML, content length: 31993
Starting parsing.. Size: 32020
Using xml2js for smaller file
parseCOAXml called for file: 1424. N24K13 TOBRAMYCIN OPH SOL USP(SAMOSPHARMA.XML, content length: 17239
Starting parsing.. Size: 17266
Using xml2js for smaller file
parseCOAXml called for file: 1425. N24K13 TOBAPREC EYE DROPS 5ML.XML, content length: 17207
Starting parsing.. Size: 17234
Using xml2js for smaller file
parseCOAXml called for file: 1425. N25A06.XML, content length: 19022
Starting parsing.. Size: 19055
Using xml2js for smaller file
parseCOAXml called for file: 1426. N24K13 TOBRINE EYE EAR DROPS 5ML.XML, content length: 17197
Starting parsing.. Size: 17224
Using xml2js for smaller file
parseCOAXml called for file: 1426. RI513.XML, content length: 14798
Starting parsing.. Size: 14825
Using xml2js for smaller file
parseCOAXml called for file: 1427. 5A04.XML, content length: 21153
Starting parsing.. Size: 21190
Using xml2js for smaller file
parseCOAXml called for file: 1427. N24K14.XML, content length: 26671
Starting parsing.. Size: 26704
Using xml2js for smaller file
parseCOAXml called for file: 1428. N24K15.XML, content length: 26667
Starting parsing.. Size: 26700
Using xml2js for smaller file
parseCOAXml called for file: 1428. N25A07.XML, content length: 16106
Starting parsing.. Size: 16133
Using xml2js for smaller file
parseCOAXml called for file: 1429. N24K16.XML, content length: 26660
Starting parsing.. Size: 26693
Using xml2js for smaller file
parseCOAXml called for file: 1429. PS25001.XML, content length: 17797
Starting parsing.. Size: 17824
Using xml2js for smaller file
parseCOAXml called for file: 143 4H13.XML, content length: 17362
Starting parsing.. Size: 17399
Using xml2js for smaller file
parseCOAXml called for file: 143. D24E13.XML, content length: 10628
Starting parsing.. Size: 10653
Using xml2js for smaller file
parseCOAXml called for file: 143. D25D17.XML, content length: 19033
Starting parsing.. Size: 19060
Using xml2js for smaller file
parseCOAXml called for file: 143. D26A36_IO-MOX LP EYE DROPS 5ML.XML, content length: 22878
Starting parsing.. Size: 22911
Using xml2js for smaller file
parseCOAXml called for file: 143. D26B07.XML, content length: 8526
Starting parsing.. Size: 8551
Using xml2js for smaller file
parseCOAXml called for file: 143. N25D32.XML, content length: 8632
Starting parsing.. Size: 8657
Using xml2js for smaller file
parseCOAXml called for file: 1430. N24K17.XML, content length: 26667
Starting parsing.. Size: 26700
Using xml2js for smaller file
parseCOAXml called for file: 1430. PS25002.XML, content length: 17798
Starting parsing.. Size: 17825
Using xml2js for smaller file
parseCOAXml called for file: 1431. N24K18.XML, content length: 22159
Starting parsing.. Size: 22194
Using xml2js for smaller file
parseCOAXml called for file: 1431. RI514.XML, content length: 14798
Starting parsing.. Size: 14825
Using xml2js for smaller file
parseCOAXml called for file: 1432. D25A07.XML, content length: 22194
Starting parsing.. Size: 22227
Using xml2js for smaller file
parseCOAXml called for file: 1432. N24K19 FLUT-T EYE DROPS 5ML.XML, content length: 18483
Starting parsing.. Size: 18516
Using xml2js for smaller file
parseCOAXml called for file: 1433. D25A07.XML, content length: 22204
Starting parsing.. Size: 22237
Using xml2js for smaller file
parseCOAXml called for file: 1433. N24K19 FLUOROPREC-T EYE DROPS 5ML.XML, content length: 18526
Starting parsing.. Size: 18559
Using xml2js for smaller file
parseCOAXml called for file: 1434. I359.XML, content length: 19872
Starting parsing.. Size: 19905
Using xml2js for smaller file
parseCOAXml called for file: 1434. N24K20 BEPOTAST ED 5ML(INDIANA)BKC.XML, content length: 17494
Starting parsing.. Size: 17521
Using xml2js for smaller file
parseCOAXml called for file: 1435. N24K20 BEPOPLUS EYE DROPS 5ML.XML, content length: 17482
Starting parsing.. Size: 17509
Using xml2js for smaller file
parseCOAXml called for file: 1435. N25A08.XML, content length: 16143
Starting parsing.. Size: 16170
Using xml2js for smaller file
parseCOAXml called for file: 1436. N24K21.XML, content length: 21337
Starting parsing.. Size: 21370
Using xml2js for smaller file
parseCOAXml called for file: 1436. N25A09.XML, content length: 16142
Starting parsing.. Size: 16169
Using xml2js for smaller file
parseCOAXml called for file: 1437. N24K22.XML, content length: 17940
Starting parsing.. Size: 17967
Using xml2js for smaller file
parseCOAXml called for file: 1437. PS25003.XML, content length: 17796
Starting parsing.. Size: 17823
Using xml2js for smaller file
parseCOAXml called for file: 1438. D25A08.XML, content length: 16111
Starting parsing.. Size: 16138
Using xml2js for smaller file
parseCOAXml called for file: 1438. N24K23.XML, content length: 14956
Starting parsing.. Size: 14983
Using xml2js for smaller file
parseCOAXml called for file: 1439. D25A08.XML, content length: 16109
Starting parsing.. Size: 16136
Using xml2js for smaller file
parseCOAXml called for file: 1439. N24K24 NEPAGRIP OD EYE DROPS 3ML.XML, content length: 21208
Starting parsing.. Size: 21241
Using xml2js for smaller file
parseCOAXml called for file: 144. 4H14.XML, content length: 21164
Starting parsing.. Size: 21201
Using xml2js for smaller file
parseCOAXml called for file: 144. D25D17.XML, content length: 17911
Starting parsing.. Size: 17938
Using xml2js for smaller file
parseCOAXml called for file: 144. D25D32.XML, content length: 8822
Starting parsing.. Size: 8847
Using xml2js for smaller file
parseCOAXml called for file: 144. D26A37.XML, content length: 16968
Starting parsing.. Size: 16995
Using xml2js for smaller file
parseCOAXml called for file: 144. D26B08.XML, content length: 8441
Starting parsing.. Size: 8466
Using xml2js for smaller file
parseCOAXml called for file: 144. I333.XML, content length: 8332
Starting parsing.. Size: 8357
Using xml2js for smaller file
parseCOAXml called for file: 1440. D25A08.XML, content length: 16109
Starting parsing.. Size: 16136
Using xml2js for smaller file
parseCOAXml called for file: 1440. N24K24 NIKINAC-OD EYE DROPS 3ML.XML, content length: 21216
Starting parsing.. Size: 21249
Using xml2js for smaller file
parseCOAXml called for file: 1441. D25A09.XML, content length: 16117
Starting parsing.. Size: 16144
Using xml2js for smaller file
parseCOAXml called for file: 1441. N24K24 NEPAONCE EYE DROPS 3ML.XML, content length: 22212
Starting parsing.. Size: 22245
Using xml2js for smaller file
parseCOAXml called for file: 1442. IS0015A.XML, content length: 21174
Starting parsing.. Size: 21203
Using xml2js for smaller file
parseCOAXml called for file: 1442. N24L01 BREEMOL-T EYE DROPS 5ML(SOC).XML, content length: 16269
Starting parsing.. Size: 16296
Using xml2js for smaller file
parseCOAXml called for file: 1443. IS0015A.XML, content length: 21174
Starting parsing.. Size: 21203
Using xml2js for smaller file
parseCOAXml called for file: 1443. N24L01 BRIMOLAST-T ED 5ML(STROMEDIX).XML, content length: 16321
Starting parsing.. Size: 16348
Using xml2js for smaller file
parseCOAXml called for file: 1444. N24L02.XML, content length: 15729
Starting parsing.. Size: 15756
Using xml2js for smaller file
parseCOAXml called for file: 1444. PS25004.XML, content length: 17796
Starting parsing.. Size: 17823
Using xml2js for smaller file
parseCOAXml called for file: 1445. N24L03.XML, content length: 15730
Starting parsing.. Size: 15757
Using xml2js for smaller file
parseCOAXml called for file: 1445. PS25005.XML, content length: 17798
Starting parsing.. Size: 17825
Using xml2js for smaller file
parseCOAXml called for file: 1446. D25A10.XML, content length: 17103
Starting parsing.. Size: 17130
Using xml2js for smaller file
parseCOAXml called for file: 1446. N24L04.XML, content length: 16775
Starting parsing.. Size: 16802
Using xml2js for smaller file
parseCOAXml called for file: 1447. D25A10.XML, content length: 17108
Starting parsing.. Size: 17135
Using xml2js for smaller file
parseCOAXml called for file: 1447. N24L05.XML, content length: 16526
Starting parsing.. Size: 16553
Using xml2js for smaller file
parseCOAXml called for file: 1448. I360.XML, content length: 15233
Starting parsing.. Size: 15260
Using xml2js for smaller file
parseCOAXml called for file: 1448. N24L06.XML, content length: 16278
Starting parsing.. Size: 16305
Using xml2js for smaller file
parseCOAXml called for file: 1449. IS0025A.XML, content length: 21173
Starting parsing.. Size: 21202
Using xml2js for smaller file
parseCOAXml called for file: 1449. N24L07 MOXIROOT EYE DROPS 5ML.XML, content length: 17555
Starting parsing.. Size: 17582
Using xml2js for smaller file
parseCOAXml called for file: 145. 4H14 cp dex.XML, content length: 21157
Starting parsing.. Size: 21194
Using xml2js for smaller file
parseCOAXml called for file: 145. D25D18.XML, content length: 17990
Starting parsing.. Size: 18017
Using xml2js for smaller file
parseCOAXml called for file: 145. D26A38.XML, content length: 15902
Starting parsing.. Size: 15929
Using xml2js for smaller file
parseCOAXml called for file: 145. I434.XML, content length: 8322
Starting parsing.. Size: 8347
Using xml2js for smaller file
parseCOAXml called for file: 145. L1825005.XML, content length: 5501
Starting parsing.. Size: 5526
Using xml2js for smaller file
parseCOAXml called for file: 145. PS24078.XML, content length: 7870
Starting parsing.. Size: 7895
Using xml2js for smaller file
parseCOAXml called for file: 1450. IS0025A.XML, content length: 22281
Starting parsing.. Size: 22310
Using xml2js for smaller file
parseCOAXml called for file: 1450. N24L07 OPTHOMOX 5ML(MEDINOVA).XML, content length: 21430
Starting parsing.. Size: 21457
Using xml2js for smaller file
parseCOAXml called for file: 1451. N24L07 VALMOX EYE DROPS 5ML.XML, content length: 17522
Starting parsing.. Size: 17549
Using xml2js for smaller file
parseCOAXml called for file: 1451. PS25006.XML, content length: 17798
Starting parsing.. Size: 17825
Using xml2js for smaller file
parseCOAXml called for file: 1452. D25A11.XML, content length: 16118
Starting parsing.. Size: 16145
Using xml2js for smaller file
parseCOAXml called for file: 1452. N24L08.XML, content length: 18523
Starting parsing.. Size: 18550
Using xml2js for smaller file
parseCOAXml called for file: 1453. D25A12.XML, content length: 19302
Starting parsing.. Size: 19329
Using xml2js for smaller file
parseCOAXml called for file: 1453. N24L09 HYPE-5 EYE DROPS 10ML.XML, content length: 16750
Starting parsing.. Size: 16777
Using xml2js for smaller file
parseCOAXml called for file: 1454. I361.XML, content length: 15582
Starting parsing.. Size: 15609
Using xml2js for smaller file
parseCOAXml called for file: 1454. N24L09 EDEFORT ED 10ML(ROMANIA -MED DEV).XML, content length: 16760
Starting parsing.. Size: 16787
Using xml2js for smaller file
parseCOAXml called for file: 1455. N24L10.XML, content length: 17109
Starting parsing.. Size: 17136
Using xml2js for smaller file
parseCOAXml called for file: 1455. N25A10.XML, content length: 20987
Starting parsing.. Size: 21018
Using xml2js for smaller file
parseCOAXml called for file: 1456. N24L12 REVIRACT ED 10ML ROMANIA(MED DEV).XML, content length: 16140
Starting parsing.. Size: 16167
Using xml2js for smaller file
parseCOAXml called for file: 1456. PS25007.XML, content length: 17798
Starting parsing.. Size: 17825
Using xml2js for smaller file
parseCOAXml called for file: 1457. N24L12 HYLOWELL EYE DROPS 10ML.XML, content length: 16130
Starting parsing.. Size: 16157
Using xml2js for smaller file
parseCOAXml called for file: 1457. PS25008.XML, content length: 17797
Starting parsing.. Size: 17824
Using xml2js for smaller file
parseCOAXml called for file: 1458. D25A13.XML, content length: 17165
Starting parsing.. Size: 17198
Using xml2js for smaller file
parseCOAXml called for file: 1458. N24L13.XML, content length: 17221
Starting parsing.. Size: 17248
Using xml2js for smaller file
parseCOAXml called for file: 1459. D25A13.XML, content length: 17154
Starting parsing.. Size: 17187
Using xml2js for smaller file
parseCOAXml called for file: 1459. N24L14.XML, content length: 18571
Starting parsing.. Size: 18598
Using xml2js for smaller file
parseCOAXml called for file: 146. 4H15 tobrine dx.XML, content length: 19637
Starting parsing.. Size: 19674
Using xml2js for smaller file
parseCOAXml called for file: 146. D26A40.XML, content length: 18049
Starting parsing.. Size: 18076
Using xml2js for smaller file
parseCOAXml called for file: 146. I334.XML, content length: 7287
Starting parsing.. Size: 7312
Using xml2js for smaller file
parseCOAXml called for file: 146. N25D18.XML, content length: 15912
Starting parsing.. Size: 15939
Using xml2js for smaller file
parseCOAXml called for file: 146. N25D33.XML, content length: 8622
Starting parsing.. Size: 8647
Using xml2js for smaller file
parseCOAXml called for file: 146. N26B04.XML, content length: 8468
Starting parsing.. Size: 8493
Using xml2js for smaller file
parseCOAXml called for file: 1460. D25A13.XML, content length: 17165
Starting parsing.. Size: 17198
Using xml2js for smaller file
parseCOAXml called for file: 1461. D25A13.XML, content length: 17170
Starting parsing.. Size: 17203
Using xml2js for smaller file
parseCOAXml called for file: 1461. N24L15.XML, content length: 16132
Starting parsing.. Size: 16159
Using xml2js for smaller file
parseCOAXml called for file: 1461. N24L16 CELL VISION 10ML(CONGO).XML, content length: 16762
Starting parsing.. Size: 16789
Using xml2js for smaller file
parseCOAXml called for file: 1462. N24L16 CELL VISION 10ML(MOZAMBIQUE).XML, content length: 16773
Starting parsing.. Size: 16800
Using xml2js for smaller file
parseCOAXml called for file: 1462. N25A13.XML, content length: 21136
Starting parsing.. Size: 21169
Using xml2js for smaller file
parseCOAXml called for file: 1463. N24L18.XML, content length: 19639
Starting parsing.. Size: 19666
Using xml2js for smaller file
parseCOAXml called for file: 1463. PS25009.XML, content length: 17796
Starting parsing.. Size: 17823
Using xml2js for smaller file
parseCOAXml called for file: 1464. N24L19.XML, content length: 19651
Starting parsing.. Size: 19684
Using xml2js for smaller file
parseCOAXml called for file: 1464. PS25010.XML, content length: 17799
Starting parsing.. Size: 17826
Using xml2js for smaller file
parseCOAXml called for file: 1465. D25A14.XML, content length: 18760
Starting parsing.. Size: 18787
Using xml2js for smaller file
parseCOAXml called for file: 1465. N24L20.XML, content length: 22872
Starting parsing.. Size: 22899
Using xml2js for smaller file
parseCOAXml called for file: 1466. D25A14.XML, content length: 18785
Starting parsing.. Size: 18812
Using xml2js for smaller file
parseCOAXml called for file: 1466. N24L21.XML, content length: 16967
Starting parsing.. Size: 16994
Using xml2js for smaller file
parseCOAXml called for file: 1467. N24L22.XML, content length: 18471
Starting parsing.. Size: 18498
Using xml2js for smaller file
parseCOAXml called for file: 1467. PS25011.XML, content length: 17798
Starting parsing.. Size: 17825
Using xml2js for smaller file
parseCOAXml called for file: 1468. 5A05.XML, content length: 17467
Starting parsing.. Size: 17504
Using xml2js for smaller file
parseCOAXml called for file: 1468. N24L23.XML, content length: 18470
Starting parsing.. Size: 18497
Using xml2js for smaller file
parseCOAXml called for file: 1469. D25A15.XML, content length: 23335
Starting parsing.. Size: 23368
Using xml2js for smaller file
parseCOAXml called for file: 1469. N24L24.XML, content length: 18471
Starting parsing.. Size: 18498
Using xml2js for smaller file
parseCOAXml called for file: 147. 4H15 tobrine d.XML, content length: 19637
Starting parsing.. Size: 19674
Using xml2js for smaller file
parseCOAXml called for file: 147. D25D33.XML, content length: 10772
Starting parsing.. Size: 10799
Using xml2js for smaller file
parseCOAXml called for file: 147. D26A41.XML, content length: 18492
Starting parsing.. Size: 18519
Using xml2js for smaller file
parseCOAXml called for file: 147. D26B09.XML, content length: 8654
Starting parsing.. Size: 8679
Using xml2js for smaller file
parseCOAXml called for file: 147. N24E11.XML, content length: 9612
Starting parsing.. Size: 9637
Using xml2js for smaller file
parseCOAXml called for file: 147. PS25044.XML, content length: 17766
Starting parsing.. Size: 17793
Using xml2js for smaller file
parseCOAXml called for file: 1470. D25A15.XML, content length: 23324
Starting parsing.. Size: 23357
Using xml2js for smaller file
parseCOAXml called for file: 1470. N24L25.XML, content length: 18472
Starting parsing.. Size: 18499
Using xml2js for smaller file
parseCOAXml called for file: 1471. D25A15.XML, content length: 23326
Starting parsing.. Size: 23359
Using xml2js for smaller file
parseCOAXml called for file: 1471. N24L26.XML, content length: 16232
Starting parsing.. Size: 16259
Using xml2js for smaller file
parseCOAXml called for file: 1472. N24L27.XML, content length: 16755
Starting parsing.. Size: 16782
Using xml2js for smaller file
parseCOAXml called for file: 1472. N25A15.XML, content length: 14951
Starting parsing.. Size: 14978
Using xml2js for smaller file
parseCOAXml called for file: 1473. N24L28.XML, content length: 16764
Starting parsing.. Size: 16791
Using xml2js for smaller file
parseCOAXml called for file: 1473. N25A17.XML, content length: 16747
Starting parsing.. Size: 16774
Using xml2js for smaller file
parseCOAXml called for file: 1474. N24L29.XML, content length: 16760
Starting parsing.. Size: 16787
Using xml2js for smaller file
parseCOAXml called for file: 1474. PS25012.XML, content length: 17796
Starting parsing.. Size: 17823
Using xml2js for smaller file
parseCOAXml called for file: 1475. N24L30 KROMO VISION 10ML(CONGO).XML, content length: 17772
Starting parsing.. Size: 17799
Using xml2js for smaller file
parseCOAXml called for file: 1475. PS25013.XML, content length: 17799
Starting parsing.. Size: 17826
Using xml2js for smaller file
parseCOAXml called for file: 1476. 5A06.XML, content length: 17467
Starting parsing.. Size: 17504
Using xml2js for smaller file
parseCOAXml called for file: 1476. N24L30 EYECROM EYE DROPS 5ML(SAMOSPHARMA).XML, content length: 17795
Starting parsing.. Size: 17822
Using xml2js for smaller file
parseCOAXml called for file: 1477. D25A16.XML, content length: 17293
Starting parsing.. Size: 17320
Using xml2js for smaller file
parseCOAXml called for file: 1477. N24L30 KROMO VISION 10ML(MOZAMBIQUE).XML, content length: 17780
Starting parsing.. Size: 17807
Using xml2js for smaller file
parseCOAXml called for file: 1478. D25A16.XML, content length: 17293
Starting parsing.. Size: 17320
Using xml2js for smaller file
parseCOAXml called for file: 1478. N24L32.XML, content length: 40758
Starting parsing.. Size: 40785
Using xml2js for smaller file
parseCOAXml called for file: 1479. N24L34.XML, content length: 17887
Starting parsing.. Size: 17918
Using xml2js for smaller file
parseCOAXml called for file: 1479. N25A18.XML, content length: 16150
Starting parsing.. Size: 16177
Using xml2js for smaller file
parseCOAXml called for file: 148. 4H16.XML, content length: 20486
Starting parsing.. Size: 20523
Using xml2js for smaller file
parseCOAXml called for file: 148. D24E14.XML, content length: 8658
Starting parsing.. Size: 8683
Using xml2js for smaller file
parseCOAXml called for file: 148. D26A43.XML, content length: 19634
Starting parsing.. Size: 19661
Using xml2js for smaller file
parseCOAXml called for file: 148. N25D34.XML, content length: 8639
Starting parsing.. Size: 8664
Using xml2js for smaller file
parseCOAXml called for file: 148. N26B05.XML, content length: 9759
Starting parsing.. Size: 9784
Using xml2js for smaller file
parseCOAXml called for file: 148. PS25045.XML, content length: 17766
Starting parsing.. Size: 17793
Using xml2js for smaller file
parseCOAXml called for file: 1480. N24L35 SOHYL ULTRA EYE DROPS 10ML.XML, content length: 19623
Starting parsing.. Size: 19650
Using xml2js for smaller file
parseCOAXml called for file: 1480. N25A19.XML, content length: 19622
Starting parsing.. Size: 19655
Using xml2js for smaller file
parseCOAXml called for file: 1481. N24L35 OPTILUBE ULTRA EYE DROPS 10ML.XML, content length: 19698
Starting parsing.. Size: 19725
Using xml2js for smaller file
parseCOAXml called for file: 1481. N24L36 OLIDROPS DX EYE DROPS 5ML.XML, content length: 18757
Starting parsing.. Size: 18784
Using xml2js for smaller file
parseCOAXml called for file: 1481. PS25014.XML, content length: 17799
Starting parsing.. Size: 17826
Using xml2js for smaller file
parseCOAXml called for file: 1482. N24L36 MOXMAZE-D EYE DROPS 10ML.XML, content length: 18754
Starting parsing.. Size: 18781
Using xml2js for smaller file
parseCOAXml called for file: 1482. PS25015.XML, content length: 17798
Starting parsing.. Size: 17825
Using xml2js for smaller file
parseCOAXml called for file: 1483. 5A07.XML, content length: 17483
Starting parsing.. Size: 17520
Using xml2js for smaller file
parseCOAXml called for file: 1484. N24L36 GENFOUR-DX EYE DROPS 5ML.XML, content length: 18756
Starting parsing.. Size: 18783
Using xml2js for smaller file
parseCOAXml called for file: 1484. N25A20.XML, content length: 16550
Starting parsing.. Size: 16577
Using xml2js for smaller file
parseCOAXml called for file: 1485. N24L36 MOXFLOX-DX EYE DROPS 5ML(STROMEDIX).XML, content length: 18786
Starting parsing.. Size: 18813
Using xml2js for smaller file
parseCOAXml called for file: 1485. N25A21.XML, content length: 16086
Starting parsing.. Size: 16113
Using xml2js for smaller file
parseCOAXml called for file: 1486. N24L36 SCIMOX-DX EYE DROPS 5ML.XML, content length: 18768
Starting parsing.. Size: 18795
Using xml2js for smaller file
parseCOAXml called for file: 1486. PS25016.XML, content length: 17798
Starting parsing.. Size: 17825
Using xml2js for smaller file
parseCOAXml called for file: 1487. 5A08.XML, content length: 17077
Starting parsing.. Size: 17104
Using xml2js for smaller file
parseCOAXml called for file: 1487. N24L36 MOXIROOT-D EYE DROPS 5ML.XML, content length: 18754
Starting parsing.. Size: 18781
Using xml2js for smaller file
parseCOAXml called for file: 1488. D25A20.XML, content length: 26575
Starting parsing.. Size: 26602
Using xml2js for smaller file
parseCOAXml called for file: 1488. PS24001.XML, content length: 17900
Starting parsing.. Size: 17927
Using xml2js for smaller file
parseCOAXml called for file: 1489. D25A21.XML, content length: 16346
Starting parsing.. Size: 16373
Using xml2js for smaller file
parseCOAXml called for file: 1489. PS24002.XML, content length: 17898
Starting parsing.. Size: 17925
Using xml2js for smaller file
parseCOAXml called for file: 149. 4H16 ayzeecon uganda.XML, content length: 20468
Starting parsing.. Size: 20505
Using xml2js for smaller file
parseCOAXml called for file: 149. 5E01.XML, content length: 7325
Starting parsing.. Size: 7350
Using xml2js for smaller file
parseCOAXml called for file: 149. B6B02.XML, content length: 6800
Starting parsing.. Size: 6825
Using xml2js for smaller file
parseCOAXml called for file: 149. D25D19.XML, content length: 18115
Starting parsing.. Size: 18144
Using xml2js for smaller file
parseCOAXml called for file: 149. D26A44_IO-CAT EYE DROPS 10ML.XML, content length: 14682
Starting parsing.. Size: 14709
Using xml2js for smaller file
parseCOAXml called for file: 149. N24E12.XML, content length: 9846
Starting parsing.. Size: 9871
Using xml2js for smaller file
parseCOAXml called for file: 1490. D25A22.XML, content length: 19949
Starting parsing.. Size: 19984
Using xml2js for smaller file
parseCOAXml called for file: 1490. PS24003.XML, content length: 17898
Starting parsing.. Size: 17925
Using xml2js for smaller file
parseCOAXml called for file: 1491. D25A22.XML, content length: 19929
Starting parsing.. Size: 19964
Using xml2js for smaller file
parseCOAXml called for file: 1491. PS24004.XML, content length: 17898
Starting parsing.. Size: 17925
Using xml2js for smaller file
parseCOAXml called for file: 1492. PS24005.XML, content length: 17902
Starting parsing.. Size: 17929
Using xml2js for smaller file
parseCOAXml called for file: 1492. PS25017.XML, content length: 17796
Starting parsing.. Size: 17823
Using xml2js for smaller file
parseCOAXml called for file: 1493. PS24006.XML, content length: 17900
Starting parsing.. Size: 17927
Using xml2js for smaller file
parseCOAXml called for file: 1493. PS25018.XML, content length: 17798
Starting parsing.. Size: 17825
Using xml2js for smaller file
parseCOAXml called for file: 1494. 5A09.XML, content length: 18632
Starting parsing.. Size: 18671
Using xml2js for smaller file
parseCOAXml called for file: 1494. PS24007.XML, content length: 17900
Starting parsing.. Size: 17927
Using xml2js for smaller file
parseCOAXml called for file: 1495. D25A23.XML, content length: 19622
Starting parsing.. Size: 19649
Using xml2js for smaller file
parseCOAXml called for file: 1495. PS24008.XML, content length: 17901
Starting parsing.. Size: 17928
Using xml2js for smaller file
parseCOAXml called for file: 1496. D25A23.XML, content length: 19653
Starting parsing.. Size: 19680
Using xml2js for smaller file
parseCOAXml called for file: 1496. PS24009.XML, content length: 17899
Starting parsing.. Size: 17926
Using xml2js for smaller file
parseCOAXml called for file: 1497. N25A24.XML, content length: 14961
Starting parsing.. Size: 14988
Using xml2js for smaller file
parseCOAXml called for file: 1497. PS24010.XML, content length: 17899
Starting parsing.. Size: 17926
Using xml2js for smaller file
parseCOAXml called for file: 1498. N25A24.XML, content length: 18394
Starting parsing.. Size: 18421
Using xml2js for smaller file
parseCOAXml called for file: 1498. PS24011.XML, content length: 17899
Starting parsing.. Size: 17926
Using xml2js for smaller file
parseCOAXml called for file: 1499. PS24012.XML, content length: 17900
Starting parsing.. Size: 17927
Using xml2js for smaller file
parseCOAXml called for file: 1499. PS25019.XML, content length: 17800
Starting parsing.. Size: 17827
Using xml2js for smaller file
parseCOAXml called for file: 15. 24AM14.XML, content length: 19997
Starting parsing.. Size: 20024
Using xml2js for smaller file
parseCOAXml called for file: 15. 5L15.XML, content length: 17348
Starting parsing.. Size: 17385
Using xml2js for smaller file
parseCOAXml called for file: 15. 6A05.XML, content length: 13495
Starting parsing.. Size: 13522
Using xml2js for smaller file
parseCOAXml called for file: 15. CMA121.XML, content length: 9413
Starting parsing.. Size: 9438
Using xml2js for smaller file
parseCOAXml called for file: 15. D25L22.XML, content length: 15913
Starting parsing.. Size: 15940
Using xml2js for smaller file
parseCOAXml called for file: 15. D25L39.XML, content length: 8649
Starting parsing.. Size: 8674
Using xml2js for smaller file
parseCOAXml called for file: 15. N25D10 copy.XML, content length: 17042
Starting parsing.. Size: 17069
Using xml2js for smaller file
parseCOAXml called for file: 15. N25D10.XML, content length: 8505
Starting parsing.. Size: 8530
Using xml2js for smaller file
parseCOAXml called for file: 15. PS26046.XML, content length: 7747
Starting parsing.. Size: 7772
Using xml2js for smaller file
parseCOAXml called for file: 15. PZ25008.XML, content length: 7757
Starting parsing.. Size: 7782
Using xml2js for smaller file
parseCOAXml called for file: 150. 4I02.XML, content length: 17193
Starting parsing.. Size: 17220
Using xml2js for smaller file
parseCOAXml called for file: 150. D25D19.XML, content length: 18136
Starting parsing.. Size: 18165
Using xml2js for smaller file
parseCOAXml called for file: 150. D25E01.XML, content length: 9601
Starting parsing.. Size: 9626
Using xml2js for smaller file
parseCOAXml called for file: 150. D26A44_VISIDIDE EYE DROPS 10ML.XML, content length: 14686
Starting parsing.. Size: 14713
Using xml2js for smaller file
parseCOAXml called for file: 150. D26B10.XML, content length: 8653
Starting parsing.. Size: 8678
Using xml2js for smaller file
parseCOAXml called for file: 150. PS24079.XML, content length: 7865
Starting parsing.. Size: 7890
Using xml2js for smaller file
parseCOAXml called for file: 1500. PS24013.XML, content length: 17899
Starting parsing.. Size: 17926
Using xml2js for smaller file
parseCOAXml called for file: 1500. PS25020.XML, content length: 17798
Starting parsing.. Size: 17825
Using xml2js for smaller file
parseCOAXml called for file: 1501. 5A10.XML, content length: 19733
Starting parsing.. Size: 19770
Using xml2js for smaller file
parseCOAXml called for file: 1501. PS24014.XML, content length: 17900
Starting parsing.. Size: 17927
Using xml2js for smaller file
parseCOAXml called for file: 1502. D25A24.XML, content length: 19614
Starting parsing.. Size: 19641
Using xml2js for smaller file
parseCOAXml called for file: 1502. PS24015.XML, content length: 17900
Starting parsing.. Size: 17927
Using xml2js for smaller file
parseCOAXml called for file: 1503. D25A24.XML, content length: 19617
Starting parsing.. Size: 19644
Using xml2js for smaller file
parseCOAXml called for file: 1503. PS24016.XML, content length: 17900
Starting parsing.. Size: 17927
Using xml2js for smaller file
parseCOAXml called for file: 1504. D25A25.XML, content length: 16765
Starting parsing.. Size: 16792
Using xml2js for smaller file
parseCOAXml called for file: 1504. PS24017.XML, content length: 17899
Starting parsing.. Size: 17926
Using xml2js for smaller file
parseCOAXml called for file: 1505. D25A25.XML, content length: 16758
Starting parsing.. Size: 16785
Using xml2js for smaller file
parseCOAXml called for file: 1505. PS24018.XML, content length: 17900
Starting parsing.. Size: 17927
Using xml2js for smaller file
parseCOAXml called for file: 1506. N25A25.XML, content length: 19593
Starting parsing.. Size: 19620
Using xml2js for smaller file
  ...2000 COA files processed (created 1989)
parseCOAXml called for file: 1506. PS24019.XML, content length: 17900
Starting parsing.. Size: 17927
Using xml2js for smaller file
parseCOAXml called for file: 1507. PS24020.XML, content length: 17900
Starting parsing.. Size: 17927
Using xml2js for smaller file
parseCOAXml called for file: 1507. PS25021.XML, content length: 17797
Starting parsing.. Size: 17824
Using xml2js for smaller file
parseCOAXml called for file: 1508. 5A11.XML, content length: 20622
Starting parsing.. Size: 20649
Using xml2js for smaller file
parseCOAXml called for file: 1508. PS24021.XML, content length: 17900
Starting parsing.. Size: 17927
Using xml2js for smaller file
parseCOAXml called for file: 1509. D25A26.XML, content length: 18321
Starting parsing.. Size: 18348
Using xml2js for smaller file
parseCOAXml called for file: 1509. PS24022.XML, content length: 17900
Starting parsing.. Size: 17927
Using xml2js for smaller file
parseCOAXml called for file: 151. 4I03.XML, content length: 17193
Starting parsing.. Size: 17220
Using xml2js for smaller file
parseCOAXml called for file: 151. D25E02.XML, content length: 8651
Starting parsing.. Size: 8676
Using xml2js for smaller file
parseCOAXml called for file: 151. D26A44_CATASTOP EYE DROPS 10ML.XML, content length: 14709
Starting parsing.. Size: 14736
Using xml2js for smaller file
parseCOAXml called for file: 151. D26B11.XML, content length: 8653
Starting parsing.. Size: 8678
Using xml2js for smaller file
parseCOAXml called for file: 151. I376.XML, content length: 19437
Starting parsing.. Size: 19470
Using xml2js for smaller file
parseCOAXml called for file: 1510. D25A26.XML, content length: 18756
Starting parsing.. Size: 18783
Using xml2js for smaller file
parseCOAXml called for file: 1510. PS24023.XML, content length: 17901
Starting parsing.. Size: 17928
Using xml2js for smaller file
parseCOAXml called for file: 1511. D25A26.XML, content length: 18331
Starting parsing.. Size: 18358
Using xml2js for smaller file
parseCOAXml called for file: 1511. PS24024.XML, content length: 17899
Starting parsing.. Size: 17926
Using xml2js for smaller file
parseCOAXml called for file: 1512. D25A26.XML, content length: 18336
Starting parsing.. Size: 18363
Using xml2js for smaller file
parseCOAXml called for file: 1512. PS24025.XML, content length: 17901
Starting parsing.. Size: 17928
Using xml2js for smaller file
parseCOAXml called for file: 1513. N25A26.XML, content length: 21601
Starting parsing.. Size: 21632
Using xml2js for smaller file
parseCOAXml called for file: 1513. PS24026.XML, content length: 17900
Starting parsing.. Size: 17927
Using xml2js for smaller file
parseCOAXml called for file: 1514. PS24027.XML, content length: 17900
Starting parsing.. Size: 17927
Using xml2js for smaller file
parseCOAXml called for file: 1514. PS25022.XML, content length: 17798
Starting parsing.. Size: 17825
Using xml2js for smaller file
parseCOAXml called for file: 1515. PS24028.XML, content length: 17899
Starting parsing.. Size: 17926
Using xml2js for smaller file
parseCOAXml called for file: 1515. PS25023.XML, content length: 17800
Starting parsing.. Size: 17827
Using xml2js for smaller file
parseCOAXml called for file: 1516. 5A12.XML, content length: 15826
Starting parsing.. Size: 15853
Using xml2js for smaller file
parseCOAXml called for file: 1516. PS24029.XML, content length: 17900
Starting parsing.. Size: 17927
Using xml2js for smaller file
parseCOAXml called for file: 1517. D25A27.XML, content length: 15812
Starting parsing.. Size: 15839
Using xml2js for smaller file
parseCOAXml called for file: 1517. PS24030.XML, content length: 17899
Starting parsing.. Size: 17926
Using xml2js for smaller file
parseCOAXml called for file: 1518. D25A27.XML, content length: 15900
Starting parsing.. Size: 15927
Using xml2js for smaller file
parseCOAXml called for file: 1518. PS24031.XML, content length: 17900
Starting parsing.. Size: 17927
Using xml2js for smaller file
parseCOAXml called for file: 1519. D25A28.XML, content length: 18402
Starting parsing.. Size: 18429
Using xml2js for smaller file
parseCOAXml called for file: 1519. PS24032.XML, content length: 17899
Starting parsing.. Size: 17926
Using xml2js for smaller file
parseCOAXml called for file: 152. 4I04 polzin bhutan.XML, content length: 19649
Starting parsing.. Size: 19684
Using xml2js for smaller file
parseCOAXml called for file: 152. D26B02_HYLOFRESH-PG EYE DROPS 10ML.XML, content length: 20640
Starting parsing.. Size: 20667
Using xml2js for smaller file
parseCOAXml called for file: 152. D26B12.XML, content length: 8653
Starting parsing.. Size: 8678
Using xml2js for smaller file
parseCOAXml called for file: 152. I335.XML, content length: 7285
Starting parsing.. Size: 7310
Using xml2js for smaller file
parseCOAXml called for file: 152. N25D19.XML, content length: 20949
Starting parsing.. Size: 20982
Using xml2js for smaller file
parseCOAXml called for file: 152. N25E01.XML, content length: 8860
Starting parsing.. Size: 8885
Using xml2js for smaller file
parseCOAXml called for file: 1520. D25A28.XML, content length: 18212
Starting parsing.. Size: 18239
Using xml2js for smaller file
parseCOAXml called for file: 1520. PS24033.XML, content length: 17900
Starting parsing.. Size: 17927
Using xml2js for smaller file
parseCOAXml called for file: 1521. N25A28.XML, content length: 21712
Starting parsing.. Size: 21747
Using xml2js for smaller file
parseCOAXml called for file: 1521. PS24034.XML, content length: 17900
Starting parsing.. Size: 17927
Using xml2js for smaller file
parseCOAXml called for file: 1522. N25A29.XML, content length: 18618
Starting parsing.. Size: 18645
Using xml2js for smaller file
parseCOAXml called for file: 1522. PS24035.XML, content length: 17900
Starting parsing.. Size: 17927
Using xml2js for smaller file
parseCOAXml called for file: 1523. PS24036.XML, content length: 17900
Starting parsing.. Size: 17927
Using xml2js for smaller file
parseCOAXml called for file: 1523. PS25024.XML, content length: 17799
Starting parsing.. Size: 17826
Using xml2js for smaller file
parseCOAXml called for file: 1524. PS24037.XML, content length: 17900
Starting parsing.. Size: 17927
Using xml2js for smaller file
parseCOAXml called for file: 1524. PS25025.XML, content length: 17801
Starting parsing.. Size: 17828
Using xml2js for smaller file
parseCOAXml called for file: 1525. 5A13.XML, content length: 18642
Starting parsing.. Size: 18679
Using xml2js for smaller file
parseCOAXml called for file: 1525. PS24038.XML, content length: 17900
Starting parsing.. Size: 17927
Using xml2js for smaller file
parseCOAXml called for file: 1526. N25A30.XML, content length: 19401
Starting parsing.. Size: 19428
Using xml2js for smaller file
parseCOAXml called for file: 1526. PS24039.XML, content length: 17900
Starting parsing.. Size: 17927
Using xml2js for smaller file
parseCOAXml called for file: 1527. N25A30.XML, content length: 19348
Starting parsing.. Size: 19375
Using xml2js for smaller file
parseCOAXml called for file: 1527. PS24040.XML, content length: 17900
Starting parsing.. Size: 17927
Using xml2js for smaller file
parseCOAXml called for file: 1528. PS24041.XML, content length: 17899
Starting parsing.. Size: 17926
Using xml2js for smaller file
parseCOAXml called for file: 1528. PS25026.XML, content length: 17803
Starting parsing.. Size: 17830
Using xml2js for smaller file
parseCOAXml called for file: 1529. D25A31.XML, content length: 18615
Starting parsing.. Size: 18642
Using xml2js for smaller file
parseCOAXml called for file: 1529. PS24042.XML, content length: 17900
Starting parsing.. Size: 17927
Using xml2js for smaller file
parseCOAXml called for file: 153. 4I04.XML, content length: 19652
Starting parsing.. Size: 19687
Using xml2js for smaller file
parseCOAXml called for file: 153. D26B02_SCI-HY PG EYE DROPS 10ML.XML, content length: 20653
Starting parsing.. Size: 20680
Using xml2js for smaller file
parseCOAXml called for file: 153. I435.XML, content length: 7268
Starting parsing.. Size: 7293
Using xml2js for smaller file
parseCOAXml called for file: 153. N24E13.XML, content length: 9856
Starting parsing.. Size: 9881
Using xml2js for smaller file
parseCOAXml called for file: 153. N25D19.XML, content length: 17149
Starting parsing.. Size: 17182
Using xml2js for smaller file
parseCOAXml called for file: 153. PS25056.XML, content length: 7747
Starting parsing.. Size: 7772
Using xml2js for smaller file
parseCOAXml called for file: 1530. D25A31.XML, content length: 18610
Starting parsing.. Size: 18637
Using xml2js for smaller file
parseCOAXml called for file: 1530. PS24043.XML, content length: 17901
Starting parsing.. Size: 17928
Using xml2js for smaller file
parseCOAXml called for file: 1531. N25A31.XML, content length: 17196
Starting parsing.. Size: 17223
Using xml2js for smaller file
parseCOAXml called for file: 1531. PS24044.XML, content length: 17900
Starting parsing.. Size: 17927
Using xml2js for smaller file
parseCOAXml called for file: 1532. 5A14.XML, content length: 18350
Starting parsing.. Size: 18387
Using xml2js for smaller file
parseCOAXml called for file: 1532. PS24045.XML, content length: 17899
Starting parsing.. Size: 17926
Using xml2js for smaller file
parseCOAXml called for file: 1533. D25A32.XML, content length: 17092
Starting parsing.. Size: 17119
Using xml2js for smaller file
parseCOAXml called for file: 1533. PS24046.XML, content length: 17900
Starting parsing.. Size: 17927
Using xml2js for smaller file
parseCOAXml called for file: 1534. D25A33.XML, content length: 18546
Starting parsing.. Size: 18573
Using xml2js for smaller file
parseCOAXml called for file: 1534. PS24047.XML, content length: 17900
Starting parsing.. Size: 17927
Using xml2js for smaller file
parseCOAXml called for file: 1535. D25A33.XML, content length: 33575
Starting parsing.. Size: 33608
Using xml2js for smaller file
parseCOAXml called for file: 1535. PS24048.XML, content length: 17899
Starting parsing.. Size: 17926
Using xml2js for smaller file
parseCOAXml called for file: 1536. N25A32.XML, content length: 17364
Starting parsing.. Size: 17391
Using xml2js for smaller file
parseCOAXml called for file: 1536. PS24049.XML, content length: 17901
Starting parsing.. Size: 17928
Using xml2js for smaller file
parseCOAXml called for file: 1537. N25A33.XML, content length: 15925
Starting parsing.. Size: 15952
Using xml2js for smaller file
parseCOAXml called for file: 1537. PS24050.XML, content length: 17899
Starting parsing.. Size: 17926
Using xml2js for smaller file
parseCOAXml called for file: 1538. N25A33.XML, content length: 15933
Starting parsing.. Size: 15960
Using xml2js for smaller file
parseCOAXml called for file: 1538. PS24051.XML, content length: 17900
Starting parsing.. Size: 17927
Using xml2js for smaller file
parseCOAXml called for file: 1539. PS24052.XML, content length: 17900
Starting parsing.. Size: 17927
Using xml2js for smaller file
parseCOAXml called for file: 1539. PS25027.XML, content length: 17800
Starting parsing.. Size: 17827
Using xml2js for smaller file
parseCOAXml called for file: 154. 4I05.XML, content length: 18927
Starting parsing.. Size: 18964
Using xml2js for smaller file
parseCOAXml called for file: 154. D26B03_MOXIBLIZZ EYE DROPS 5ML.XML, content length: 17324
Starting parsing.. Size: 17351
Using xml2js for smaller file
parseCOAXml called for file: 154. N26B06.XML, content length: 8474
Starting parsing.. Size: 8499
Using xml2js for smaller file
parseCOAXml called for file: 154. PS24080.XML, content length: 7866
Starting parsing.. Size: 7891
Using xml2js for smaller file
parseCOAXml called for file: 154. PS25046.XML, content length: 17766
Starting parsing.. Size: 17793
Using xml2js for smaller file
parseCOAXml called for file: 154. PS25057.XML, content length: 7747
Starting parsing.. Size: 7772
Using xml2js for smaller file
parseCOAXml called for file: 1540. D25A34.XML, content length: 23606
Starting parsing.. Size: 23633
Using xml2js for smaller file
parseCOAXml called for file: 1540. PS24053.XML, content length: 17900
Starting parsing.. Size: 17927
Using xml2js for smaller file
parseCOAXml called for file: 1541. D25A35.XML, content length: 20007
Starting parsing.. Size: 20034
Using xml2js for smaller file
parseCOAXml called for file: 1541. PS24054.XML, content length: 17900
Starting parsing.. Size: 17927
Using xml2js for smaller file
parseCOAXml called for file: 1542. D25A35.XML, content length: 20024
Starting parsing.. Size: 20051
Using xml2js for smaller file
parseCOAXml called for file: 1542. PS24055.XML, content length: 17899
Starting parsing.. Size: 17926
Using xml2js for smaller file
parseCOAXml called for file: 1543. D25A35.XML, content length: 19999
Starting parsing.. Size: 20026
Using xml2js for smaller file
parseCOAXml called for file: 1543. PS24056.XML, content length: 17900
Starting parsing.. Size: 17927
Using xml2js for smaller file
parseCOAXml called for file: 1544. N25A34.XML, content length: 16767
Starting parsing.. Size: 16794
Using xml2js for smaller file
parseCOAXml called for file: 1544. PS24057.XML, content length: 17900
Starting parsing.. Size: 17927
Using xml2js for smaller file
parseCOAXml called for file: 1545. N25A34.XML, content length: 16744
Starting parsing.. Size: 16771
Using xml2js for smaller file
parseCOAXml called for file: 1545. PS24058.XML, content length: 17900
Starting parsing.. Size: 17927
Using xml2js for smaller file
parseCOAXml called for file: 1546. 5A15.XML, content length: 19707
Starting parsing.. Size: 19734
Using xml2js for smaller file
parseCOAXml called for file: 1546. PS24059.XML, content length: 17900
Starting parsing.. Size: 17927
Using xml2js for smaller file
parseCOAXml called for file: 1547. D25A36.XML, content length: 15923
Starting parsing.. Size: 15950
Using xml2js for smaller file
parseCOAXml called for file: 1547. PS24060.XML, content length: 17900
Starting parsing.. Size: 17927
Using xml2js for smaller file
parseCOAXml called for file: 1548. D25A36.XML, content length: 15916
Starting parsing.. Size: 15943
Using xml2js for smaller file
parseCOAXml called for file: 1548. PS24061.XML, content length: 17900
Starting parsing.. Size: 17927
Using xml2js for smaller file
parseCOAXml called for file: 1549. N25A35.XML, content length: 18338
Starting parsing.. Size: 18365
Using xml2js for smaller file
parseCOAXml called for file: 1549. PS24062.XML, content length: 17901
Starting parsing.. Size: 17928
Using xml2js for smaller file
parseCOAXml called for file: 155. 4I06.XML, content length: 17451
Starting parsing.. Size: 17488
Using xml2js for smaller file
parseCOAXml called for file: 155. 5D12.XML, content length: 20717
Starting parsing.. Size: 20754
Using xml2js for smaller file
parseCOAXml called for file: 155. 5E02.XML, content length: 7325
Starting parsing.. Size: 7350
Using xml2js for smaller file
parseCOAXml called for file: 155. D26B03_MOXICON EYE DROPS 5ML.XML, content length: 33592
Starting parsing.. Size: 33619
Using xml2js for smaller file
parseCOAXml called for file: 155. PS24081.XML, content length: 7865
Starting parsing.. Size: 7890
Using xml2js for smaller file
parseCOAXml called for file: 155. UC26002.XML, content length: 6590
Starting parsing.. Size: 6615
Using xml2js for smaller file
parseCOAXml called for file: 1550. N25A35.XML, content length: 18321
Starting parsing.. Size: 18348
Using xml2js for smaller file
parseCOAXml called for file: 1550. PS24063.XML, content length: 17900
Starting parsing.. Size: 17927
Using xml2js for smaller file
parseCOAXml called for file: 1551. PS24064.XML, content length: 17900
Starting parsing.. Size: 17927
Using xml2js for smaller file
parseCOAXml called for file: 1551. PS25028.XML, content length: 17797
Starting parsing.. Size: 17824
Using xml2js for smaller file
parseCOAXml called for file: 1552. PS24065.XML, content length: 17899
Starting parsing.. Size: 17926
Using xml2js for smaller file
parseCOAXml called for file: 1552. PS25029.XML, content length: 17800
Starting parsing.. Size: 17827
Using xml2js for smaller file
parseCOAXml called for file: 1553. D25A37.XML, content length: 14708
Starting parsing.. Size: 14735
Using xml2js for smaller file
parseCOAXml called for file: 1553. PS24066.XML, content length: 17899
Starting parsing.. Size: 17926
Using xml2js for smaller file
parseCOAXml called for file: 1554. D25A37.XML, content length: 14692
Starting parsing.. Size: 14719
Using xml2js for smaller file
parseCOAXml called for file: 1554. PS24067.XML, content length: 17899
Starting parsing.. Size: 17926
Using xml2js for smaller file
parseCOAXml called for file: 1555. D25A37.XML, content length: 14700
Starting parsing.. Size: 14727
Using xml2js for smaller file
parseCOAXml called for file: 1555. PS24068.XML, content length: 17899
Starting parsing.. Size: 17926
Using xml2js for smaller file
parseCOAXml called for file: 1556. D25A38.XML, content length: 16777
Starting parsing.. Size: 16804
Using xml2js for smaller file
parseCOAXml called for file: 1556. PS24069.XML, content length: 17899
Starting parsing.. Size: 17926
Using xml2js for smaller file
parseCOAXml called for file: 1557. I362.XML, content length: 15450
Starting parsing.. Size: 15477
Using xml2js for smaller file
parseCOAXml called for file: 1557. PS24070.XML, content length: 17905
Starting parsing.. Size: 17932
Using xml2js for smaller file
parseCOAXml called for file: 1558. I362.XML, content length: 15467
Starting parsing.. Size: 15494
Using xml2js for smaller file
parseCOAXml called for file: 1558. PS24071.XML, content length: 17904
Starting parsing.. Size: 17931
Using xml2js for smaller file
parseCOAXml called for file: 1559. N25A36.XML, content length: 20876
Starting parsing.. Size: 20909
Using xml2js for smaller file
parseCOAXml called for file: 1559. PS24072.XML, content length: 17904
Starting parsing.. Size: 17931
Using xml2js for smaller file
parseCOAXml called for file: 156. 4I07 scivir.XML, content length: 19900
Starting parsing.. Size: 19927
Using xml2js for smaller file
parseCOAXml called for file: 156. 5E03.XML, content length: 7325
Starting parsing.. Size: 7350
Using xml2js for smaller file
parseCOAXml called for file: 156. D25D20.XML, content length: 19471
Starting parsing.. Size: 19504
Using xml2js for smaller file
parseCOAXml called for file: 156. D26B03_IO-MOX EYE DROPS 5ML.XML, content length: 17315
Starting parsing.. Size: 17342
Using xml2js for smaller file
parseCOAXml called for file: 156. D26B13.XML, content length: 8653
Starting parsing.. Size: 8678
Using xml2js for smaller file
parseCOAXml called for file: 156. I336.XML, content length: 7348
Starting parsing.. Size: 7373
Using xml2js for smaller file
parseCOAXml called for file: 1560. N25A36.XML, content length: 22030
Starting parsing.. Size: 22063
Using xml2js for smaller file
parseCOAXml called for file: 1560. PS24073.XML, content length: 17904
Starting parsing.. Size: 17931
Using xml2js for smaller file
parseCOAXml called for file: 1561. N25A36.XML, content length: 20880
Starting parsing.. Size: 20913
Using xml2js for smaller file
parseCOAXml called for file: 1561. PS24074.XML, content length: 17904
Starting parsing.. Size: 17931
Using xml2js for smaller file
parseCOAXml called for file: 1562. PS24075.XML, content length: 17904
Starting parsing.. Size: 17931
Using xml2js for smaller file
parseCOAXml called for file: 1562. PS25030.XML, content length: 17798
Starting parsing.. Size: 17825
Using xml2js for smaller file
parseCOAXml called for file: 1563. PS24076.XML, content length: 17904
Starting parsing.. Size: 17931
Using xml2js for smaller file
parseCOAXml called for file: 1563. PS25031.XML, content length: 17800
Starting parsing.. Size: 17827
Using xml2js for smaller file
parseCOAXml called for file: 1564. D25A39.XML, content length: 18001
Starting parsing.. Size: 18028
Using xml2js for smaller file
parseCOAXml called for file: 1564. PS24077.XML, content length: 17904
Starting parsing.. Size: 17931
Using xml2js for smaller file
parseCOAXml called for file: 1565. D25A40.XML, content length: 19345
Starting parsing.. Size: 19374
Using xml2js for smaller file
parseCOAXml called for file: 1565. PS24078.XML, content length: 17903
Starting parsing.. Size: 17930
Using xml2js for smaller file
parseCOAXml called for file: 1566. N25A37.XML, content length: 15831
Starting parsing.. Size: 15858
Using xml2js for smaller file
parseCOAXml called for file: 1566. PS24079.XML, content length: 17904
Starting parsing.. Size: 17931
Using xml2js for smaller file
parseCOAXml called for file: 1567. PS24080.XML, content length: 17904
Starting parsing.. Size: 17931
Using xml2js for smaller file
parseCOAXml called for file: 1567. PS25032.XML, content length: 17802
Starting parsing.. Size: 17829
Using xml2js for smaller file
parseCOAXml called for file: 1568. 5B01.XML, content length: 19290
Starting parsing.. Size: 19327
Using xml2js for smaller file
parseCOAXml called for file: 1568. PS24081.XML, content length: 17891
Starting parsing.. Size: 17918
Using xml2js for smaller file
parseCOAXml called for file: 1569. D25B01.XML, content length: 18018
Starting parsing.. Size: 18045
Using xml2js for smaller file
parseCOAXml called for file: 1569. PS24082.XML, content length: 17904
Starting parsing.. Size: 17931
Using xml2js for smaller file
parseCOAXml called for file: 157. 4I07 ganvir.XML, content length: 19881
Starting parsing.. Size: 19908
Using xml2js for smaller file
parseCOAXml called for file: 157. D25D20.XML, content length: 19473
Starting parsing.. Size: 19506
Using xml2js for smaller file
parseCOAXml called for file: 157. D26B03_MOKSEE EYE DROPS 5ML.XML, content length: 17315
Starting parsing.. Size: 17342
Using xml2js for smaller file
parseCOAXml called for file: 157. D26B14.XML, content length: 8727
Starting parsing.. Size: 8752
Using xml2js for smaller file
parseCOAXml called for file: 157. I337.XML, content length: 7349
Starting parsing.. Size: 7374
Using xml2js for smaller file
parseCOAXml called for file: 157. N25E02.XML, content length: 8860
Starting parsing.. Size: 8885
Using xml2js for smaller file
parseCOAXml called for file: 1570. D25B02.XML, content length: 14876
Starting parsing.. Size: 14903
Using xml2js for smaller file
parseCOAXml called for file: 1570. PS24083.XML, content length: 17904
Starting parsing.. Size: 17931
Using xml2js for smaller file
parseCOAXml called for file: 1571. L1825001.XML, content length: 12739
Starting parsing.. Size: 12766
Using xml2js for smaller file
parseCOAXml called for file: 1571. PS24084.XML, content length: 17904
Starting parsing.. Size: 17931
Using xml2js for smaller file
parseCOAXml called for file: 1572. N25B01.XML, content length: 15894
Starting parsing.. Size: 15921
Using xml2js for smaller file
parseCOAXml called for file: 1572. PS24085.XML, content length: 17904
Starting parsing.. Size: 17931
Using xml2js for smaller file
parseCOAXml called for file: 1573. N25B02.XML, content length: 15897
Starting parsing.. Size: 15924
Using xml2js for smaller file
parseCOAXml called for file: 1573. PS24086.XML, content length: 17904
Starting parsing.. Size: 17931
Using xml2js for smaller file
parseCOAXml called for file: 1574. PS24087.XML, content length: 17904
Starting parsing.. Size: 17931
Using xml2js for smaller file
parseCOAXml called for file: 1574. PS25033.XML, content length: 17798
Starting parsing.. Size: 17825
Using xml2js for smaller file
parseCOAXml called for file: 1575. 5B02.XML, content length: 20742
Starting parsing.. Size: 20779
Using xml2js for smaller file
parseCOAXml called for file: 1575. PS24088.XML, content length: 17904
Starting parsing.. Size: 17931
Using xml2js for smaller file
parseCOAXml called for file: 1576. D25B03.XML, content length: 33784
Starting parsing.. Size: 33811
Using xml2js for smaller file
parseCOAXml called for file: 1576. PS24089.XML, content length: 17904
Starting parsing.. Size: 17931
Using xml2js for smaller file
parseCOAXml called for file: 1577. D25B03.XML, content length: 17350
Starting parsing.. Size: 17377
Using xml2js for smaller file
parseCOAXml called for file: 1577. PS24090.XML, content length: 17899
Starting parsing.. Size: 17926
Using xml2js for smaller file
parseCOAXml called for file: 1578. D25B03.XML, content length: 17330
Starting parsing.. Size: 17357
Using xml2js for smaller file
parseCOAXml called for file: 1578. PS24091.XML, content length: 17899
Starting parsing.. Size: 17926
Using xml2js for smaller file
parseCOAXml called for file: 1579. N25B03.XML, content length: 15896
Starting parsing.. Size: 15923
Using xml2js for smaller file
parseCOAXml called for file: 1579. PS24092.XML, content length: 17904
Starting parsing.. Size: 17931
Using xml2js for smaller file
parseCOAXml called for file: 158. 4I07 ganvir uganda.XML, content length: 19892
Starting parsing.. Size: 19919
Using xml2js for smaller file
parseCOAXml called for file: 158. D26B03_VISIOQUIN EYE DROPS 5ML.XML, content length: 17324
Starting parsing.. Size: 17351
Using xml2js for smaller file
parseCOAXml called for file: 158. I338.XML, content length: 7347
Starting parsing.. Size: 7372
Using xml2js for smaller file
parseCOAXml called for file: 158. N25D20.XML, content length: 17980
Starting parsing.. Size: 18007
Using xml2js for smaller file
parseCOAXml called for file: 158. N26B07.XML, content length: 10414
Starting parsing.. Size: 10441
Using xml2js for smaller file
parseCOAXml called for file: 158. PS25058.XML, content length: 7747
Starting parsing.. Size: 7772
Using xml2js for smaller file
parseCOAXml called for file: 1580. 5B03.XML, content length: 18606
Starting parsing.. Size: 18643
Using xml2js for smaller file
parseCOAXml called for file: 1580. PS24093.XML, content length: 17904
Starting parsing.. Size: 17931
Using xml2js for smaller file
parseCOAXml called for file: 1581. D25B04.XML, content length: 16117
Starting parsing.. Size: 16144
Using xml2js for smaller file
parseCOAXml called for file: 1581. PS24094.XML, content length: 17904
Starting parsing.. Size: 17931
Using xml2js for smaller file
parseCOAXml called for file: 1582. N25B04.XML, content length: 20968
Starting parsing.. Size: 21001
Using xml2js for smaller file
parseCOAXml called for file: 1582. PS24095.XML, content length: 17904
Starting parsing.. Size: 17931
Using xml2js for smaller file
parseCOAXml called for file: 1583. N25B04.XML, content length: 20982
Starting parsing.. Size: 21015
Using xml2js for smaller file
parseCOAXml called for file: 1583. PS24096.XML, content length: 17904
Starting parsing.. Size: 17931
Using xml2js for smaller file
parseCOAXml called for file: 1584. N25B04.XML, content length: 20977
Starting parsing.. Size: 21010
Using xml2js for smaller file
parseCOAXml called for file: 1584. PS24097.XML, content length: 17904
Starting parsing.. Size: 17931
Using xml2js for smaller file
parseCOAXml called for file: 1585. PS24098.XML, content length: 17904
Starting parsing.. Size: 17931
Using xml2js for smaller file
parseCOAXml called for file: 1585. PS25034.XML, content length: 17799
Starting parsing.. Size: 17826
Using xml2js for smaller file
parseCOAXml called for file: 1586. PS24099.XML, content length: 17904
Starting parsing.. Size: 17931
Using xml2js for smaller file
parseCOAXml called for file: 1586. PS25035.XML, content length: 17803
Starting parsing.. Size: 17830
Using xml2js for smaller file
parseCOAXml called for file: 1587. D25B05.XML, content length: 18553
Starting parsing.. Size: 18580
Using xml2js for smaller file
parseCOAXml called for file: 1587. PS24100.XML, content length: 17904
Starting parsing.. Size: 17931
Using xml2js for smaller file
parseCOAXml called for file: 1588. D25B06.XML, content length: 29516
Starting parsing.. Size: 29543
Using xml2js for smaller file
parseCOAXml called for file: 1588. PS24101.XML, content length: 17904
Starting parsing.. Size: 17931
Using xml2js for smaller file
parseCOAXml called for file: 1589. N25B05.XML, content length: 16451
Starting parsing.. Size: 16478
Using xml2js for smaller file
parseCOAXml called for file: 1589. PS24102.XML, content length: 17904
Starting parsing.. Size: 17931
Using xml2js for smaller file
parseCOAXml called for file: 159. 4I08.XML, content length: 16676
Starting parsing.. Size: 16703
Using xml2js for smaller file
parseCOAXml called for file: 159. D25E03.XML, content length: 8652
Starting parsing.. Size: 8677
Using xml2js for smaller file
parseCOAXml called for file: 159. D26B04_SCIMOX-BR EYE DROPS 5ML.XML, content length: 18203
Starting parsing.. Size: 18230
Using xml2js for smaller file
parseCOAXml called for file: 159. D26B15.XML, content length: 8639
Starting parsing.. Size: 8664
Using xml2js for smaller file
parseCOAXml called for file: 159. N24E14.XML, content length: 9844
Starting parsing.. Size: 9869
Using xml2js for smaller file
parseCOAXml called for file: 159. PS25047.XML, content length: 17766
Starting parsing.. Size: 17793
Using xml2js for smaller file
parseCOAXml called for file: 1590. N25B06.XML, content length: 17178
Starting parsing.. Size: 17211
Using xml2js for smaller file
parseCOAXml called for file: 1590. PS24103.XML, content length: 17904
Starting parsing.. Size: 17931
Using xml2js for smaller file
parseCOAXml called for file: 1591. PS24104.XML, content length: 17905
Starting parsing.. Size: 17932
Using xml2js for smaller file
parseCOAXml called for file: 1591. PS25036.XML, content length: 17793
Starting parsing.. Size: 17820
Using xml2js for smaller file
parseCOAXml called for file: 1592. GP162.XML, content length: 12390
Starting parsing.. Size: 12417
Using xml2js for smaller file
parseCOAXml called for file: 1592. PS24105.XML, content length: 17900
Starting parsing.. Size: 17927
Using xml2js for smaller file
parseCOAXml called for file: 1593. D25B07.XML, content length: 18411
Starting parsing.. Size: 18438
Using xml2js for smaller file
parseCOAXml called for file: 1593. PS24106.XML, content length: 17900
Starting parsing.. Size: 17927
Using xml2js for smaller file
parseCOAXml called for file: 1594. D25B08.XML, content length: 21068
Starting parsing.. Size: 21103
Using xml2js for smaller file
parseCOAXml called for file: 1594.PS24107.XML, content length: 17904
Starting parsing.. Size: 17931
Using xml2js for smaller file
parseCOAXml called for file: 1595. D25B08.XML, content length: 21068
Starting parsing.. Size: 21103
Using xml2js for smaller file
parseCOAXml called for file: 1595. PS24108.XML, content length: 17904
Starting parsing.. Size: 17931
Using xml2js for smaller file
parseCOAXml called for file: 1596. I363.XML, content length: 15017
Starting parsing.. Size: 15044
Using xml2js for smaller file
parseCOAXml called for file: 1596. PS24109.XML, content length: 17905
Starting parsing.. Size: 17932
Using xml2js for smaller file
parseCOAXml called for file: 1597. I363.XML, content length: 15026
Starting parsing.. Size: 15053
Using xml2js for smaller file
parseCOAXml called for file: 1597. PS24110.XML, content length: 17899
Starting parsing.. Size: 17926
Using xml2js for smaller file
parseCOAXml called for file: 1598. N25B08.XML, content length: 17030
Starting parsing.. Size: 17057
Using xml2js for smaller file
parseCOAXml called for file: 1598. PS24111.XML, content length: 17906
Starting parsing.. Size: 17933
Using xml2js for smaller file
parseCOAXml called for file: 1599. D25B09.XML, content length: 33784
Starting parsing.. Size: 33811
Using xml2js for smaller file
parseCOAXml called for file: 1599. PS24112.XML, content length: 17902
Starting parsing.. Size: 17929
Using xml2js for smaller file
parseCOAXml called for file: 16. 24AM15.XML, content length: 17164
Starting parsing.. Size: 17191
Using xml2js for smaller file
parseCOAXml called for file: 16. 5D08 copy.XML, content length: 17123
Starting parsing.. Size: 17150
Using xml2js for smaller file
parseCOAXml called for file: 16. 5D08.XML, content length: 9475
Starting parsing.. Size: 9500
Using xml2js for smaller file
parseCOAXml called for file: 16. 5L05.XML, content length: 9581
Starting parsing.. Size: 9606
Using xml2js for smaller file
parseCOAXml called for file: 16. 6A07.XML, content length: 15026
Starting parsing.. Size: 15061
Using xml2js for smaller file
parseCOAXml called for file: 16. D24D06.XML, content length: 9755
Starting parsing.. Size: 9780
Using xml2js for smaller file
parseCOAXml called for file: 16. D25L23.XML, content length: 33519
Starting parsing.. Size: 33546
Using xml2js for smaller file
parseCOAXml called for file: 16. D25L37.XML, content length: 22102
Starting parsing.. Size: 22129
Using xml2js for smaller file
parseCOAXml called for file: 16. N25L30.XML, content length: 8659
Starting parsing.. Size: 8684
Using xml2js for smaller file
parseCOAXml called for file: 16. PS26047.XML, content length: 7747
Starting parsing.. Size: 7772
Using xml2js for smaller file
  ...2250 COA files processed (created 2238)
parseCOAXml called for file: 160. 4I09.XML, content length: 16800
Starting parsing.. Size: 16835
Using xml2js for smaller file
parseCOAXml called for file: 160. D24E16.XML, content length: 9902
Starting parsing.. Size: 9927
Using xml2js for smaller file
parseCOAXml called for file: 160. D26B04_MOXICON-BR EYE DROPS 5ML.XML, content length: 18191
Starting parsing.. Size: 18218
Using xml2js for smaller file
parseCOAXml called for file: 160. D26B16.XML, content length: 8822
Starting parsing.. Size: 8847
Using xml2js for smaller file
parseCOAXml called for file: 160. N25E03.XML, content length: 9569
Starting parsing.. Size: 9594
Using xml2js for smaller file
parseCOAXml called for file: 160. PS25048.XML, content length: 17766
Starting parsing.. Size: 17793
Using xml2js for smaller file
parseCOAXml called for file: 1600. D25B09.XML, content length: 17336
Starting parsing.. Size: 17363
Using xml2js for smaller file
parseCOAXml called for file: 1600. PS24113.XML, content length: 17904
Starting parsing.. Size: 17931
Using xml2js for smaller file
parseCOAXml called for file: 1601. D25B10.XML, content length: 19577
Starting parsing.. Size: 19610
Using xml2js for smaller file
parseCOAXml called for file: 1601. PS24114.XML, content length: 17905
Starting parsing.. Size: 17932
Using xml2js for smaller file
parseCOAXml called for file: 1602. D25B11.XML, content length: 19419
Starting parsing.. Size: 19452
Using xml2js for smaller file
parseCOAXml called for file: 1602. PS24115.XML, content length: 17903
Starting parsing.. Size: 17930
Using xml2js for smaller file
parseCOAXml called for file: 1603. I364.XML, content length: 15458
Starting parsing.. Size: 15485
Using xml2js for smaller file
parseCOAXml called for file: 1603. PS24116.XML, content length: 17903
Starting parsing.. Size: 17930
Using xml2js for smaller file
parseCOAXml called for file: 1604. D25B12.XML, content length: 22921
Starting parsing.. Size: 22954
Using xml2js for smaller file
parseCOAXml called for file: 1604. PS24117.XML, content length: 17902
Starting parsing.. Size: 17929
Using xml2js for smaller file
parseCOAXml called for file: 1605. D25B13.XML, content length: 22925
Starting parsing.. Size: 22958
Using xml2js for smaller file
parseCOAXml called for file: 1605. PS24118.XML, content length: 17899
Starting parsing.. Size: 17926
Using xml2js for smaller file
parseCOAXml called for file: 1606. D25B13.XML, content length: 22949
Starting parsing.. Size: 22982
Using xml2js for smaller file
parseCOAXml called for file: 1606. PS24119.XML, content length: 17904
Starting parsing.. Size: 17931
Using xml2js for smaller file
parseCOAXml called for file: 1607. D25B13.XML, content length: 22926
Starting parsing.. Size: 22959
Using xml2js for smaller file
parseCOAXml called for file: 1607. PS24120.XML, content length: 17904
Starting parsing.. Size: 17931
Using xml2js for smaller file
parseCOAXml called for file: 1608. I365.XML, content length: 15425
Starting parsing.. Size: 15452
Using xml2js for smaller file
parseCOAXml called for file: 1608. PS24121.XML, content length: 17904
Starting parsing.. Size: 17931
Using xml2js for smaller file
parseCOAXml called for file: 1609. PS24122.XML, content length: 17904
Starting parsing.. Size: 17931
Using xml2js for smaller file
parseCOAXml called for file: 1609. UC25001.XML, content length: 13386
Starting parsing.. Size: 13413
Using xml2js for smaller file
parseCOAXml called for file: 161. 4I09 hyper i.XML, content length: 16762
Starting parsing.. Size: 16799
Using xml2js for smaller file
parseCOAXml called for file: 161. 5E04.XML, content length: 8566
Starting parsing.. Size: 8591
Using xml2js for smaller file
parseCOAXml called for file: 161. D26B05_VALMOX-KT EYE DROPS 5ML.XML, content length: 18190
Starting parsing.. Size: 18217
Using xml2js for smaller file
parseCOAXml called for file: 161. I339.XML, content length: 8452
Starting parsing.. Size: 8477
Using xml2js for smaller file
parseCOAXml called for file: 161. I436.XML, content length: 8413
Starting parsing.. Size: 8438
Using xml2js for smaller file
parseCOAXml called for file: 161. RI519.XML, content length: 14595
Starting parsing.. Size: 14622
Using xml2js for smaller file
parseCOAXml called for file: 1610. D25B14.XML, content length: 34167
Starting parsing.. Size: 34206
Using xml2js for smaller file
parseCOAXml called for file: 1610. PS24123.XML, content length: 17904
Starting parsing.. Size: 17931
Using xml2js for smaller file
parseCOAXml called for file: 1611. I366.XML, content length: 19441
Starting parsing.. Size: 19474
Using xml2js for smaller file
parseCOAXml called for file: 1611. PS24124.XML, content length: 17905
Starting parsing.. Size: 17932
Using xml2js for smaller file
parseCOAXml called for file: 1612. PS24125.XML, content length: 17904
Starting parsing.. Size: 17931
Using xml2js for smaller file
parseCOAXml called for file: 1612. PZ25001.XML, content length: 17749
Starting parsing.. Size: 17776
Using xml2js for smaller file
parseCOAXml called for file: 1613. 5B04.XML, content length: 36641
Starting parsing.. Size: 36688
Using xml2js for smaller file
parseCOAXml called for file: 1613. PS24126.XML, content length: 17906
Starting parsing.. Size: 17933
Using xml2js for smaller file
parseCOAXml called for file: 1614. D25B15.XML, content length: 16286
Starting parsing.. Size: 16313
Using xml2js for smaller file
parseCOAXml called for file: 1614. PS24127.XML, content length: 17924
Starting parsing.. Size: 17951
Using xml2js for smaller file
parseCOAXml called for file: 1615. D25B16.XML, content length: 22924
Starting parsing.. Size: 22959
Using xml2js for smaller file
parseCOAXml called for file: 1615. PS24128.XML, content length: 17901
Starting parsing.. Size: 17928
Using xml2js for smaller file
parseCOAXml called for file: 1616. N25B12.XML, content length: 15899
Starting parsing.. Size: 15926
Using xml2js for smaller file
parseCOAXml called for file: 1616. PS24129.XML, content length: 17899
Starting parsing.. Size: 17926
Using xml2js for smaller file
parseCOAXml called for file: 1617. N25B13.XML, content length: 15902
Starting parsing.. Size: 15929
Using xml2js for smaller file
parseCOAXml called for file: 1617. PS24130.XML, content length: 17903
Starting parsing.. Size: 17930
Using xml2js for smaller file
parseCOAXml called for file: 1618. D25B17.XML, content length: 19474
Starting parsing.. Size: 19501
Using xml2js for smaller file
parseCOAXml called for file: 1618. PS24131.XML, content length: 17904
Starting parsing.. Size: 17931
Using xml2js for smaller file
parseCOAXml called for file: 1619. D25B17.XML, content length: 36291
Starting parsing.. Size: 36318
Using xml2js for smaller file
parseCOAXml called for file: 1619. PS24132.XML, content length: 17904
Starting parsing.. Size: 17931
Using xml2js for smaller file
parseCOAXml called for file: 162. 4I10.XML, content length: 16565
Starting parsing.. Size: 16602
Using xml2js for smaller file
parseCOAXml called for file: 162. D25E04.XML, content length: 8651
Starting parsing.. Size: 8676
Using xml2js for smaller file
parseCOAXml called for file: 162. D26B05_MOXICON-KT EYE DROPS 5ML.XML, content length: 18196
Starting parsing.. Size: 18223
Using xml2js for smaller file
parseCOAXml called for file: 162. L1826003.XML, content length: 5444
Starting parsing.. Size: 5469
Using xml2js for smaller file
parseCOAXml called for file: 162. N24E15.XML, content length: 8669
Starting parsing.. Size: 8694
Using xml2js for smaller file
parseCOAXml called for file: 162. N25D21.XML, content length: 17979
Starting parsing.. Size: 18006
Using xml2js for smaller file
parseCOAXml called for file: 1620. D25B17.XML, content length: 19484
Starting parsing.. Size: 19511
Using xml2js for smaller file
parseCOAXml called for file: 1620. PS24133.XML, content length: 17904
Starting parsing.. Size: 17931
Using xml2js for smaller file
parseCOAXml called for file: 1621. D25B18.XML, content length: 15832
Starting parsing.. Size: 15859
Using xml2js for smaller file
parseCOAXml called for file: 1621. PS24134.XML, content length: 17904
Starting parsing.. Size: 17931
Using xml2js for smaller file
parseCOAXml called for file: 1622. N25B14.XML, content length: 20976
Starting parsing.. Size: 21009
Using xml2js for smaller file
parseCOAXml called for file: 1622. PS24135.XML, content length: 17904
Starting parsing.. Size: 17931
Using xml2js for smaller file
parseCOAXml called for file: 1623. AI073.XML, content length: 15760
Starting parsing.. Size: 15787
Using xml2js for smaller file
parseCOAXml called for file: 1623. PS24136.XML, content length: 17902
Starting parsing.. Size: 17929
Using xml2js for smaller file
parseCOAXml called for file: 1624. AI073.XML, content length: 15766
Starting parsing.. Size: 15793
Using xml2js for smaller file
parseCOAXml called for file: 1624. PS24137.XML, content length: 17904
Starting parsing.. Size: 17931
Using xml2js for smaller file
parseCOAXml called for file: 1625. D25B19.XML, content length: 19506
Starting parsing.. Size: 19541
Using xml2js for smaller file
parseCOAXml called for file: 1625. PS24138.XML, content length: 17899
Starting parsing.. Size: 17926
Using xml2js for smaller file
parseCOAXml called for file: 1626. D25B20.XML, content length: 19364
Starting parsing.. Size: 19393
Using xml2js for smaller file
parseCOAXml called for file: 1626. PS24139.XML, content length: 17899
Starting parsing.. Size: 17926
Using xml2js for smaller file
parseCOAXml called for file: 1627. D25B20.XML, content length: 19278
Starting parsing.. Size: 19305
Using xml2js for smaller file
parseCOAXml called for file: 1627. PS24140.XML, content length: 17899
Starting parsing.. Size: 17926
Using xml2js for smaller file
parseCOAXml called for file: 1628. D25B20.XML, content length: 19269
Starting parsing.. Size: 19296
Using xml2js for smaller file
parseCOAXml called for file: 1628. PS24141.XML, content length: 17904
Starting parsing.. Size: 17931
Using xml2js for smaller file
parseCOAXml called for file: 1629. D25B21.XML, content length: 19576
Starting parsing.. Size: 19611
Using xml2js for smaller file
parseCOAXml called for file: 1629. PS24142.XML, content length: 17899
Starting parsing.. Size: 17926
Using xml2js for smaller file
parseCOAXml called for file: 163. 4J01 lacort.XML, content length: 19294
Starting parsing.. Size: 19331
Using xml2js for smaller file
parseCOAXml called for file: 163. D24E17.XML, content length: 9901
Starting parsing.. Size: 9926
Using xml2js for smaller file
parseCOAXml called for file: 163. D26B06_SCICLOP EYE DROPS 5ML.XML, content length: 16361
Starting parsing.. Size: 16388
Using xml2js for smaller file
parseCOAXml called for file: 163. N25E04.XML, content length: 8364
Starting parsing.. Size: 8389
Using xml2js for smaller file
parseCOAXml called for file: 163. N26B08.XML, content length: 8642
Starting parsing.. Size: 8667
Using xml2js for smaller file
parseCOAXml called for file: 163. RI520.XML, content length: 14595
Starting parsing.. Size: 14622
Using xml2js for smaller file
parseCOAXml called for file: 1630. D25B21.XML, content length: 19606
Starting parsing.. Size: 19641
Using xml2js for smaller file
parseCOAXml called for file: 1630. PS24143.XML, content length: 17904
Starting parsing.. Size: 17931
Using xml2js for smaller file
parseCOAXml called for file: 1631. N25B16.XML, content length: 17194
Starting parsing.. Size: 17227
Using xml2js for smaller file
parseCOAXml called for file: 1631. PS24144.XML, content length: 17899
Starting parsing.. Size: 17926
Using xml2js for smaller file
parseCOAXml called for file: 1632. N25B16.XML, content length: 17152
Starting parsing.. Size: 17185
Using xml2js for smaller file
parseCOAXml called for file: 1632. PS24145.XML, content length: 17903
Starting parsing.. Size: 17930
Using xml2js for smaller file
parseCOAXml called for file: 1633. D25B22.XML, content length: 33507
Starting parsing.. Size: 33534
Using xml2js for smaller file
parseCOAXml called for file: 1633. PS24146.XML, content length: 17899
Starting parsing.. Size: 17926
Using xml2js for smaller file
parseCOAXml called for file: 1634. N25B17.XML, content length: 18139
Starting parsing.. Size: 18172
Using xml2js for smaller file
parseCOAXml called for file: 1634. PS24147.XML, content length: 17904
Starting parsing.. Size: 17931
Using xml2js for smaller file
parseCOAXml called for file: 1635. 5B06.XML, content length: 20749
Starting parsing.. Size: 20786
Using xml2js for smaller file
parseCOAXml called for file: 1635. PS24148.XML, content length: 17905
Starting parsing.. Size: 17932
Using xml2js for smaller file
parseCOAXml called for file: 1636. 5B06.XML, content length: 20743
Starting parsing.. Size: 20780
Using xml2js for smaller file
parseCOAXml called for file: 1636. PS24149.XML, content length: 17904
Starting parsing.. Size: 17931
Using xml2js for smaller file
parseCOAXml called for file: 1637. N25B18.XML, content length: 17181
Starting parsing.. Size: 17214
Using xml2js for smaller file
parseCOAXml called for file: 1637. PS24150.XML, content length: 17903
Starting parsing.. Size: 17930
Using xml2js for smaller file
parseCOAXml called for file: 1638. D25B23.XML, content length: 19328
Starting parsing.. Size: 19355
Using xml2js for smaller file
parseCOAXml called for file: 1638. PS24151.XML, content length: 17904
Starting parsing.. Size: 17931
Using xml2js for smaller file
parseCOAXml called for file: 1639. D25B23.XML, content length: 19328
Starting parsing.. Size: 19355
Using xml2js for smaller file
parseCOAXml called for file: 1639. PS24152.XML, content length: 17904
Starting parsing.. Size: 17931
Using xml2js for smaller file
parseCOAXml called for file: 164. 4J01.XML, content length: 19311
Starting parsing.. Size: 19348
Using xml2js for smaller file
parseCOAXml called for file: 164. 5D13.XML, content length: 16384
Starting parsing.. Size: 16421
Using xml2js for smaller file
parseCOAXml called for file: 164. 6B04.XML, content length: 7493
Starting parsing.. Size: 7518
Using xml2js for smaller file
parseCOAXml called for file: 164. D26B06_CYCLOVAL EYE DROPS 5ML.XML, content length: 16348
Starting parsing.. Size: 16375
Using xml2js for smaller file
parseCOAXml called for file: 164. N24E16.XML, content length: 8669
Starting parsing.. Size: 8694
Using xml2js for smaller file
parseCOAXml called for file: 164. PS25059.XML, content length: 7747
Starting parsing.. Size: 7772
Using xml2js for smaller file
parseCOAXml called for file: 1640. HI25B01.XML, content length: 14505
Starting parsing.. Size: 14532
Using xml2js for smaller file
parseCOAXml called for file: 1640. PS24153.XML, content length: 17903
Starting parsing.. Size: 17930
Using xml2js for smaller file
parseCOAXml called for file: 1641. N25B19.XML, content length: 17217
Starting parsing.. Size: 17250
Using xml2js for smaller file
parseCOAXml called for file: 1641. PS24154.XML, content length: 17904
Starting parsing.. Size: 17931
Using xml2js for smaller file
parseCOAXml called for file: 1642. 5B07.XML, content length: 18623
Starting parsing.. Size: 18660
Using xml2js for smaller file
parseCOAXml called for file: 1642. PS24155.XML, content length: 17905
Starting parsing.. Size: 17932
Using xml2js for smaller file
parseCOAXml called for file: 1643. D25B24.XML, content length: 19368
Starting parsing.. Size: 19395
Using xml2js for smaller file
parseCOAXml called for file: 1643. PS24156.XML, content length: 17904
Starting parsing.. Size: 17931
Using xml2js for smaller file
parseCOAXml called for file: 1644. D25B24.XML, content length: 19347
Starting parsing.. Size: 19374
Using xml2js for smaller file
parseCOAXml called for file: 1644. PS24157.XML, content length: 17904
Starting parsing.. Size: 17931
Using xml2js for smaller file
parseCOAXml called for file: 1645. D25B24.XML, content length: 19345
Starting parsing.. Size: 19372
Using xml2js for smaller file
parseCOAXml called for file: 1645. PS24158.XML, content length: 17904
Starting parsing.. Size: 17931
Using xml2js for smaller file
parseCOAXml called for file: 1646. D25B24.XML, content length: 19346
Starting parsing.. Size: 19373
Using xml2js for smaller file
parseCOAXml called for file: 1646. PS24159.XML, content length: 17905
Starting parsing.. Size: 17932
Using xml2js for smaller file
parseCOAXml called for file: 1647. N25B20.XML, content length: 17167
Starting parsing.. Size: 17200
Using xml2js for smaller file
parseCOAXml called for file: 1647. PS24160.XML, content length: 17907
Starting parsing.. Size: 17934
Using xml2js for smaller file
parseCOAXml called for file: 1648. D25B25.XML, content length: 33514
Starting parsing.. Size: 33541
Using xml2js for smaller file
parseCOAXml called for file: 1648. PS24161.XML, content length: 17909
Starting parsing.. Size: 17936
Using xml2js for smaller file
parseCOAXml called for file: 1649. D25B25.XML, content length: 19347
Starting parsing.. Size: 19374
Using xml2js for smaller file
parseCOAXml called for file: 1649. PS24162.XML, content length: 17909
Starting parsing.. Size: 17936
Using xml2js for smaller file
parseCOAXml called for file: 165. 4J02.XML, content length: 21153
Starting parsing.. Size: 21190
Using xml2js for smaller file
parseCOAXml called for file: 165. B4E01.XML, content length: 6747
Starting parsing.. Size: 6772
Using xml2js for smaller file
parseCOAXml called for file: 165. D25D21.XML, content length: 15923
Starting parsing.. Size: 15950
Using xml2js for smaller file
parseCOAXml called for file: 165. D26B07.XML, content length: 18456
Starting parsing.. Size: 18483
Using xml2js for smaller file
parseCOAXml called for file: 165. D26B17.XML, content length: 9895
Starting parsing.. Size: 9920
Using xml2js for smaller file
parseCOAXml called for file: 165. PS25060.XML, content length: 7747
Starting parsing.. Size: 7772
Using xml2js for smaller file
parseCOAXml called for file: 1650. D25B25.XML, content length: 19353
Starting parsing.. Size: 19380
Using xml2js for smaller file
parseCOAXml called for file: 1650. PS24163.XML, content length: 17904
Starting parsing.. Size: 17931
Using xml2js for smaller file
parseCOAXml called for file: 1651. HI25B02.XML, content length: 14505
Starting parsing.. Size: 14532
Using xml2js for smaller file
parseCOAXml called for file: 1651. PS24164.XML, content length: 17904
Starting parsing.. Size: 17931
Using xml2js for smaller file
parseCOAXml called for file: 1652. N25B22.XML, content length: 18367
Starting parsing.. Size: 18394
Using xml2js for smaller file
parseCOAXml called for file: 1652. PS24165.XML, content length: 17906
Starting parsing.. Size: 17933
Using xml2js for smaller file
parseCOAXml called for file: 1653. N25B23.XML, content length: 22111
Starting parsing.. Size: 22138
Using xml2js for smaller file
parseCOAXml called for file: 1653. PS24166.XML, content length: 17903
Starting parsing.. Size: 17930
Using xml2js for smaller file
parseCOAXml called for file: 1654. 5B08.XML, content length: 17299
Starting parsing.. Size: 17336
Using xml2js for smaller file
parseCOAXml called for file: 1654. PS24167.XML, content length: 17904
Starting parsing.. Size: 17931
Using xml2js for smaller file
parseCOAXml called for file: 1655. N25B24.XML, content length: 25320
Starting parsing.. Size: 25353
Using xml2js for smaller file
parseCOAXml called for file: 1655. PS24168.XML, content length: 17903
Starting parsing.. Size: 17930
Using xml2js for smaller file
parseCOAXml called for file: 1656. B5B01.XML, content length: 13338
Starting parsing.. Size: 13365
Using xml2js for smaller file
parseCOAXml called for file: 1656. PS24169.XML, content length: 17904
Starting parsing.. Size: 17931
Using xml2js for smaller file
parseCOAXml called for file: 1657. D25B28.XML, content length: 15923
Starting parsing.. Size: 15950
Using xml2js for smaller file
parseCOAXml called for file: 1657. PS24170.XML, content length: 17905
Starting parsing.. Size: 17932
Using xml2js for smaller file
parseCOAXml called for file: 1658. D25B28.XML, content length: 15919
Starting parsing.. Size: 15946
Using xml2js for smaller file
parseCOAXml called for file: 1658. PS24171.XML, content length: 17904
Starting parsing.. Size: 17931
Using xml2js for smaller file
parseCOAXml called for file: 1659. 5B09.XML, content length: 17070
Starting parsing.. Size: 17097
Using xml2js for smaller file
parseCOAXml called for file: 1659. PS24172.XML, content length: 17904
Starting parsing.. Size: 17931
Using xml2js for smaller file
parseCOAXml called for file: 166. 4J03.XML, content length: 21151
Starting parsing.. Size: 21188
Using xml2js for smaller file
parseCOAXml called for file: 166. 5E05.XML, content length: 9582
Starting parsing.. Size: 9607
Using xml2js for smaller file
parseCOAXml called for file: 166. D24E18.XML, content length: 8660
Starting parsing.. Size: 8685
Using xml2js for smaller file
parseCOAXml called for file: 166. D26B08_SCI-HY EYE DROPS 5ML.XML, content length: 15934
Starting parsing.. Size: 15961
Using xml2js for smaller file
parseCOAXml called for file: 166. N25D22.XML, content length: 17161
Starting parsing.. Size: 17194
Using xml2js for smaller file
parseCOAXml called for file: 166. N26B09.XML, content length: 8415
Starting parsing.. Size: 8440
Using xml2js for smaller file
parseCOAXml called for file: 1660. D25B29.XML, content length: 15954
Starting parsing.. Size: 15981
Using xml2js for smaller file
parseCOAXml called for file: 1660. PS24173.XML, content length: 17905
Starting parsing.. Size: 17932
Using xml2js for smaller file
parseCOAXml called for file: 1661. N25B25.XML, content length: 17884
Starting parsing.. Size: 17915
Using xml2js for smaller file
parseCOAXml called for file: 1661. PS24174.XML, content length: 17906
Starting parsing.. Size: 17933
Using xml2js for smaller file
parseCOAXml called for file: 1662. 5B10.XML, content length: 17060
Starting parsing.. Size: 17087
Using xml2js for smaller file
parseCOAXml called for file: 1662. PS24175.XML, content length: 17904
Starting parsing.. Size: 17931
Using xml2js for smaller file
parseCOAXml called for file: 1663. B5B02.XML, content length: 13335
Starting parsing.. Size: 13362
Using xml2js for smaller file
parseCOAXml called for file: 1663. PS24176.XML, content length: 17908
Starting parsing.. Size: 17935
Using xml2js for smaller file
parseCOAXml called for file: 1664. B5B02.XML, content length: 13340
Starting parsing.. Size: 13367
Using xml2js for smaller file
parseCOAXml called for file: 1664. PS24177.XML, content length: 17905
Starting parsing.. Size: 17932
Using xml2js for smaller file
parseCOAXml called for file: 1665. D25B31.XML, content length: 19598
Starting parsing.. Size: 19625
Using xml2js for smaller file
parseCOAXml called for file: 1665. PS24178.XML, content length: 17902
Starting parsing.. Size: 17929
Using xml2js for smaller file
parseCOAXml called for file: 1666. D25B31.XML, content length: 19569
Starting parsing.. Size: 19596
Using xml2js for smaller file
parseCOAXml called for file: 1666. PS24179.XML, content length: 17905
Starting parsing.. Size: 17932
Using xml2js for smaller file
parseCOAXml called for file: 1667. D25B32.XML, content length: 17910
Starting parsing.. Size: 17937
Using xml2js for smaller file
parseCOAXml called for file: 1667. PS24180.XML, content length: 17902
Starting parsing.. Size: 17929
Using xml2js for smaller file
parseCOAXml called for file: 1668. N25B26.XML, content length: 18160
Starting parsing.. Size: 18187
Using xml2js for smaller file
parseCOAXml called for file: 1668. PS24181.XML, content length: 17903
Starting parsing.. Size: 17930
Using xml2js for smaller file
parseCOAXml called for file: 1669. 5B11.XML, content length: 17074
Starting parsing.. Size: 17101
Using xml2js for smaller file
parseCOAXml called for file: 1669. PS24182.XML, content length: 17903
Starting parsing.. Size: 17930
Using xml2js for smaller file
parseCOAXml called for file: 167. 4J04.XML, content length: 19909
Starting parsing.. Size: 19936
Using xml2js for smaller file
parseCOAXml called for file: 167. D25E05.XML, content length: 8652
Starting parsing.. Size: 8677
Using xml2js for smaller file
parseCOAXml called for file: 167. D26B08_SCI-HY EYE DROPS 10ML.XML, content length: 15940
Starting parsing.. Size: 15967
Using xml2js for smaller file
parseCOAXml called for file: 167. D26B18.XML, content length: 9616
Starting parsing.. Size: 9641
Using xml2js for smaller file
parseCOAXml called for file: 167. I340.XML, content length: 8441
Starting parsing.. Size: 8466
Using xml2js for smaller file
parseCOAXml called for file: 167. PS25049.XML, content length: 17767
Starting parsing.. Size: 17794
Using xml2js for smaller file
parseCOAXml called for file: 1670. B5B03.XML, content length: 14484
Starting parsing.. Size: 14511
Using xml2js for smaller file
parseCOAXml called for file: 1670. PS24183.XML, content length: 17902
Starting parsing.. Size: 17929
Using xml2js for smaller file
parseCOAXml called for file: 1671. D25B33.XML, content length: 17907
Starting parsing.. Size: 17934
Using xml2js for smaller file
parseCOAXml called for file: 1671. PS24184.XML, content length: 17905
Starting parsing.. Size: 17932
Using xml2js for smaller file
parseCOAXml called for file: 1672. N25B27.XML, content length: 16179
Starting parsing.. Size: 16212
Using xml2js for smaller file
parseCOAXml called for file: 1672. PS24185.XML, content length: 17905
Starting parsing.. Size: 17932
Using xml2js for smaller file
parseCOAXml called for file: 1673. N25B27.XML, content length: 16185
Starting parsing.. Size: 16218
Using xml2js for smaller file
parseCOAXml called for file: 1673. PS24186.XML, content length: 17903
Starting parsing.. Size: 17930
Using xml2js for smaller file
parseCOAXml called for file: 1674. 5B12.XML, content length: 17585
Starting parsing.. Size: 17622
Using xml2js for smaller file
parseCOAXml called for file: 1674. PS24187.XML, content length: 17903
Starting parsing.. Size: 17930
Using xml2js for smaller file
parseCOAXml called for file: 1675. 5B12.XML, content length: 17517
Starting parsing.. Size: 17554
Using xml2js for smaller file
parseCOAXml called for file: 1675. PS24188.XML, content length: 17906
Starting parsing.. Size: 17933
Using xml2js for smaller file
parseCOAXml called for file: 1676. D25B34.XML, content length: 17910
Starting parsing.. Size: 17937
Using xml2js for smaller file
parseCOAXml called for file: 1676. PS24189.XML, content length: 17905
Starting parsing.. Size: 17932
Using xml2js for smaller file
parseCOAXml called for file: 1677. N25B28.XML, content length: 15964
Starting parsing.. Size: 15991
Using xml2js for smaller file
parseCOAXml called for file: 1677. PS24190.XML, content length: 17905
Starting parsing.. Size: 17932
Using xml2js for smaller file
parseCOAXml called for file: 1678. D25C01.XML, content length: 16760
Starting parsing.. Size: 16787
Using xml2js for smaller file
parseCOAXml called for file: 1678. PS24191.XML, content length: 17905
Starting parsing.. Size: 17932
Using xml2js for smaller file
parseCOAXml called for file: 1679. 5C01.XML, content length: 19464
Starting parsing.. Size: 19501
Using xml2js for smaller file
parseCOAXml called for file: 1679. PS24192.XML, content length: 17904
Starting parsing.. Size: 17931
Using xml2js for smaller file
parseCOAXml called for file: 168. 4J06.XML, content length: 16015
Starting parsing.. Size: 16052
Using xml2js for smaller file
parseCOAXml called for file: 168. D25D22.XML, content length: 15911
Starting parsing.. Size: 15938
Using xml2js for smaller file
parseCOAXml called for file: 168. D26B09.XML, content length: 33503
Starting parsing.. Size: 33530
Using xml2js for smaller file
parseCOAXml called for file: 168. D26B19.XML, content length: 9688
Starting parsing.. Size: 9713
Using xml2js for smaller file
parseCOAXml called for file: 168. N24E17.XML, content length: 8669
Starting parsing.. Size: 8694
Using xml2js for smaller file
parseCOAXml called for file: 168. PS25061.XML, content length: 7747
Starting parsing.. Size: 7772
Using xml2js for smaller file
parseCOAXml called for file: 1680. B5C01.XML, content length: 14483
Starting parsing.. Size: 14510
Using xml2js for smaller file
parseCOAXml called for file: 1680. PS24193.XML, content length: 17905
Starting parsing.. Size: 17932
Using xml2js for smaller file
parseCOAXml called for file: 1681. D25C02.XML, content length: 21396
Starting parsing.. Size: 21423
Using xml2js for smaller file
parseCOAXml called for file: 1681. PS24194.XML, content length: 17905
Starting parsing.. Size: 17932
Using xml2js for smaller file
parseCOAXml called for file: 1682. D25C03.XML, content length: 14856
Starting parsing.. Size: 14883
Using xml2js for smaller file
parseCOAXml called for file: 1682. PS24195.XML, content length: 17905
Starting parsing.. Size: 17932
Using xml2js for smaller file
parseCOAXml called for file: 1683. D25C03.XML, content length: 14878
Starting parsing.. Size: 14905
Using xml2js for smaller file
parseCOAXml called for file: 1683. PS24196.XML, content length: 17904
Starting parsing.. Size: 17931
Using xml2js for smaller file
parseCOAXml called for file: 1684. N25C02.XML, content length: 16772
Starting parsing.. Size: 16799
Using xml2js for smaller file
parseCOAXml called for file: 1684. PS24197.XML, content length: 17905
Starting parsing.. Size: 17932
Using xml2js for smaller file
parseCOAXml called for file: 1685. D25C04.XML, content length: 15897
Starting parsing.. Size: 15924
Using xml2js for smaller file
parseCOAXml called for file: 1685. PS24198.XML, content length: 17906
Starting parsing.. Size: 17933
Using xml2js for smaller file
parseCOAXml called for file: 1686. D25C05.XML, content length: 15912
Starting parsing.. Size: 15939
Using xml2js for smaller file
parseCOAXml called for file: 1686. PS24199.XML, content length: 17903
Starting parsing.. Size: 17930
Using xml2js for smaller file
parseCOAXml called for file: 1687. D25C05.XML, content length: 15921
Starting parsing.. Size: 15948
Using xml2js for smaller file
parseCOAXml called for file: 1687. PS24200.XML, content length: 17903
Starting parsing.. Size: 17930
Using xml2js for smaller file
parseCOAXml called for file: 1688. I367.XML, content length: 19438
Starting parsing.. Size: 19471
Using xml2js for smaller file
parseCOAXml called for file: 1688. PS24201.XML, content length: 17901
Starting parsing.. Size: 17928
Using xml2js for smaller file
parseCOAXml called for file: 1689. N25C03.XML, content length: 19589
Starting parsing.. Size: 19624
Using xml2js for smaller file
parseCOAXml called for file: 1689. PS24202.XML, content length: 17906
Starting parsing.. Size: 17933
Using xml2js for smaller file
parseCOAXml called for file: 169. 4J07.XML, content length: 16010
Starting parsing.. Size: 16047
Using xml2js for smaller file
parseCOAXml called for file: 169. D24E19.XML, content length: 8663
Starting parsing.. Size: 8688
Using xml2js for smaller file
parseCOAXml called for file: 169. D25D23.XML, content length: 16768
Starting parsing.. Size: 16795
Using xml2js for smaller file
parseCOAXml called for file: 169. D25E06.XML, content length: 8652
Starting parsing.. Size: 8677
Using xml2js for smaller file
parseCOAXml called for file: 169. D26B10_CELLUCON EYE DROPS 10ML.XML, content length: 19339
Starting parsing.. Size: 19366
Using xml2js for smaller file
parseCOAXml called for file: 169. I437.XML, content length: 8411
Starting parsing.. Size: 8436
Using xml2js for smaller file
parseCOAXml called for file: 1690. N25C03.XML, content length: 19572
Starting parsing.. Size: 19607
Using xml2js for smaller file
parseCOAXml called for file: 1690. PS24203.XML, content length: 17904
Starting parsing.. Size: 17931
Using xml2js for smaller file
parseCOAXml called for file: 1691. B5C02.XML, content length: 14867
Starting parsing.. Size: 14894
Using xml2js for smaller file
parseCOAXml called for file: 1691. PS24204.XML, content length: 17902
Starting parsing.. Size: 17929
Using xml2js for smaller file
parseCOAXml called for file: 1692. D25C06.XML, content length: 28623
Starting parsing.. Size: 28650
Using xml2js for smaller file
parseCOAXml called for file: 1692. PS24205.XML, content length: 17902
Starting parsing.. Size: 17929
Using xml2js for smaller file
parseCOAXml called for file: 1693. D25C07.XML, content length: 19264
Starting parsing.. Size: 19293
Using xml2js for smaller file
parseCOAXml called for file: 1693. PS24206.XML, content length: 17903
Starting parsing.. Size: 17930
Using xml2js for smaller file
parseCOAXml called for file: 1694. D25C07.XML, content length: 19386
Starting parsing.. Size: 19413
Using xml2js for smaller file
parseCOAXml called for file: 1694. PS24207.XML, content length: 17903
Starting parsing.. Size: 17930
Using xml2js for smaller file
  ...2500 COA files processed (created 2488)
parseCOAXml called for file: 1695. I368.XML, content length: 19437
Starting parsing.. Size: 19470
Using xml2js for smaller file
parseCOAXml called for file: 1695. PS24208.XML, content length: 17903
Starting parsing.. Size: 17930
Using xml2js for smaller file
parseCOAXml called for file: 1696. I368.XML, content length: 19446
Starting parsing.. Size: 19479
Using xml2js for smaller file
parseCOAXml called for file: 1696. PS24209.XML, content length: 17905
Starting parsing.. Size: 17932
Using xml2js for smaller file
parseCOAXml called for file: 1697. N25C04.XML, content length: 18541
Starting parsing.. Size: 18568
Using xml2js for smaller file
parseCOAXml called for file: 1697. PS24210.XML, content length: 17905
Starting parsing.. Size: 17932
Using xml2js for smaller file
parseCOAXml called for file: 1698. D25C08.XML, content length: 15941
Starting parsing.. Size: 15968
Using xml2js for smaller file
parseCOAXml called for file: 1698. PS24211.XML, content length: 17903
Starting parsing.. Size: 17930
Using xml2js for smaller file
parseCOAXml called for file: 1699. D25C09.XML, content length: 19500
Starting parsing.. Size: 19533
Using xml2js for smaller file
parseCOAXml called for file: 1699. PS24212.XML, content length: 17897
Starting parsing.. Size: 17924
Using xml2js for smaller file
parseCOAXml called for file: 17. 24AM16.XML, content length: 19978
Starting parsing.. Size: 20005
Using xml2js for smaller file
parseCOAXml called for file: 17. 6A08.XML, content length: 19468
Starting parsing.. Size: 19505
Using xml2js for smaller file
parseCOAXml called for file: 17. 6D02.XML, content length: 7601
Starting parsing.. Size: 7626
Using xml2js for smaller file
parseCOAXml called for file: 17. D24D07.XML, content length: 9511
Starting parsing.. Size: 9536
Using xml2js for smaller file
parseCOAXml called for file: 17. D25D11 copy.XML, content length: 15931
Starting parsing.. Size: 15958
Using xml2js for smaller file
parseCOAXml called for file: 17. D25D11.XML, content length: 8451
Starting parsing.. Size: 8476
Using xml2js for smaller file
parseCOAXml called for file: 17. D25L24.XML, content length: 10629
Starting parsing.. Size: 10654
Using xml2js for smaller file
parseCOAXml called for file: 17. D25L37.XML, content length: 22113
Starting parsing.. Size: 22140
Using xml2js for smaller file
parseCOAXml called for file: 17. N25L15.XML, content length: 17915
Starting parsing.. Size: 17942
Using xml2js for smaller file
parseCOAXml called for file: 17. PS25219.XML, content length: 7747
Starting parsing.. Size: 7772
Using xml2js for smaller file
parseCOAXml called for file: 170. 4J08 eroxene.XML, content length: 16008
Starting parsing.. Size: 16045
Using xml2js for smaller file
parseCOAXml called for file: 170. D26B10_SCIFRESH EYE DROPS 10ML.XML, content length: 19354
Starting parsing.. Size: 19381
Using xml2js for smaller file
parseCOAXml called for file: 170. I341.XML, content length: 7285
Starting parsing.. Size: 7310
Using xml2js for smaller file
parseCOAXml called for file: 170. N25D23.XML, content length: 17161
Starting parsing.. Size: 17194
Using xml2js for smaller file
parseCOAXml called for file: 170. N26B10.XML, content length: 8491
Starting parsing.. Size: 8516
Using xml2js for smaller file
parseCOAXml called for file: 170. PS25062.XML, content length: 7747
Starting parsing.. Size: 7772
Using xml2js for smaller file
parseCOAXml called for file: 1700. N25C05.XML, content length: 17148
Starting parsing.. Size: 17181
Using xml2js for smaller file
parseCOAXml called for file: 1700. PS24213.XML, content length: 17896
Starting parsing.. Size: 17923
Using xml2js for smaller file
parseCOAXml called for file: 1701. A041.XML, content length: 16385
Starting parsing.. Size: 16422
Using xml2js for smaller file
parseCOAXml called for file: 1701. PS24213.XML, content length: 17895
Starting parsing.. Size: 17922
Using xml2js for smaller file
parseCOAXml called for file: 1702. D25C10.XML, content length: 17028
Starting parsing.. Size: 17055
Using xml2js for smaller file
parseCOAXml called for file: 1702. PS24214.XML, content length: 17895
Starting parsing.. Size: 17922
Using xml2js for smaller file
parseCOAXml called for file: 1703. D25C11.XML, content length: 18306
Starting parsing.. Size: 18333
Using xml2js for smaller file
parseCOAXml called for file: 1703. PZ24001.XML, content length: 17764
Starting parsing.. Size: 17791
Using xml2js for smaller file
parseCOAXml called for file: 1704. L1825002.XML, content length: 11257
Starting parsing.. Size: 11284
Using xml2js for smaller file
parseCOAXml called for file: 1704. PZ24002.XML, content length: 17760
Starting parsing.. Size: 17787
Using xml2js for smaller file
parseCOAXml called for file: 1705. L1825002.XML, content length: 11268
Starting parsing.. Size: 11295
Using xml2js for smaller file
parseCOAXml called for file: 1705. PZ24003.XML, content length: 17765
Starting parsing.. Size: 17792
Using xml2js for smaller file
parseCOAXml called for file: 1706. N25C06.XML, content length: 20975
Starting parsing.. Size: 21008
Using xml2js for smaller file
parseCOAXml called for file: 1706. PZ24004.XML, content length: 17770
Starting parsing.. Size: 17797
Using xml2js for smaller file
parseCOAXml called for file: 1707. N25C06.XML, content length: 20976
Starting parsing.. Size: 21009
Using xml2js for smaller file
parseCOAXml called for file: 1707. PZ24005.XML, content length: 17747
Starting parsing.. Size: 17774
Using xml2js for smaller file
parseCOAXml called for file: 1708. N25C06.XML, content length: 20986
Starting parsing.. Size: 21019
Using xml2js for smaller file
parseCOAXml called for file: 1708. PZ24006.XML, content length: 17749
Starting parsing.. Size: 17776
Using xml2js for smaller file
parseCOAXml called for file: 1709. N25C06.XML, content length: 17147
Starting parsing.. Size: 17180
Using xml2js for smaller file
parseCOAXml called for file: 1709. RI481.XML, content length: 14799
Starting parsing.. Size: 14826
Using xml2js for smaller file
parseCOAXml called for file: 171. 4J08.XML, content length: 16028
Starting parsing.. Size: 16065
Using xml2js for smaller file
parseCOAXml called for file: 171. D26B11_CARMILOSE EYE DROPS 10ML.XML, content length: 19341
Starting parsing.. Size: 19368
Using xml2js for smaller file
parseCOAXml called for file: 171. N24E18.XML, content length: 9507
Starting parsing.. Size: 9532
Using xml2js for smaller file
parseCOAXml called for file: 171. PS25050.XML, content length: 17767
Starting parsing.. Size: 17794
Using xml2js for smaller file
parseCOAXml called for file: 171. PS25063.XML, content length: 7747
Starting parsing.. Size: 7772
Using xml2js for smaller file
parseCOAXml called for file: 171. PS26005.XML, content length: 19064
Starting parsing.. Size: 19089
Using xml2js for smaller file
parseCOAXml called for file: 1710. 5C02.XML, content length: 15671
Starting parsing.. Size: 15698
Using xml2js for smaller file
parseCOAXml called for file: 1710. RI482.XML, content length: 14800
Starting parsing.. Size: 14827
Using xml2js for smaller file
parseCOAXml called for file: 1711. D25C12.XML, content length: 17335
Starting parsing.. Size: 17362
Using xml2js for smaller file
parseCOAXml called for file: 1711. RI483.XML, content length: 14810
Starting parsing.. Size: 14837
Using xml2js for smaller file
parseCOAXml called for file: 1712. D25C13.XML, content length: 18455
Starting parsing.. Size: 18482
Using xml2js for smaller file
parseCOAXml called for file: 1712. RI484.XML, content length: 14811
Starting parsing.. Size: 14838
Using xml2js for smaller file
parseCOAXml called for file: 1713. N25C07.XML, content length: 19593
Starting parsing.. Size: 19620
Using xml2js for smaller file
parseCOAXml called for file: 1713. RI485.XML, content length: 14811
Starting parsing.. Size: 14838
Using xml2js for smaller file
parseCOAXml called for file: 1714. N25C08.XML, content length: 22890
Starting parsing.. Size: 22923
Using xml2js for smaller file
parseCOAXml called for file: 1714. RI486.XML, content length: 14811
Starting parsing.. Size: 14838
Using xml2js for smaller file
parseCOAXml called for file: 1715. N25C08.XML, content length: 22899
Starting parsing.. Size: 22932
Using xml2js for smaller file
parseCOAXml called for file: 1715. RI487.XML, content length: 14811
Starting parsing.. Size: 14838
Using xml2js for smaller file
parseCOAXml called for file: 1716. N25C08.XML, content length: 22895
Starting parsing.. Size: 22928
Using xml2js for smaller file
parseCOAXml called for file: 1716. RI488.XML, content length: 14811
Starting parsing.. Size: 14838
Using xml2js for smaller file
parseCOAXml called for file: 1717. N25C08.XML, content length: 22901
Starting parsing.. Size: 22934
Using xml2js for smaller file
parseCOAXml called for file: 1717. RI489.XML, content length: 14811
Starting parsing.. Size: 14838
Using xml2js for smaller file
parseCOAXml called for file: 1718. N25C08.XML, content length: 22892
Starting parsing.. Size: 22925
Using xml2js for smaller file
parseCOAXml called for file: 1718. RI490.XML, content length: 14811
Starting parsing.. Size: 14838
Using xml2js for smaller file
parseCOAXml called for file: 1719. I369.XML, content length: 19439
Starting parsing.. Size: 19472
Using xml2js for smaller file
parseCOAXml called for file: 1719. RI491.XML, content length: 14811
Starting parsing.. Size: 14838
Using xml2js for smaller file
parseCOAXml called for file: 172. 4J10 easigel.XML, content length: 17148
Starting parsing.. Size: 17175
Using xml2js for smaller file
parseCOAXml called for file: 172. D24E20.XML, content length: 8661
Starting parsing.. Size: 8686
Using xml2js for smaller file
parseCOAXml called for file: 172. D25D24.XML, content length: 22478
Starting parsing.. Size: 22505
Using xml2js for smaller file
parseCOAXml called for file: 172. D25E07.XML, content length: 8724
Starting parsing.. Size: 8749
Using xml2js for smaller file
parseCOAXml called for file: 172. D26B11_RICHARGE EYE DROPS 10ML.XML, content length: 19336
Starting parsing.. Size: 19363
Using xml2js for smaller file
parseCOAXml called for file: 172. D26B20.XML, content length: 8861
Starting parsing.. Size: 8886
Using xml2js for smaller file
parseCOAXml called for file: 1720. L1825003.XML, content length: 11256
Starting parsing.. Size: 11283
Using xml2js for smaller file
parseCOAXml called for file: 1720. RI492.XML, content length: 14811
Starting parsing.. Size: 14838
Using xml2js for smaller file
parseCOAXml called for file: 1721. N25C09.XML, content length: 17923
Starting parsing.. Size: 17950
Using xml2js for smaller file
parseCOAXml called for file: 1721. RI493.XML, content length: 14813
Starting parsing.. Size: 14840
Using xml2js for smaller file
parseCOAXml called for file: 1722. RI494.XML, content length: 15728
Starting parsing.. Size: 15755
Using xml2js for smaller file
parseCOAXml called for file: 1722. RI515.XML, content length: 15604
Starting parsing.. Size: 15631
Using xml2js for smaller file
parseCOAXml called for file: 1723. RI495.XML, content length: 15729
Starting parsing.. Size: 15756
Using xml2js for smaller file
parseCOAXml called for file: 1723. RI516.XML, content length: 15604
Starting parsing.. Size: 15631
Using xml2js for smaller file
parseCOAXml called for file: 1724. 25AM01.XML, content length: 19574
Starting parsing.. Size: 19601
Using xml2js for smaller file
parseCOAXml called for file: 1724. RI496.XML, content length: 15729
Starting parsing.. Size: 15756
Using xml2js for smaller file
parseCOAXml called for file: 1725. D25C15.XML, content length: 21887
Starting parsing.. Size: 21914
Using xml2js for smaller file
parseCOAXml called for file: 1725. RI497.XML, content length: 15728
Starting parsing.. Size: 15755
Using xml2js for smaller file
parseCOAXml called for file: 1726. D25C15.XML, content length: 23601
Starting parsing.. Size: 23628
Using xml2js for smaller file
parseCOAXml called for file: 1726. RI498.XML, content length: 15729
Starting parsing.. Size: 15756
Using xml2js for smaller file
parseCOAXml called for file: 1727. I370.XML, content length: 15217
Starting parsing.. Size: 15244
Using xml2js for smaller file
parseCOAXml called for file: 1727. RI499.XML, content length: 14812
Starting parsing.. Size: 14839
Using xml2js for smaller file
parseCOAXml called for file: 1728. D25C17.XML, content length: 16341
Starting parsing.. Size: 16368
Using xml2js for smaller file
parseCOAXml called for file: 1728. RI500.XML, content length: 14812
Starting parsing.. Size: 14839
Using xml2js for smaller file
parseCOAXml called for file: 1729. L1825004.XML, content length: 11269
Starting parsing.. Size: 11296
Using xml2js for smaller file
parseCOAXml called for file: 1729. RI501.XML, content length: 14838
Starting parsing.. Size: 14865
Using xml2js for smaller file
parseCOAXml called for file: 173. 4J10.XML, content length: 17171
Starting parsing.. Size: 17198
Using xml2js for smaller file
parseCOAXml called for file: 173. D26B12.XML, content length: 19423
Starting parsing.. Size: 19450
Using xml2js for smaller file
parseCOAXml called for file: 173. I342.XML, content length: 7284
Starting parsing.. Size: 7309
Using xml2js for smaller file
parseCOAXml called for file: 173. I377.XML, content length: 8427
Starting parsing.. Size: 8452
Using xml2js for smaller file
parseCOAXml called for file: 173. N25D24.XML, content length: 17161
Starting parsing.. Size: 17194
Using xml2js for smaller file
parseCOAXml called for file: 173. N26B11.XML, content length: 9776
Starting parsing.. Size: 9801
Using xml2js for smaller file
parseCOAXml called for file: 1730. L1825004.XML, content length: 11255
Starting parsing.. Size: 11282
Using xml2js for smaller file
parseCOAXml called for file: 1730. RI502.XML, content length: 14812
Starting parsing.. Size: 14839
Using xml2js for smaller file
parseCOAXml called for file: 1731. N25C10.XML, content length: 18179
Starting parsing.. Size: 18206
Using xml2js for smaller file
parseCOAXml called for file: 1731. RI503.XML, content length: 14812
Starting parsing.. Size: 14839
Using xml2js for smaller file
parseCOAXml called for file: 1732. N25C10.XML, content length: 18188
Starting parsing.. Size: 18215
Using xml2js for smaller file
parseCOAXml called for file: 1732. RI504.XML, content length: 14812
Starting parsing.. Size: 14839
Using xml2js for smaller file
parseCOAXml called for file: 1733. GP163.XML, content length: 12390
Starting parsing.. Size: 12417
Using xml2js for smaller file
parseCOAXml called for file: 1733. RI505.XML, content length: 14812
Starting parsing.. Size: 14839
Using xml2js for smaller file
parseCOAXml called for file: 1734. D25C18.XML, content length: 18188
Starting parsing.. Size: 18215
Using xml2js for smaller file
parseCOAXml called for file: 1734. RI506.XML, content length: 14812
Starting parsing.. Size: 14839
Using xml2js for smaller file
parseCOAXml called for file: 1735. D25C19.XML, content length: 19587
Starting parsing.. Size: 19614
Using xml2js for smaller file
parseCOAXml called for file: 1735. RI507.XML, content length: 14811
Starting parsing.. Size: 14838
Using xml2js for smaller file
parseCOAXml called for file: 1736. I371.XML, content length: 15214
Starting parsing.. Size: 15241
Using xml2js for smaller file
parseCOAXml called for file: 1736. RI508.XML, content length: 14812
Starting parsing.. Size: 14839
Using xml2js for smaller file
parseCOAXml called for file: 1737. N25C11.XML, content length: 23143
Starting parsing.. Size: 23176
Using xml2js for smaller file
parseCOAXml called for file: 1737. RI509.XML, content length: 14750
Starting parsing.. Size: 14777
Using xml2js for smaller file
parseCOAXml called for file: 1738. 5C03.XML, content length: 20748
Starting parsing.. Size: 20785
Using xml2js for smaller file
parseCOAXml called for file: 1738. RI510.XML, content length: 14798
Starting parsing.. Size: 14825
Using xml2js for smaller file
parseCOAXml called for file: 1739. D25C20.XML, content length: 18290
Starting parsing.. Size: 18317
Using xml2js for smaller file
parseCOAXml called for file: 1739. RI511.XML, content length: 14798
Starting parsing.. Size: 14825
Using xml2js for smaller file
parseCOAXml called for file: 174. 4J11.XML, content length: 36635
Starting parsing.. Size: 36682
Using xml2js for smaller file
parseCOAXml called for file: 174. D26B13_OSMILOZ EYE DROPS 10ML.XML, content length: 19335
Starting parsing.. Size: 19362
Using xml2js for smaller file
parseCOAXml called for file: 174. L1824005.XML, content length: 5486
Starting parsing.. Size: 5511
Using xml2js for smaller file
parseCOAXml called for file: 174. N25E06.XML, content length: 8364
Starting parsing.. Size: 8389
Using xml2js for smaller file
parseCOAXml called for file: 174. PS25051.XML, content length: 17768
Starting parsing.. Size: 17795
Using xml2js for smaller file
parseCOAXml called for file: 174. PS26006.XML, content length: 7868
Starting parsing.. Size: 7893
Using xml2js for smaller file
parseCOAXml called for file: 1740. D25C20.XML, content length: 18325
Starting parsing.. Size: 18352
Using xml2js for smaller file
parseCOAXml called for file: 1740. RI512.XML, content length: 14798
Starting parsing.. Size: 14825
Using xml2js for smaller file
parseCOAXml called for file: 1741. N25C12.XML, content length: 15969
Starting parsing.. Size: 15996
Using xml2js for smaller file
parseCOAXml called for file: 1741. UC24001.XML, content length: 14583
Starting parsing.. Size: 14610
Using xml2js for smaller file
parseCOAXml called for file: 1742. D25C21.XML, content length: 33697
Starting parsing.. Size: 33724
Using xml2js for smaller file
parseCOAXml called for file: 1742. UC24002.XML, content length: 14589
Starting parsing.. Size: 14616
Using xml2js for smaller file
parseCOAXml called for file: 1743. D25C22.XML, content length: 33557
Starting parsing.. Size: 33584
Using xml2js for smaller file
parseCOAXml called for file: 1743. UC24003.XML, content length: 14587
Starting parsing.. Size: 14614
Using xml2js for smaller file
parseCOAXml called for file: 1744. D25C23.XML, content length: 17338
Starting parsing.. Size: 17365
Using xml2js for smaller file
parseCOAXml called for file: 1744. UC24004.XML, content length: 14585
Starting parsing.. Size: 14612
Using xml2js for smaller file
parseCOAXml called for file: 1745. D25C23.XML, content length: 17334
Starting parsing.. Size: 17361
Using xml2js for smaller file
parseCOAXml called for file: 1745. UC24005.XML, content length: 14592
Starting parsing.. Size: 14619
Using xml2js for smaller file
parseCOAXml called for file: 1746. N25C13.XML, content length: 17049
Starting parsing.. Size: 17076
Using xml2js for smaller file
parseCOAXml called for file: 1746. UC24006.XML, content length: 14586
Starting parsing.. Size: 14613
Using xml2js for smaller file
parseCOAXml called for file: 1747. N25C13.XML, content length: 17049
Starting parsing.. Size: 17076
Using xml2js for smaller file
parseCOAXml called for file: 1747. UC24007.XML, content length: 14594
Starting parsing.. Size: 14621
Using xml2js for smaller file
parseCOAXml called for file: 1748. N25C13.XML, content length: 17040
Starting parsing.. Size: 17067
Using xml2js for smaller file
parseCOAXml called for file: 1748. UC24008.XML, content length: 14594
Starting parsing.. Size: 14621
Using xml2js for smaller file
parseCOAXml called for file: 1749. 5C05.XML, content length: 17043
Starting parsing.. Size: 17070
Using xml2js for smaller file
parseCOAXml called for file: 1749. UC24009.XML, content length: 14594
Starting parsing.. Size: 14621
Using xml2js for smaller file
parseCOAXml called for file: 175. 4J12.XML, content length: 18620
Starting parsing.. Size: 18657
Using xml2js for smaller file
parseCOAXml called for file: 175. 6B05.XML, content length: 7486
Starting parsing.. Size: 7511
Using xml2js for smaller file
parseCOAXml called for file: 175. D26B13_IO-LUBE EYE DROPS 15ML.XML, content length: 19341
Starting parsing.. Size: 19368
Using xml2js for smaller file
parseCOAXml called for file: 175. N24E19.XML, content length: 8685
Starting parsing.. Size: 8710
Using xml2js for smaller file
parseCOAXml called for file: 175. PS25052.XML, content length: 17766
Starting parsing.. Size: 17793
Using xml2js for smaller file
parseCOAXml called for file: 175. PS25064.XML, content length: 7747
Starting parsing.. Size: 7772
Using xml2js for smaller file
parseCOAXml called for file: 1750. D25C24.XML, content length: 17156
Starting parsing.. Size: 17189
Using xml2js for smaller file
parseCOAXml called for file: 1750. UC24010.XML, content length: 14587
Starting parsing.. Size: 14614
Using xml2js for smaller file
parseCOAXml called for file: 1751. N25C14.XML, content length: 16095
Starting parsing.. Size: 16122
Using xml2js for smaller file
parseCOAXml called for file: 1751. UC24011.XML, content length: 13386
Starting parsing.. Size: 13413
Using xml2js for smaller file
parseCOAXml called for file: 1752. N25C15.XML, content length: 16729
Starting parsing.. Size: 16756
Using xml2js for smaller file
parseCOAXml called for file: 1752. UC24012.XML, content length: 13383
Starting parsing.. Size: 13410
Using xml2js for smaller file
parseCOAXml called for file: 1753. 25AM02.XML, content length: 19573
Starting parsing.. Size: 19600
Using xml2js for smaller file
parseCOAXml called for file: 1754. 5C06.XML, content length: 16322
Starting parsing.. Size: 16359
Using xml2js for smaller file
parseCOAXml called for file: 1755. D25C25.XML, content length: 18129
Starting parsing.. Size: 18158
Using xml2js for smaller file
parseCOAXml called for file: 1756. D25C26.XML, content length: 19488
Starting parsing.. Size: 19521
Using xml2js for smaller file
parseCOAXml called for file: 1757. 25AM03.XML, content length: 19572
Starting parsing.. Size: 19599
Using xml2js for smaller file
parseCOAXml called for file: 1758. 5C07.XML, content length: 16038
Starting parsing.. Size: 16075
Using xml2js for smaller file
parseCOAXml called for file: 1759. D25C27.XML, content length: 17441
Starting parsing.. Size: 17468
Using xml2js for smaller file
parseCOAXml called for file: 176. 4E09.XML, content length: 7316
Starting parsing.. Size: 7341
Using xml2js for smaller file
parseCOAXml called for file: 176. 4J14.XML, content length: 16716
Starting parsing.. Size: 16753
Using xml2js for smaller file
parseCOAXml called for file: 176. 5D15.XML, content length: 17298
Starting parsing.. Size: 17335
Using xml2js for smaller file
parseCOAXml called for file: 176. D25E08.XML, content length: 9893
Starting parsing.. Size: 9918
Using xml2js for smaller file
parseCOAXml called for file: 176. D26B14_SCIFRESH GEL EYE DROPS 10ML.XML, content length: 19172
Starting parsing.. Size: 19199
Using xml2js for smaller file
parseCOAXml called for file: 176. D26B21.XML, content length: 9455
Starting parsing.. Size: 9480
Using xml2js for smaller file
parseCOAXml called for file: 1760. 5C08.XML, content length: 16036
Starting parsing.. Size: 16073
Using xml2js for smaller file
parseCOAXml called for file: 1761. D25C28.XML, content length: 21802
Starting parsing.. Size: 21829
Using xml2js for smaller file
parseCOAXml called for file: 1762. D25C28.XML, content length: 21792
Starting parsing.. Size: 21819
Using xml2js for smaller file
parseCOAXml called for file: 1763. N25C16.XML, content length: 19595
Starting parsing.. Size: 19622
Using xml2js for smaller file
parseCOAXml called for file: 1764. D25C29.XML, content length: 19572
Starting parsing.. Size: 19599
Using xml2js for smaller file
parseCOAXml called for file: 1765. I372.XML, content length: 15019
Starting parsing.. Size: 15046
Using xml2js for smaller file
parseCOAXml called for file: 1766. D25C30.XML, content length: 18204
Starting parsing.. Size: 18231
Using xml2js for smaller file
parseCOAXml called for file: 1767. D25C31.XML, content length: 18211
Starting parsing.. Size: 18238
Using xml2js for smaller file
parseCOAXml called for file: 1768. D25C31.XML, content length: 18225
Starting parsing.. Size: 18252
Using xml2js for smaller file
parseCOAXml called for file: 1769. N25C17.XML, content length: 13443
Starting parsing.. Size: 13470
Using xml2js for smaller file
parseCOAXml called for file: 177. 4K01.XML, content length: 18244
Starting parsing.. Size: 18281
Using xml2js for smaller file
parseCOAXml called for file: 177. D25D27.XML, content length: 18517
Starting parsing.. Size: 18544
Using xml2js for smaller file
parseCOAXml called for file: 177. D26B14_CARMILOSE GEL EYE DROPS 10ML.XML, content length: 19350
Starting parsing.. Size: 19377
Using xml2js for smaller file
parseCOAXml called for file: 177. I378.XML, content length: 8427
Starting parsing.. Size: 8452
Using xml2js for smaller file
parseCOAXml called for file: 177. N24E20.XML, content length: 8739
Starting parsing.. Size: 8764
Using xml2js for smaller file
parseCOAXml called for file: 177. N26B12.XML, content length: 10626
Starting parsing.. Size: 10651
Using xml2js for smaller file
parseCOAXml called for file: 1770. I373.XML, content length: 15018
Starting parsing.. Size: 15045
Using xml2js for smaller file
parseCOAXml called for file: 1771. N25C18.XML, content length: 13442
Starting parsing.. Size: 13469
Using xml2js for smaller file
parseCOAXml called for file: 1772. 25AM04.XML, content length: 17048
Starting parsing.. Size: 17075
Using xml2js for smaller file
parseCOAXml called for file: 1773. D25C32.XML, content length: 17055
Starting parsing.. Size: 17082
Using xml2js for smaller file
parseCOAXml called for file: 1774. N25C19.XML, content length: 18041
Starting parsing.. Size: 18068
Using xml2js for smaller file
parseCOAXml called for file: 1775. 5C09.XML, content length: 19634
Starting parsing.. Size: 19671
Using xml2js for smaller file
parseCOAXml called for file: 1776. N25C20.XML, content length: 18034
Starting parsing.. Size: 18061
Using xml2js for smaller file
parseCOAXml called for file: 1777. N25C21.XML, content length: 18054
Starting parsing.. Size: 18081
Using xml2js for smaller file
parseCOAXml called for file: 1778. 25AM05.XML, content length: 18613
Starting parsing.. Size: 18652
Using xml2js for smaller file
parseCOAXml called for file: 1779. D25C34.XML, content length: 14698
Starting parsing.. Size: 14725
Using xml2js for smaller file
parseCOAXml called for file: 178. 4K02.XML, content length: 15859
Starting parsing.. Size: 15886
Using xml2js for smaller file
parseCOAXml called for file: 178. D26B15_NACL VISION 10ML.XML, content length: 16766
Starting parsing.. Size: 16793
Using xml2js for smaller file
parseCOAXml called for file: 178. N25D25.XML, content length: 15844
Starting parsing.. Size: 15871
Using xml2js for smaller file
parseCOAXml called for file: 178. N25E07.XML, content length: 8437
Starting parsing.. Size: 8462
Using xml2js for smaller file
parseCOAXml called for file: 178. PS26007.XML, content length: 7863
Starting parsing.. Size: 7888
Using xml2js for smaller file
parseCOAXml called for file: 178. RI488.XML, content length: 8490
Starting parsing.. Size: 8515
Using xml2js for smaller file
parseCOAXml called for file: 1780. D25C34.XML, content length: 14680
Starting parsing.. Size: 14707
Using xml2js for smaller file
parseCOAXml called for file: 1781. 5C10.XML, content length: 18524
Starting parsing.. Size: 18561
Using xml2js for smaller file
parseCOAXml called for file: 1782. D25C36.XML, content length: 33493
Starting parsing.. Size: 33522
Using xml2js for smaller file
parseCOAXml called for file: 1783. N25C23.XML, content length: 19340
Starting parsing.. Size: 19369
Using xml2js for smaller file
parseCOAXml called for file: 1784. D25C37.XML, content length: 19340
Starting parsing.. Size: 19367
Using xml2js for smaller file
parseCOAXml called for file: 1785. D25C37.XML, content length: 19334
Starting parsing.. Size: 19361
Using xml2js for smaller file
parseCOAXml called for file: 1786. N25C24.XML, content length: 18330
Starting parsing.. Size: 18357
Using xml2js for smaller file
parseCOAXml called for file: 1787. N25C24.XML, content length: 18339
Starting parsing.. Size: 18366
Using xml2js for smaller file
parseCOAXml called for file: 1788. 5C11.XML, content length: 15636
Starting parsing.. Size: 15663
Using xml2js for smaller file
parseCOAXml called for file: 1789. D25C38.XML, content length: 19349
Starting parsing.. Size: 19376
Using xml2js for smaller file
parseCOAXml called for file: 179. 4K03.XML, content length: 16555
Starting parsing.. Size: 16592
Using xml2js for smaller file
parseCOAXml called for file: 179. D26B15_HYPE-5 EYE DROPS 10ML.XML, content length: 16742
Starting parsing.. Size: 16769
Using xml2js for smaller file
parseCOAXml called for file: 179. I438.XML, content length: 7326
Starting parsing.. Size: 7351
Using xml2js for smaller file
parseCOAXml called for file: 179. N25D26.XML, content length: 17304
Starting parsing.. Size: 17331
Using xml2js for smaller file
parseCOAXml called for file: 179. PS25065.XML, content length: 7747
Starting parsing.. Size: 7772
Using xml2js for smaller file
parseCOAXml called for file: 179. RI489.XML, content length: 8490
Starting parsing.. Size: 8515
Using xml2js for smaller file
parseCOAXml called for file: 1790. N25C25.XML, content length: 17968
Starting parsing.. Size: 17995
Using xml2js for smaller file
parseCOAXml called for file: 1791. D25C39.XML, content length: 15924
Starting parsing.. Size: 15951
Using xml2js for smaller file
parseCOAXml called for file: 1792. D25C39.XML, content length: 15916
Starting parsing.. Size: 15943
Using xml2js for smaller file
parseCOAXml called for file: 1793. N25C26.XML, content length: 17967
Starting parsing.. Size: 17994
Using xml2js for smaller file
parseCOAXml called for file: 18. 24AM17.XML, content length: 18634
Starting parsing.. Size: 18671
Using xml2js for smaller file
parseCOAXml called for file: 18. 6A09.XML, content length: 13495
Starting parsing.. Size: 13522
Using xml2js for smaller file
parseCOAXml called for file: 18. D24D08.XML, content length: 9501
Starting parsing.. Size: 9526
Using xml2js for smaller file
parseCOAXml called for file: 18. D25D12 copy.XML, content length: 18156
Starting parsing.. Size: 18183
Using xml2js for smaller file
parseCOAXml called for file: 18. D25D12.XML, content length: 8604
Starting parsing.. Size: 8629
Using xml2js for smaller file
parseCOAXml called for file: 18. N25L16.XML, content length: 9511
Starting parsing.. Size: 9536
Using xml2js for smaller file
parseCOAXml called for file: 18. N25L29.XML, content length: 18259
Starting parsing.. Size: 18286
Using xml2js for smaller file
parseCOAXml called for file: 18. N26D04.XML, content length: 8418
Starting parsing.. Size: 8443
Using xml2js for smaller file
parseCOAXml called for file: 18. PS25220.XML, content length: 7743
Starting parsing.. Size: 7768
Using xml2js for smaller file
parseCOAXml called for file: 18. PZ25008.XML, content length: 17769
Starting parsing.. Size: 17796
Using xml2js for smaller file
parseCOAXml called for file: 180. 4K04.XML, content length: 16634
Starting parsing.. Size: 16671
Using xml2js for smaller file
parseCOAXml called for file: 180. A039.XML, content length: 8230
Starting parsing.. Size: 8255
Using xml2js for smaller file
parseCOAXml called for file: 180. D26B15_HYPER-I EYE DROPS 10ML.XML, content length: 16783
Starting parsing.. Size: 16810
Using xml2js for smaller file
parseCOAXml called for file: 180. N25D26.XML, content length: 17271
Starting parsing.. Size: 17298
Using xml2js for smaller file
parseCOAXml called for file: 180. N26B13.XML, content length: 9534
Starting parsing.. Size: 9559
Using xml2js for smaller file
parseCOAXml called for file: 180. PS25066.XML, content length: 7747
Starting parsing.. Size: 7772
Using xml2js for smaller file
parseCOAXml called for file: 181. 4K05.XML, content length: 17056
Starting parsing.. Size: 17083
Using xml2js for smaller file
parseCOAXml called for file: 181. 5E07.XML, content length: 7372
Starting parsing.. Size: 7397
Using xml2js for smaller file
parseCOAXml called for file: 181. D26B16_SCIPAT EYE DROPS 5ML.XML, content length: 18458
Starting parsing.. Size: 18485
Using xml2js for smaller file
parseCOAXml called for file: 181. N24F01.XML, content length: 8589
Starting parsing.. Size: 8614
Using xml2js for smaller file
parseCOAXml called for file: 181. N25D26.XML, content length: 17286
Starting parsing.. Size: 17313
Using xml2js for smaller file
parseCOAXml called for file: 181. UC26003.XML, content length: 6589
Starting parsing.. Size: 6614
Using xml2js for smaller file
parseCOAXml called for file: 182. 4K06.XML, content length: 18916
Starting parsing.. Size: 18953
Using xml2js for smaller file
  ...2750 COA files processed (created 2738)
parseCOAXml called for file: 182. D25E09.XML, content length: 8646
Starting parsing.. Size: 8671
Using xml2js for smaller file
parseCOAXml called for file: 182. D26B17_VALMOX-DX EYE DROPS 10ML.XML, content length: 18294
Starting parsing.. Size: 18321
Using xml2js for smaller file
parseCOAXml called for file: 182. D26B23.XML, content length: 8646
Starting parsing.. Size: 8671
Using xml2js for smaller file
parseCOAXml called for file: 182. PS25053.XML, content length: 17766
Starting parsing.. Size: 17793
Using xml2js for smaller file
parseCOAXml called for file: 182. RI490.XML, content length: 8490
Starting parsing.. Size: 8515
Using xml2js for smaller file
parseCOAXml called for file: 183. 4K07.XML, content length: 20453
Starting parsing.. Size: 20490
Using xml2js for smaller file
parseCOAXml called for file: 183. D24F01.XML, content length: 8658
Starting parsing.. Size: 8683
Using xml2js for smaller file
parseCOAXml called for file: 183. D25D28.XML, content length: 22020
Starting parsing.. Size: 22047
Using xml2js for smaller file
parseCOAXml called for file: 183. D26B17_GENFOUR-DX EYE DROPS 5ML.XML, content length: 18325
Starting parsing.. Size: 18352
Using xml2js for smaller file
parseCOAXml called for file: 183. D26B24.XML, content length: 8712
Starting parsing.. Size: 8737
Using xml2js for smaller file
parseCOAXml called for file: 183. N25E08.XML, content length: 8861
Starting parsing.. Size: 8886
Using xml2js for smaller file
parseCOAXml called for file: 184. 4K08.XML, content length: 18631
Starting parsing.. Size: 18668
Using xml2js for smaller file
parseCOAXml called for file: 184. D26B17_IMOXCIN-DX EYE DROPS 5ML.XML, content length: 18321
Starting parsing.. Size: 18348
Using xml2js for smaller file
parseCOAXml called for file: 184. I439.XML, content length: 7327
Starting parsing.. Size: 7352
Using xml2js for smaller file
parseCOAXml called for file: 184. N24F02.XML, content length: 8590
Starting parsing.. Size: 8615
Using xml2js for smaller file
parseCOAXml called for file: 184. N25D27.XML, content length: 16370
Starting parsing.. Size: 16397
Using xml2js for smaller file
parseCOAXml called for file: 184. PS25067.XML, content length: 7747
Starting parsing.. Size: 7772
Using xml2js for smaller file
parseCOAXml called for file: 185. 4K09.XML, content length: 16675
Starting parsing.. Size: 16702
Using xml2js for smaller file
parseCOAXml called for file: 185. D24F02.XML, content length: 8425
Starting parsing.. Size: 8450
Using xml2js for smaller file
parseCOAXml called for file: 185. D25E10.XML, content length: 8645
Starting parsing.. Size: 8670
Using xml2js for smaller file
parseCOAXml called for file: 185. D26B17_SCIMOX-DX EYE DROPS 5ML.XML, content length: 18337
Starting parsing.. Size: 18364
Using xml2js for smaller file
parseCOAXml called for file: 185. IS0016B.XML, content length: 9406
Starting parsing.. Size: 9433
Using xml2js for smaller file
parseCOAXml called for file: 185. N25D28.XML, content length: 16075
Starting parsing.. Size: 16102
Using xml2js for smaller file
parseCOAXml called for file: 186. 4F02.XML, content length: 9413
Starting parsing.. Size: 9438
Using xml2js for smaller file
parseCOAXml called for file: 186. 4K10.XML, content length: 18924
Starting parsing.. Size: 18961
Using xml2js for smaller file
parseCOAXml called for file: 186. D25E11.XML, content length: 8645
Starting parsing.. Size: 8670
Using xml2js for smaller file
parseCOAXml called for file: 186. D26B18.XML, content length: 19591
Starting parsing.. Size: 19618
Using xml2js for smaller file
parseCOAXml called for file: 186. PS26008.XML, content length: 7747
Starting parsing.. Size: 7772
Using xml2js for smaller file
parseCOAXml called for file: 186. UC25002.XML, content length: 13395
Starting parsing.. Size: 13422
Using xml2js for smaller file
parseCOAXml called for file: 187. 4K11.XML, content length: 17414
Starting parsing.. Size: 17449
Using xml2js for smaller file
parseCOAXml called for file: 187. 6B06.XML, content length: 9580
Starting parsing.. Size: 9605
Using xml2js for smaller file
parseCOAXml called for file: 187. D24F03.XML, content length: 8865
Starting parsing.. Size: 8890
Using xml2js for smaller file
parseCOAXml called for file: 187. D26B19_SCIFRESH PLUS EYE DROPS 10ML.XML, content length: 17980
Starting parsing.. Size: 18007
Using xml2js for smaller file
parseCOAXml called for file: 187. N25E09.XML, content length: 8860
Starting parsing.. Size: 8885
Using xml2js for smaller file
parseCOAXml called for file: 187. UC25002.XML, content length: 13385
Starting parsing.. Size: 13412
Using xml2js for smaller file
parseCOAXml called for file: 188. 4K11 tetrop.XML, content length: 17448
Starting parsing.. Size: 17485
Using xml2js for smaller file
parseCOAXml called for file: 188. D24F04.XML, content length: 8713
Starting parsing.. Size: 8738
Using xml2js for smaller file
parseCOAXml called for file: 188. D25D29.XML, content length: 18574
Starting parsing.. Size: 18601
Using xml2js for smaller file
parseCOAXml called for file: 188. D25E12.XML, content length: 9461
Starting parsing.. Size: 9486
Using xml2js for smaller file
parseCOAXml called for file: 188. D26B19_OPTIFRRESH XR EYE DROPS 10ML.XML, content length: 17956
Starting parsing.. Size: 17983
Using xml2js for smaller file
parseCOAXml called for file: 188. D26B25.XML, content length: 8715
Starting parsing.. Size: 8740
Using xml2js for smaller file
parseCOAXml called for file: 189. 4K12.XML, content length: 17416
Starting parsing.. Size: 17451
Using xml2js for smaller file
parseCOAXml called for file: 189. D25D29.XML, content length: 18560
Starting parsing.. Size: 18587
Using xml2js for smaller file
parseCOAXml called for file: 189. D26B20_DORZY EYE DROPS 5ML.XML, content length: 31208
Starting parsing.. Size: 31235
Using xml2js for smaller file
parseCOAXml called for file: 189. D26B26.XML, content length: 9515
Starting parsing.. Size: 9540
Using xml2js for smaller file
parseCOAXml called for file: 189. N24F03.XML, content length: 9445
Starting parsing.. Size: 9472
Using xml2js for smaller file
parseCOAXml called for file: 189. N25E10.XML, content length: 9843
Starting parsing.. Size: 9868
Using xml2js for smaller file
parseCOAXml called for file: 19. 4A02.XML, content length: 21175
Starting parsing.. Size: 21212
Using xml2js for smaller file
parseCOAXml called for file: 19. 5D09 copy.XML, content length: 16660
Starting parsing.. Size: 16687
Using xml2js for smaller file
parseCOAXml called for file: 19. 5D09.XML, content length: 9648
Starting parsing.. Size: 9673
Using xml2js for smaller file
parseCOAXml called for file: 19. 5L05.XML, content length: 17071
Starting parsing.. Size: 17098
Using xml2js for smaller file
parseCOAXml called for file: 19. 5L06.XML, content length: 9581
Starting parsing.. Size: 9606
Using xml2js for smaller file
parseCOAXml called for file: 19. 6A10.XML, content length: 16342
Starting parsing.. Size: 16379
Using xml2js for smaller file
parseCOAXml called for file: 19. N24D04.XML, content length: 8358
Starting parsing.. Size: 8383
Using xml2js for smaller file
parseCOAXml called for file: 19. N25L31.XML, content length: 8659
Starting parsing.. Size: 8684
Using xml2js for smaller file
parseCOAXml called for file: 19. N26D05.XML, content length: 9540
Starting parsing.. Size: 9565
Using xml2js for smaller file
parseCOAXml called for file: 19. PS25218.XML, content length: 17767
Starting parsing.. Size: 17794
Using xml2js for smaller file
parseCOAXml called for file: 190. 4K13.XML, content length: 17414
Starting parsing.. Size: 17449
Using xml2js for smaller file
parseCOAXml called for file: 190. D26B20_DORTAS EYE DROPS 5ML.XML, content length: 17380
Starting parsing.. Size: 17407
Using xml2js for smaller file
parseCOAXml called for file: 190. N25D30.XML, content length: 19587
Starting parsing.. Size: 19614
Using xml2js for smaller file
parseCOAXml called for file: 190. N26B14.XML, content length: 9535
Starting parsing.. Size: 9560
Using xml2js for smaller file
parseCOAXml called for file: 190. PS25068.XML, content length: 7747
Starting parsing.. Size: 7772
Using xml2js for smaller file
parseCOAXml called for file: 190. UC24006.XML, content length: 6550
Starting parsing.. Size: 6575
Using xml2js for smaller file
parseCOAXml called for file: 191. 4F03.XML, content length: 7408
Starting parsing.. Size: 7433
Using xml2js for smaller file
parseCOAXml called for file: 191. 4K14.XML, content length: 17440
Starting parsing.. Size: 17475
Using xml2js for smaller file
parseCOAXml called for file: 191. D26B21_NEPAONCE EYE DROPS 3ML.XML, content length: 20964
Starting parsing.. Size: 20997
Using xml2js for smaller file
parseCOAXml called for file: 191. PS25054.XML, content length: 17767
Starting parsing.. Size: 17794
Using xml2js for smaller file
parseCOAXml called for file: 191. PS25069.XML, content length: 7747
Starting parsing.. Size: 7772
Using xml2js for smaller file
parseCOAXml called for file: 191. PS26009.XML, content length: 7747
Starting parsing.. Size: 7772
Using xml2js for smaller file
parseCOAXml called for file: 192. 4K15.XML, content length: 17399
Starting parsing.. Size: 17434
Using xml2js for smaller file
parseCOAXml called for file: 192. B4F01.XML, content length: 5577
Starting parsing.. Size: 5602
Using xml2js for smaller file
parseCOAXml called for file: 192. D25D30.XML, content length: 16119
Starting parsing.. Size: 16146
Using xml2js for smaller file
parseCOAXml called for file: 192. D25E13.XML, content length: 9801
Starting parsing.. Size: 9826
Using xml2js for smaller file
parseCOAXml called for file: 192. D26B22_NEPAONCE EYE DROPS 3ML P.S..XML, content length: 20976
Starting parsing.. Size: 21009
Using xml2js for smaller file
parseCOAXml called for file: 192. PS26010.XML, content length: 7747
Starting parsing.. Size: 7772
Using xml2js for smaller file
parseCOAXml called for file: 193. 4K16.XML, content length: 17409
Starting parsing.. Size: 17444
Using xml2js for smaller file
parseCOAXml called for file: 193. 6B07.XML, content length: 7496
Starting parsing.. Size: 7521
Using xml2js for smaller file
parseCOAXml called for file: 193. D24F05.XML, content length: 8828
Starting parsing.. Size: 8853
Using xml2js for smaller file
parseCOAXml called for file: 193. D25D30.XML, content length: 16112
Starting parsing.. Size: 16139
Using xml2js for smaller file
parseCOAXml called for file: 193. D26B23_POLYCOMB-H EYE DROPS 5ML.XML, content length: 19348
Starting parsing.. Size: 19381
Using xml2js for smaller file
parseCOAXml called for file: 193. N25E11.XML, content length: 8416
Starting parsing.. Size: 8441
Using xml2js for smaller file
parseCOAXml called for file: 194. 4K17.XML, content length: 17416
Starting parsing.. Size: 17451
Using xml2js for smaller file
parseCOAXml called for file: 194. D25D31.XML, content length: 18340
Starting parsing.. Size: 18367
Using xml2js for smaller file
parseCOAXml called for file: 194. D26B24_PARACON EYE DROPS 5ML.XML, content length: 14865
Starting parsing.. Size: 14892
Using xml2js for smaller file
parseCOAXml called for file: 194. D26B27.XML, content length: 9517
Starting parsing.. Size: 9542
Using xml2js for smaller file
parseCOAXml called for file: 194. N24F04.XML, content length: 9445
Starting parsing.. Size: 9472
Using xml2js for smaller file
parseCOAXml called for file: 194. PS25070.XML, content length: 7747
Starting parsing.. Size: 7772
Using xml2js for smaller file
parseCOAXml called for file: 195. 4F04.XML, content length: 8310
Starting parsing.. Size: 8335
Using xml2js for smaller file
parseCOAXml called for file: 195. 4K18.XML, content length: 17146
Starting parsing.. Size: 17173
Using xml2js for smaller file
parseCOAXml called for file: 195. D25D31.XML, content length: 18351
Starting parsing.. Size: 18378
Using xml2js for smaller file
parseCOAXml called for file: 195. D26B25_TOBOMAX EYE DROPS 5ML.XML, content length: 17031
Starting parsing.. Size: 17058
Using xml2js for smaller file
parseCOAXml called for file: 195. D26B28.XML, content length: 9516
Starting parsing.. Size: 9541
Using xml2js for smaller file
parseCOAXml called for file: 195. PS25071.XML, content length: 7747
Starting parsing.. Size: 7772
Using xml2js for smaller file
parseCOAXml called for file: 196. 4K19.XML, content length: 21151
Starting parsing.. Size: 21188
Using xml2js for smaller file
parseCOAXml called for file: 196. D24F06.XML, content length: 8827
Starting parsing.. Size: 8852
Using xml2js for smaller file
parseCOAXml called for file: 196. D25D31.XML, content length: 18336
Starting parsing.. Size: 18363
Using xml2js for smaller file
parseCOAXml called for file: 196. D25E14.XML, content length: 8683
Starting parsing.. Size: 8708
Using xml2js for smaller file
parseCOAXml called for file: 196. D26B25_TOBAPREC EYE DROPS 5ML.XML, content length: 17049
Starting parsing.. Size: 17076
Using xml2js for smaller file
parseCOAXml called for file: 196. N26B15.XML, content length: 8420
Starting parsing.. Size: 8445
Using xml2js for smaller file
parseCOAXml called for file: 197. 4L01.XML, content length: 17848
Starting parsing.. Size: 17885
Using xml2js for smaller file
parseCOAXml called for file: 197. D24F07.XML, content length: 8562
Starting parsing.. Size: 8587
Using xml2js for smaller file
parseCOAXml called for file: 197. D25D31.XML, content length: 18361
Starting parsing.. Size: 18388
Using xml2js for smaller file
parseCOAXml called for file: 197. D25E15.XML, content length: 8429
Starting parsing.. Size: 8454
Using xml2js for smaller file
parseCOAXml called for file: 197. D26B25_TOBRADUS EYE DROPS 5ML.XML, content length: 18197
Starting parsing.. Size: 18224
Using xml2js for smaller file
parseCOAXml called for file: 197. PS26011.XML, content length: 7748
Starting parsing.. Size: 7773
Using xml2js for smaller file
parseCOAXml called for file: 198. 4L02.XML, content length: 17293
Starting parsing.. Size: 17330
Using xml2js for smaller file
parseCOAXml called for file: 198. 6B08.XML, content length: 8397
Starting parsing.. Size: 8422
Using xml2js for smaller file
parseCOAXml called for file: 198. D24F08.XML, content length: 9002
Starting parsing.. Size: 9027
Using xml2js for smaller file
parseCOAXml called for file: 198. D25D31.XML, content length: 18336
Starting parsing.. Size: 18363
Using xml2js for smaller file
parseCOAXml called for file: 198. D26B26.XML, content length: 17915
Starting parsing.. Size: 17942
Using xml2js for smaller file
parseCOAXml called for file: 198. E5E01.XML, content length: 8262
Starting parsing.. Size: 8287
Using xml2js for smaller file
parseCOAXml called for file: 199. 24AM07.XML, content length: 7504
Starting parsing.. Size: 7529
Using xml2js for smaller file
parseCOAXml called for file: 199. 4L03.XML, content length: 18463
Starting parsing.. Size: 18500
Using xml2js for smaller file
parseCOAXml called for file: 199. D26B27.XML, content length: 17916
Starting parsing.. Size: 17943
Using xml2js for smaller file
parseCOAXml called for file: 199. D26B29.XML, content length: 9513
Starting parsing.. Size: 9538
Using xml2js for smaller file
parseCOAXml called for file: 199. N25D31.XML, content length: 17147
Starting parsing.. Size: 17180
Using xml2js for smaller file
parseCOAXml called for file: 199. N25E12.XML, content length: 8964
Starting parsing.. Size: 8989
Using xml2js for smaller file
parseCOAXml called for file: 2. 24AM02.XML, content length: 19597
Starting parsing.. Size: 19624
Using xml2js for smaller file
parseCOAXml called for file: 2. 26AM02.XML, content length: 17055
Starting parsing.. Size: 17082
Using xml2js for smaller file
parseCOAXml called for file: 2. D24D02.XML, content length: 8658
Starting parsing.. Size: 8683
Using xml2js for smaller file
parseCOAXml called for file: 2. D25L17 copy.XML, content length: 17407
Starting parsing.. Size: 17434
Using xml2js for smaller file
parseCOAXml called for file: 2. D25L17.XML, content length: 8860
Starting parsing.. Size: 8885
Using xml2js for smaller file
parseCOAXml called for file: 2. D25L34 copy.XML, content length: 17950
Starting parsing.. Size: 17977
Using xml2js for smaller file
parseCOAXml called for file: 2. D25L34.XML, content length: 9502
Starting parsing.. Size: 9527
Using xml2js for smaller file
parseCOAXml called for file: 2. N25L28 copy.XML, content length: 16018
Starting parsing.. Size: 16045
Using xml2js for smaller file
parseCOAXml called for file: 2. N25L28.xml, content length: 8590
Starting parsing.. Size: 8615
Using xml2js for smaller file
parseCOAXml called for file: 2. PS26042.XML, content length: 7747
Starting parsing.. Size: 7772
Using xml2js for smaller file
parseCOAXml called for file: 20. 4A03.XML, content length: 21174
Starting parsing.. Size: 21211
Using xml2js for smaller file
parseCOAXml called for file: 20. 5L16.XML, content length: 17083
Starting parsing.. Size: 17110
Using xml2js for smaller file
parseCOAXml called for file: 20. 6A11.XML, content length: 20706
Starting parsing.. Size: 20743
Using xml2js for smaller file
parseCOAXml called for file: 20. D25D16 copy.XML, content length: 16739
Starting parsing.. Size: 16766
Using xml2js for smaller file
parseCOAXml called for file: 20. D25D16.XML, content length: 8636
Starting parsing.. Size: 8661
Using xml2js for smaller file
parseCOAXml called for file: 20. D25L24.XML, content length: 22930
Starting parsing.. Size: 22963
Using xml2js for smaller file
parseCOAXml called for file: 20. D25L25.XML, content length: 10630
Starting parsing.. Size: 10655
Using xml2js for smaller file
parseCOAXml called for file: 20. PS24056.XML, content length: 7866
Starting parsing.. Size: 7891
Using xml2js for smaller file
parseCOAXml called for file: 20. PS26048.XML, content length: 7747
Starting parsing.. Size: 7772
Using xml2js for smaller file
parseCOAXml called for file: 20. RI527.XML, content length: 8484
Starting parsing.. Size: 8509
Using xml2js for smaller file
parseCOAXml called for file: 200. 4L04.XML, content length: 18471
Starting parsing.. Size: 18508
Using xml2js for smaller file
parseCOAXml called for file: 200. B4F02.XML, content length: 5577
Starting parsing.. Size: 5602
Using xml2js for smaller file
parseCOAXml called for file: 200. D26B28.XML, content length: 17915
Starting parsing.. Size: 17942
Using xml2js for smaller file
parseCOAXml called for file: 200. N26B16.XML, content length: 8428
Starting parsing.. Size: 8453
Using xml2js for smaller file
parseCOAXml called for file: 200. PS25055.XML, content length: 17766
Starting parsing.. Size: 17793
Using xml2js for smaller file
parseCOAXml called for file: 200. PS25072.XML, content length: 7747
Starting parsing.. Size: 7772
Using xml2js for smaller file
parseCOAXml called for file: 201. 4L05.XML, content length: 18354
Starting parsing.. Size: 18385
Using xml2js for smaller file
parseCOAXml called for file: 201. D24F09.XML, content length: 8440
Starting parsing.. Size: 8465
Using xml2js for smaller file
parseCOAXml called for file: 201. D25E16.XML, content length: 9857
Starting parsing.. Size: 9882
Using xml2js for smaller file
parseCOAXml called for file: 201. D26B29.XML, content length: 17915
Starting parsing.. Size: 17942
Using xml2js for smaller file
parseCOAXml called for file: 201. PS26012.XML, content length: 7747
Starting parsing.. Size: 7772
Using xml2js for smaller file
parseCOAXml called for file: 201. PZ25002.XML, content length: 17753
Starting parsing.. Size: 17780
Using xml2js for smaller file
parseCOAXml called for file: 202. 4L06 dcol p.XML, content length: 21134
Starting parsing.. Size: 21171
Using xml2js for smaller file
parseCOAXml called for file: 202. D26B30.XML, content length: 17915
Starting parsing.. Size: 17942
Using xml2js for smaller file
parseCOAXml called for file: 202. N24F07.XML, content length: 9593
Starting parsing.. Size: 9618
Using xml2js for smaller file
parseCOAXml called for file: 202. PS25073.XML, content length: 7747
Starting parsing.. Size: 7772
Using xml2js for smaller file
parseCOAXml called for file: 202. PS26013.XML, content length: 7747
Starting parsing.. Size: 7772
Using xml2js for smaller file
parseCOAXml called for file: 202. PZ25002.XML, content length: 17745
Starting parsing.. Size: 17772
Using xml2js for smaller file
parseCOAXml called for file: 203. 24AM08.XML, content length: 9855
Starting parsing.. Size: 9880
Using xml2js for smaller file
parseCOAXml called for file: 203. 4L06 cpdex.XML, content length: 21135
Starting parsing.. Size: 21172
Using xml2js for smaller file
parseCOAXml called for file: 203. D25E18.XML, content length: 8439
Starting parsing.. Size: 8464
Using xml2js for smaller file
parseCOAXml called for file: 203. D26B30.XML, content length: 9514
Starting parsing.. Size: 9539
Using xml2js for smaller file
parseCOAXml called for file: 203. D26B31.XML, content length: 17915
Starting parsing.. Size: 17942
Using xml2js for smaller file
parseCOAXml called for file: 203. N25D32.XML, content length: 17165
Starting parsing.. Size: 17198
Using xml2js for smaller file
parseCOAXml called for file: 204. 4F05.XML, content length: 9579
Starting parsing.. Size: 9604
Using xml2js for smaller file
parseCOAXml called for file: 204. 4L06 synopol.XML, content length: 20744
Starting parsing.. Size: 20781
Using xml2js for smaller file
parseCOAXml called for file: 204. D26B32.XML, content length: 17915
Starting parsing.. Size: 17942
Using xml2js for smaller file
parseCOAXml called for file: 204. N25D32.XML, content length: 17214
Starting parsing.. Size: 17247
Using xml2js for smaller file
parseCOAXml called for file: 204. N25E13.XML, content length: 8964
Starting parsing.. Size: 8989
Using xml2js for smaller file
parseCOAXml called for file: 204. N26B17.XML, content length: 8410
Starting parsing.. Size: 8435
Using xml2js for smaller file
parseCOAXml called for file: 205. 4L08.XML, content length: 17046
Starting parsing.. Size: 17073
Using xml2js for smaller file
parseCOAXml called for file: 205. D24F10.XML, content length: 8435
Starting parsing.. Size: 8460
Using xml2js for smaller file
parseCOAXml called for file: 205. D25E19.XML, content length: 9763
Starting parsing.. Size: 9788
Using xml2js for smaller file
parseCOAXml called for file: 205. D26B33.XML, content length: 18021
Starting parsing.. Size: 18048
Using xml2js for smaller file
parseCOAXml called for file: 205. N25D32.XML, content length: 17193
Starting parsing.. Size: 17226
Using xml2js for smaller file
parseCOAXml called for file: 205. PS26014.XML, content length: 7747
Starting parsing.. Size: 7772
Using xml2js for smaller file
parseCOAXml called for file: 206. 4L09.XML, content length: 16016
Starting parsing.. Size: 16053
Using xml2js for smaller file
parseCOAXml called for file: 206. D24F11.XML, content length: 8419
Starting parsing.. Size: 8444
Using xml2js for smaller file
parseCOAXml called for file: 206. D25D32.XML, content length: 18447
Starting parsing.. Size: 18474
Using xml2js for smaller file
parseCOAXml called for file: 206. D25E20.XML, content length: 8809
Starting parsing.. Size: 8834
Using xml2js for smaller file
parseCOAXml called for file: 206. D26B31.XML, content length: 9514
Starting parsing.. Size: 9539
Using xml2js for smaller file
parseCOAXml called for file: 206. D26B34_BTCURE EYE DROPS 5ML.XML, content length: 16076
Starting parsing.. Size: 16103
Using xml2js for smaller file
parseCOAXml called for file: 207. 24AM09.XML, content length: 9855
Starting parsing.. Size: 9880
Using xml2js for smaller file
parseCOAXml called for file: 207. A038.XML, content length: 16605
Starting parsing.. Size: 16642
Using xml2js for smaller file
parseCOAXml called for file: 207. D25D32.XML, content length: 34273
Starting parsing.. Size: 34300
Using xml2js for smaller file
parseCOAXml called for file: 207. D26B32.XML, content length: 9514
Starting parsing.. Size: 9539
Using xml2js for smaller file
parseCOAXml called for file: 207. D26B34_PRESSOTIM EYE DROPS 5ML.XML, content length: 16079
Starting parsing.. Size: 16106
Using xml2js for smaller file
parseCOAXml called for file: 207. N25E14.XML, content length: 8665
Starting parsing.. Size: 8690
Using xml2js for smaller file
parseCOAXml called for file: 208. A039.XML, content length: 15310
Starting parsing.. Size: 15341
Using xml2js for smaller file
parseCOAXml called for file: 208. D24F12.XML, content length: 9901
Starting parsing.. Size: 9926
Using xml2js for smaller file
parseCOAXml called for file: 208. D25D32.XML, content length: 22167
Starting parsing.. Size: 22196
Using xml2js for smaller file
parseCOAXml called for file: 208. D25E21.XML, content length: 8860
Starting parsing.. Size: 8885
Using xml2js for smaller file
parseCOAXml called for file: 208. D26B35.XML, content length: 20731
Starting parsing.. Size: 20758
Using xml2js for smaller file
parseCOAXml called for file: 208. I440.XML, content length: 8412
Starting parsing.. Size: 8437
Using xml2js for smaller file
parseCOAXml called for file: 209. A040.XML, content length: 16603
Starting parsing.. Size: 16640
Using xml2js for smaller file
parseCOAXml called for file: 209. D25D32.XML, content length: 22104
Starting parsing.. Size: 22133
Using xml2js for smaller file
parseCOAXml called for file: 209. D26B36_SCINATA EYE DROPS 5ML.XML, content length: 17165
Starting parsing.. Size: 17198
Using xml2js for smaller file
parseCOAXml called for file: 209. I379.XML, content length: 8427
Starting parsing.. Size: 8452
Using xml2js for smaller file
parseCOAXml called for file: 209. N26B18.XML, content length: 8665
Starting parsing.. Size: 8690
Using xml2js for smaller file
parseCOAXml called for file: 209. PS24082.XML, content length: 7865
Starting parsing.. Size: 7890
Using xml2js for smaller file
parseCOAXml called for file: 21. 4A04.XML, content length: 17179
Starting parsing.. Size: 17206
Using xml2js for smaller file
parseCOAXml called for file: 21. 5D14.XML, content length: 5481
Starting parsing.. Size: 5506
Using xml2js for smaller file
parseCOAXml called for file: 21. 5L18.XML, content length: 9581
Starting parsing.. Size: 9606
Using xml2js for smaller file
parseCOAXml called for file: 21. 6A12.XML, content length: 19653
Starting parsing.. Size: 19680
Using xml2js for smaller file
parseCOAXml called for file: 21. 6D03.XML, content length: 9583
Starting parsing.. Size: 9608
Using xml2js for smaller file
parseCOAXml called for file: 21. D25L24.XML, content length: 22890
Starting parsing.. Size: 22923
Using xml2js for smaller file
parseCOAXml called for file: 21. D25L39.XML, content length: 19747
Starting parsing.. Size: 19780
Using xml2js for smaller file
parseCOAXml called for file: 21. N25L17.XML, content length: 8666
Starting parsing.. Size: 8691
Using xml2js for smaller file
parseCOAXml called for file: 21. PS24057.XML, content length: 7866
Starting parsing.. Size: 7891
Using xml2js for smaller file
parseCOAXml called for file: 21.5D14.XML, content length: 15031
Starting parsing.. Size: 15066
Using xml2js for smaller file
parseCOAXml called for file: 210. AI067.XML, content length: 15755
Starting parsing.. Size: 15782
Using xml2js for smaller file
parseCOAXml called for file: 210. D24F13.XML, content length: 9473
Starting parsing.. Size: 9498
Using xml2js for smaller file
parseCOAXml called for file: 210. D25D32.XML, content length: 18464
Starting parsing.. Size: 18491
Using xml2js for smaller file
parseCOAXml called for file: 210. D26B36_NIKICIN EYE DROPS 5ML.XML, content length: 17147
Starting parsing.. Size: 17180
Using xml2js for smaller file
parseCOAXml called for file: 210. N25E15.XML, content length: 8644
Starting parsing.. Size: 8669
Using xml2js for smaller file
parseCOAXml called for file: 210. PS26015.XML, content length: 7747
Starting parsing.. Size: 7772
Using xml2js for smaller file
parseCOAXml called for file: 211. AI068.XML, content length: 15767
Starting parsing.. Size: 15794
Using xml2js for smaller file
parseCOAXml called for file: 211. D25E22.XML, content length: 9857
Starting parsing.. Size: 9882
Using xml2js for smaller file
parseCOAXml called for file: 211. D26B36_IO-NATA EYE DROPS 5ML.XML, content length: 17174
Starting parsing.. Size: 17207
Using xml2js for smaller file
parseCOAXml called for file: 211. L1825005.XML, content length: 11471
Starting parsing.. Size: 11498
Using xml2js for smaller file
parseCOAXml called for file: 211. N24F08.XML, content length: 9612
Starting parsing.. Size: 9637
Using xml2js for smaller file
parseCOAXml called for file: 211. PS26016.XML, content length: 7747
Starting parsing.. Size: 7772
Using xml2js for smaller file
parseCOAXml called for file: 212. 6B09.XML, content length: 8573
Starting parsing.. Size: 8598
Using xml2js for smaller file
parseCOAXml called for file: 212. AI069.XML, content length: 12082
Starting parsing.. Size: 12109
Using xml2js for smaller file
parseCOAXml called for file: 212. D24F14.XML, content length: 10156
Starting parsing.. Size: 10181
Using xml2js for smaller file
parseCOAXml called for file: 212. D26B37.XML, content length: 18063
Starting parsing.. Size: 18090
Using xml2js for smaller file
parseCOAXml called for file: 212. L1825005.XML, content length: 11475
Starting parsing.. Size: 11502
Using xml2js for smaller file
parseCOAXml called for file: 212. N25E16.XML, content length: 8734
Starting parsing.. Size: 8759
Using xml2js for smaller file
parseCOAXml called for file: 213. AI070.XML, content length: 15765
Starting parsing.. Size: 15792
Using xml2js for smaller file
parseCOAXml called for file: 213. D25E24.XML, content length: 8666
Starting parsing.. Size: 8691
Using xml2js for smaller file
parseCOAXml called for file: 213. D26B38.XML, content length: 22034
Starting parsing.. Size: 22061
Using xml2js for smaller file
parseCOAXml called for file: 213. N24F09.XML, content length: 9612
Starting parsing.. Size: 9637
Using xml2js for smaller file
parseCOAXml called for file: 213. N25D33.XML, content length: 16752
Starting parsing.. Size: 16779
Using xml2js for smaller file
parseCOAXml called for file: 213. N26B19.XML, content length: 8444
Starting parsing.. Size: 8469
Using xml2js for smaller file
parseCOAXml called for file: 214. 4F06.XML, content length: 9599
Starting parsing.. Size: 9624
Using xml2js for smaller file
parseCOAXml called for file: 214. AI071.XML, content length: 15766
Starting parsing.. Size: 15793
Using xml2js for smaller file
parseCOAXml called for file: 214. D26C01_SCILUBE ADVANCE EYE DROPS 10ML.XML, content length: 19636
Starting parsing.. Size: 19663
Using xml2js for smaller file
parseCOAXml called for file: 214. N25D33.XML, content length: 16777
Starting parsing.. Size: 16804
Using xml2js for smaller file
parseCOAXml called for file: 214. N25E17.XML, content length: 8486
Starting parsing.. Size: 8511
Using xml2js for smaller file
parseCOAXml called for file: 215. .RI531.XML, content length: 8386
Starting parsing.. Size: 8411
Using xml2js for smaller file
parseCOAXml called for file: 215. B4A01.XML, content length: 12617
Starting parsing.. Size: 12644
Using xml2js for smaller file
parseCOAXml called for file: 215. D24F15.XML, content length: 9575
Starting parsing.. Size: 9600
Using xml2js for smaller file
parseCOAXml called for file: 215. D25E25.XML, content length: 8666
Starting parsing.. Size: 8691
Using xml2js for smaller file
parseCOAXml called for file: 215. D26C01_OPTILUBE ULTRA EYE DROPS 10ML.XML, content length: 19633
Starting parsing.. Size: 19660
Using xml2js for smaller file
parseCOAXml called for file: 215. N25D33.XML, content length: 16754
Starting parsing.. Size: 16781
Using xml2js for smaller file
parseCOAXml called for file: 216. 6B10.XML, content length: 8451
Starting parsing.. Size: 8476
Using xml2js for smaller file
parseCOAXml called for file: 216. B4A02.XML, content length: 14829
Starting parsing.. Size: 14856
Using xml2js for smaller file
parseCOAXml called for file: 216. D25D33.XML, content length: 22894
Starting parsing.. Size: 22929
Using xml2js for smaller file
parseCOAXml called for file: 216. D26C02_CYANO EYE DROPS 5ML.XML, content length: 13504
Starting parsing.. Size: 13531
Using xml2js for smaller file
parseCOAXml called for file: 216. N24F10.XML, content length: 9855
Starting parsing.. Size: 9880
Using xml2js for smaller file
parseCOAXml called for file: 216. N25E18.XML, content length: 8418
Starting parsing.. Size: 8443
Using xml2js for smaller file
parseCOAXml called for file: 217. B4A03.XML, content length: 13344
Starting parsing.. Size: 13371
Using xml2js for smaller file
parseCOAXml called for file: 217. D24F16.XML, content length: 8649
Starting parsing.. Size: 8674
Using xml2js for smaller file
  ...3000 COA files processed (created 2988)
parseCOAXml called for file: 217. D26C02_I-COB EYE DROPS 5ML.XML, content length: 13505
Starting parsing.. Size: 13532
Using xml2js for smaller file
parseCOAXml called for file: 217. N25D34.XML, content length: 18385
Starting parsing.. Size: 18412
Using xml2js for smaller file
parseCOAXml called for file: 217. N25E19.XML, content length: 10825
Starting parsing.. Size: 10850
Using xml2js for smaller file
parseCOAXml called for file: 217. N26B20.XML, content length: 9555
Starting parsing.. Size: 9580
Using xml2js for smaller file
parseCOAXml called for file: 218. 5E01.XML, content length: 17003
Starting parsing.. Size: 17038
Using xml2js for smaller file
parseCOAXml called for file: 218. 5E08.XML, content length: 8385
Starting parsing.. Size: 8410
Using xml2js for smaller file
parseCOAXml called for file: 218. B4C01.XML, content length: 13350
Starting parsing.. Size: 13377
Using xml2js for smaller file
parseCOAXml called for file: 218. D24F17.XML, content length: 8865
Starting parsing.. Size: 8890
Using xml2js for smaller file
parseCOAXml called for file: 218. D26C02_NOCOBAL EYE DROPS 5ML.XML, content length: 13515
Starting parsing.. Size: 13542
Using xml2js for smaller file
parseCOAXml called for file: 218. N26B21.XML, content length: 8624
Starting parsing.. Size: 8649
Using xml2js for smaller file
parseCOAXml called for file: 219. 4F07.XML, content length: 8575
Starting parsing.. Size: 8600
Using xml2js for smaller file
parseCOAXml called for file: 219. B4C02.XML, content length: 12598
Starting parsing.. Size: 12625
Using xml2js for smaller file
parseCOAXml called for file: 219. D25E01.XML, content length: 18211
Starting parsing.. Size: 18238
Using xml2js for smaller file
parseCOAXml called for file: 219. D25E28.XML, content length: 9584
Starting parsing.. Size: 9609
Using xml2js for smaller file
parseCOAXml called for file: 219. D26C03.XML, content length: 22898
Starting parsing.. Size: 22933
Using xml2js for smaller file
parseCOAXml called for file: 219. PS26018.XML, content length: 7747
Starting parsing.. Size: 7772
Using xml2js for smaller file
parseCOAXml called for file: 22. 4A05 moxi.XML, content length: 18650
Starting parsing.. Size: 18687
Using xml2js for smaller file
parseCOAXml called for file: 22. 6A13.XML, content length: 20482
Starting parsing.. Size: 20519
Using xml2js for smaller file
parseCOAXml called for file: 22. B6D01.XML, content length: 5580
Starting parsing.. Size: 5605
Using xml2js for smaller file
parseCOAXml called for file: 22. CMA122.XML, content length: 9412
Starting parsing.. Size: 9437
Using xml2js for smaller file
parseCOAXml called for file: 22. D25D25 copy.XML, content length: 16977
Starting parsing.. Size: 17004
Using xml2js for smaller file
parseCOAXml called for file: 22. D25D25.XML, content length: 8386
Starting parsing.. Size: 8411
Using xml2js for smaller file
parseCOAXml called for file: 22. D25L24.XML, content length: 22926
Starting parsing.. Size: 22959
Using xml2js for smaller file
parseCOAXml called for file: 22. D25L39.XML, content length: 19785
Starting parsing.. Size: 19818
Using xml2js for smaller file
parseCOAXml called for file: 22. N25L32.XML, content length: 8658
Starting parsing.. Size: 8683
Using xml2js for smaller file
parseCOAXml called for file: 22. UC25009.XML, content length: 6586
Starting parsing.. Size: 6611
Using xml2js for smaller file
parseCOAXml called for file: 220. B4D01.XML, content length: 13346
Starting parsing.. Size: 13373
Using xml2js for smaller file
parseCOAXml called for file: 220. D24F18.XML, content length: 8664
Starting parsing.. Size: 8689
Using xml2js for smaller file
parseCOAXml called for file: 220. D25E02.XML, content length: 19405
Starting parsing.. Size: 19432
Using xml2js for smaller file
parseCOAXml called for file: 220. D25E29.XML, content length: 8651
Starting parsing.. Size: 8676
Using xml2js for smaller file
parseCOAXml called for file: 220. D26C04.XML, content length: 18129
Starting parsing.. Size: 18156
Using xml2js for smaller file
parseCOAXml called for file: 220. PS26019.XML, content length: 7747
Starting parsing.. Size: 7772
Using xml2js for smaller file
parseCOAXml called for file: 221. B4D02.XML, content length: 15782
Starting parsing.. Size: 15809
Using xml2js for smaller file
parseCOAXml called for file: 221. D26C05.XML, content length: 19402
Starting parsing.. Size: 19429
Using xml2js for smaller file
parseCOAXml called for file: 221. N24F11.XML, content length: 8330
Starting parsing.. Size: 8355
Using xml2js for smaller file
parseCOAXml called for file: 221. N25E01.XML, content length: 18383
Starting parsing.. Size: 18410
Using xml2js for smaller file
parseCOAXml called for file: 221. N25E20.XML, content length: 9751
Starting parsing.. Size: 9776
Using xml2js for smaller file
parseCOAXml called for file: 221. RI532.XML, content length: 8387
Starting parsing.. Size: 8412
Using xml2js for smaller file
parseCOAXml called for file: 222. B4E01.XML, content length: 13329
Starting parsing.. Size: 13356
Using xml2js for smaller file
parseCOAXml called for file: 222. D25E30.XML, content length: 8724
Starting parsing.. Size: 8749
Using xml2js for smaller file
parseCOAXml called for file: 222. D26C06.XML, content length: 19406
Starting parsing.. Size: 19433
Using xml2js for smaller file
parseCOAXml called for file: 222. PS24083.XML, content length: 7865
Starting parsing.. Size: 7890
Using xml2js for smaller file
parseCOAXml called for file: 222. PS25056.XML, content length: 17766
Starting parsing.. Size: 17793
Using xml2js for smaller file
parseCOAXml called for file: 222. RI533.XML, content length: 8386
Starting parsing.. Size: 8411
Using xml2js for smaller file
parseCOAXml called for file: 223. 4F08.XML, content length: 8413
Starting parsing.. Size: 8438
Using xml2js for smaller file
parseCOAXml called for file: 223. B4F01.XML, content length: 14827
Starting parsing.. Size: 14854
Using xml2js for smaller file
parseCOAXml called for file: 223. D25E31.XML, content length: 11136
Starting parsing.. Size: 11161
Using xml2js for smaller file
parseCOAXml called for file: 223. D26B33.XML, content length: 9779
Starting parsing.. Size: 9804
Using xml2js for smaller file
parseCOAXml called for file: 223. D26C07.XML, content length: 33824
Starting parsing.. Size: 33851
Using xml2js for smaller file
parseCOAXml called for file: 223. PS25057.XML, content length: 17767
Starting parsing.. Size: 17794
Using xml2js for smaller file
parseCOAXml called for file: 224. 5E02.XML, content length: 17004
Starting parsing.. Size: 17039
Using xml2js for smaller file
parseCOAXml called for file: 224. B4F02.XML, content length: 14822
Starting parsing.. Size: 14849
Using xml2js for smaller file
parseCOAXml called for file: 224. D26C08.XML, content length: 15959
Starting parsing.. Size: 15986
Using xml2js for smaller file
parseCOAXml called for file: 224. N24F12.XML, content length: 8333
Starting parsing.. Size: 8358
Using xml2js for smaller file
parseCOAXml called for file: 224. N25E21.XML, content length: 8735
Starting parsing.. Size: 8760
Using xml2js for smaller file
parseCOAXml called for file: 224. N26B22.XML, content length: 9895
Starting parsing.. Size: 9920
Using xml2js for smaller file
parseCOAXml called for file: 225. 5E03.XML, content length: 17010
Starting parsing.. Size: 17045
Using xml2js for smaller file
parseCOAXml called for file: 225. B4H01.XML, content length: 13351
Starting parsing.. Size: 13378
Using xml2js for smaller file
parseCOAXml called for file: 225. D25E32.XML, content length: 8649
Starting parsing.. Size: 8674
Using xml2js for smaller file
parseCOAXml called for file: 225. D26C09.XML, content length: 15958
Starting parsing.. Size: 15985
Using xml2js for smaller file
parseCOAXml called for file: 225. PS24084.XML, content length: 7865
Starting parsing.. Size: 7890
Using xml2js for smaller file
parseCOAXml called for file: 225. PS26020.XML, content length: 7747
Starting parsing.. Size: 7772
Using xml2js for smaller file
parseCOAXml called for file: 226. 4F09.XML, content length: 7509
Starting parsing.. Size: 7534
Using xml2js for smaller file
parseCOAXml called for file: 226. B4H02.XML, content length: 15788
Starting parsing.. Size: 15815
Using xml2js for smaller file
parseCOAXml called for file: 226. D25E33.XML, content length: 8867
Starting parsing.. Size: 8892
Using xml2js for smaller file
parseCOAXml called for file: 226. D26C10.XML, content length: 15959
Starting parsing.. Size: 15986
Using xml2js for smaller file
parseCOAXml called for file: 226. N25E02.XML, content length: 18382
Starting parsing.. Size: 18409
Using xml2js for smaller file
parseCOAXml called for file: 226. RI534.XML, content length: 8387
Starting parsing.. Size: 8412
Using xml2js for smaller file
parseCOAXml called for file: 227. B4H03.XML, content length: 14827
Starting parsing.. Size: 14854
Using xml2js for smaller file
parseCOAXml called for file: 227. D24F20.XML, content length: 9785
Starting parsing.. Size: 9810
Using xml2js for smaller file
parseCOAXml called for file: 227. D26B34.XML, content length: 9538
Starting parsing.. Size: 9563
Using xml2js for smaller file
parseCOAXml called for file: 227. D26C11_HIGHFRESH EYE DROPS 10ML.XML, content length: 15925
Starting parsing.. Size: 15952
Using xml2js for smaller file
parseCOAXml called for file: 227. N25E22.XML, content length: 9697
Starting parsing.. Size: 9722
Using xml2js for smaller file
parseCOAXml called for file: 227. PS25058.XML, content length: 17769
Starting parsing.. Size: 17796
Using xml2js for smaller file
parseCOAXml called for file: 228. 5E09.XML, content length: 8268
Starting parsing.. Size: 8293
Using xml2js for smaller file
parseCOAXml called for file: 228. B4I01.XML, content length: 13347
Starting parsing.. Size: 13374
Using xml2js for smaller file
parseCOAXml called for file: 228. D25E03.XML, content length: 19254
Starting parsing.. Size: 19281
Using xml2js for smaller file
parseCOAXml called for file: 228. D26B35.XML, content length: 8808
Starting parsing.. Size: 8833
Using xml2js for smaller file
parseCOAXml called for file: 228. D26C11_PEARL TEARS EYE DROPS 10ML.XML, content length: 15949
Starting parsing.. Size: 15976
Using xml2js for smaller file
parseCOAXml called for file: 228. N24F13.XML, content length: 8748
Starting parsing.. Size: 8773
Using xml2js for smaller file
parseCOAXml called for file: 229. B4I01 ps.XML, content length: 13351
Starting parsing.. Size: 13378
Using xml2js for smaller file
parseCOAXml called for file: 229. D25E03.XML, content length: 19262
Starting parsing.. Size: 19289
Using xml2js for smaller file
parseCOAXml called for file: 229. D25E34.XML, content length: 9900
Starting parsing.. Size: 9925
Using xml2js for smaller file
parseCOAXml called for file: 229. D26C11_HYLOPANTA EYE DROPS 10ML.XML, content length: 15915
Starting parsing.. Size: 15942
Using xml2js for smaller file
parseCOAXml called for file: 229. I441.XML, content length: 8321
Starting parsing.. Size: 8346
Using xml2js for smaller file
parseCOAXml called for file: 229. N24F14.XML, content length: 9529
Starting parsing.. Size: 9554
Using xml2js for smaller file
parseCOAXml called for file: 23. 4A05.XML, content length: 18640
Starting parsing.. Size: 18677
Using xml2js for smaller file
parseCOAXml called for file: 23. 6A14.XML, content length: 36577
Starting parsing.. Size: 36624
Using xml2js for smaller file
parseCOAXml called for file: 23. B5L02.XML, content length: 5633
Starting parsing.. Size: 5658
Using xml2js for smaller file
parseCOAXml called for file: 23. CMA123.XML, content length: 9411
Starting parsing.. Size: 9436
Using xml2js for smaller file
parseCOAXml called for file: 23. D25D26 copy.XML, content length: 14982
Starting parsing.. Size: 15009
Using xml2js for smaller file
parseCOAXml called for file: 23. D25D26.XML, content length: 6619
Starting parsing.. Size: 6644
Using xml2js for smaller file
parseCOAXml called for file: 23. D26D05.XML, content length: 9905
Starting parsing.. Size: 9930
Using xml2js for smaller file
parseCOAXml called for file: 23. N25L16.XML, content length: 17915
Starting parsing.. Size: 17942
Using xml2js for smaller file
parseCOAXml called for file: 23. N25L30.XML, content length: 18262
Starting parsing.. Size: 18289
Using xml2js for smaller file
parseCOAXml called for file: 23. PS25221.XML, content length: 7747
Starting parsing.. Size: 7772
Using xml2js for smaller file
parseCOAXml called for file: 230. B4I02.XML, content length: 15789
Starting parsing.. Size: 15816
Using xml2js for smaller file
parseCOAXml called for file: 230. D25E03.XML, content length: 19342
Starting parsing.. Size: 19369
Using xml2js for smaller file
parseCOAXml called for file: 230. D26C12.XML, content length: 15940
Starting parsing.. Size: 15967
Using xml2js for smaller file
parseCOAXml called for file: 230. HI25E01.XML, content length: 5583
Starting parsing.. Size: 5608
Using xml2js for smaller file
parseCOAXml called for file: 230. N26B23.XML, content length: 10818
Starting parsing.. Size: 10845
Using xml2js for smaller file
parseCOAXml called for file: 230. PS24085.XML, content length: 7867
Starting parsing.. Size: 7892
Using xml2js for smaller file
parseCOAXml called for file: 231. B4I03.XML, content length: 14815
Starting parsing.. Size: 14842
Using xml2js for smaller file
parseCOAXml called for file: 231. D25E03.XML, content length: 19267
Starting parsing.. Size: 19294
Using xml2js for smaller file
parseCOAXml called for file: 231. D26C13_XYLONAZE-P NASAL DROPS 10ML.XML, content length: 31852
Starting parsing.. Size: 31879
Using xml2js for smaller file
parseCOAXml called for file: 231. N25E23.XML, content length: 9712
Starting parsing.. Size: 9737
Using xml2js for smaller file
parseCOAXml called for file: 231. PS24086.XML, content length: 7865
Starting parsing.. Size: 7890
Using xml2js for smaller file
parseCOAXml called for file: 231. PS26021.XML, content length: 7747
Starting parsing.. Size: 7772
Using xml2js for smaller file
parseCOAXml called for file: 232. 4F10.XML, content length: 5243
Starting parsing.. Size: 5268
Using xml2js for smaller file
parseCOAXml called for file: 232. 5E10.XML, content length: 8267
Starting parsing.. Size: 8292
Using xml2js for smaller file
parseCOAXml called for file: 232. B4I04.XML, content length: 13349
Starting parsing.. Size: 13376
Using xml2js for smaller file
parseCOAXml called for file: 232. D25E03.XML, content length: 33502
Starting parsing.. Size: 33529
Using xml2js for smaller file
parseCOAXml called for file: 232. D26C13_OTRILYNX 0.05 10ML.XML, content length: 18390
Starting parsing.. Size: 18417
Using xml2js for smaller file
parseCOAXml called for file: 232. PS26022.XML, content length: 7747
Starting parsing.. Size: 7772
Using xml2js for smaller file
parseCOAXml called for file: 233. B4I04 ps.XML, content length: 13353
Starting parsing.. Size: 13380
Using xml2js for smaller file
parseCOAXml called for file: 233. D24F21.XML, content length: 8658
Starting parsing.. Size: 8683
Using xml2js for smaller file
parseCOAXml called for file: 233. D25E37.XML, content length: 8593
Starting parsing.. Size: 8618
Using xml2js for smaller file
parseCOAXml called for file: 233. D26B36.XML, content length: 8567
Starting parsing.. Size: 8592
Using xml2js for smaller file
parseCOAXml called for file: 233. D26C14.XML, content length: 18375
Starting parsing.. Size: 18402
Using xml2js for smaller file
parseCOAXml called for file: 233. N25E03.XML, content length: 17880
Starting parsing.. Size: 17911
Using xml2js for smaller file
parseCOAXml called for file: 234. 5E04.XML, content length: 20740
Starting parsing.. Size: 20777
Using xml2js for smaller file
parseCOAXml called for file: 234. B4K01.XML, content length: 12380
Starting parsing.. Size: 12407
Using xml2js for smaller file
parseCOAXml called for file: 234. D24F22.XML, content length: 8658
Starting parsing.. Size: 8683
Using xml2js for smaller file
parseCOAXml called for file: 234. D26B37.XML, content length: 9444
Starting parsing.. Size: 9469
Using xml2js for smaller file
parseCOAXml called for file: 234. D26C15.XML, content length: 15914
Starting parsing.. Size: 15941
Using xml2js for smaller file
parseCOAXml called for file: 234. N25E24.XML, content length: 10619
Starting parsing.. Size: 10644
Using xml2js for smaller file
parseCOAXml called for file: 235. 5E11.XML, content length: 8268
Starting parsing.. Size: 8293
Using xml2js for smaller file
parseCOAXml called for file: 235. B4K02.XML, content length: 13346
Starting parsing.. Size: 13373
Using xml2js for smaller file
parseCOAXml called for file: 235. D25E04.XML, content length: 19330
Starting parsing.. Size: 19357
Using xml2js for smaller file
parseCOAXml called for file: 235. D26C16.XML, content length: 13585
Starting parsing.. Size: 13612
Using xml2js for smaller file
parseCOAXml called for file: 235. I442.XML, content length: 7268
Starting parsing.. Size: 7293
Using xml2js for smaller file
parseCOAXml called for file: 235. N24F15.XML, content length: 8663
Starting parsing.. Size: 8688
Using xml2js for smaller file
parseCOAXml called for file: 236. B4K02 ps.XML, content length: 13351
Starting parsing.. Size: 13378
Using xml2js for smaller file
parseCOAXml called for file: 236. B5E01.XML, content length: 5580
Starting parsing.. Size: 5605
Using xml2js for smaller file
parseCOAXml called for file: 236. D25E04.XML, content length: 33503
Starting parsing.. Size: 33530
Using xml2js for smaller file
parseCOAXml called for file: 236. D26C17_SCIMOX-KT EYE DROPS 5ML.XML, content length: 18203
Starting parsing.. Size: 18230
Using xml2js for smaller file
parseCOAXml called for file: 236. N26B24.XML, content length: 8964
Starting parsing.. Size: 8989
Using xml2js for smaller file
parseCOAXml called for file: 236. PS24087.XML, content length: 7865
Starting parsing.. Size: 7890
Using xml2js for smaller file
parseCOAXml called for file: 237. B4K03.XML, content length: 13346
Starting parsing.. Size: 13373
Using xml2js for smaller file
parseCOAXml called for file: 237. D24F23.XML, content length: 8658
Starting parsing.. Size: 8683
Using xml2js for smaller file
parseCOAXml called for file: 237. D25E38.XML, content length: 8431
Starting parsing.. Size: 8456
Using xml2js for smaller file
parseCOAXml called for file: 237. D26C17_KETRYMOX EYE DROPS 5ML.XML, content length: 18203
Starting parsing.. Size: 18230
Using xml2js for smaller file
parseCOAXml called for file: 237. N25E04.XML, content length: 13716
Starting parsing.. Size: 13743
Using xml2js for smaller file
parseCOAXml called for file: 237. PS26023.XML, content length: 7747
Starting parsing.. Size: 7772
Using xml2js for smaller file
parseCOAXml called for file: 238. B4K04.XML, content length: 15741
Starting parsing.. Size: 15768
Using xml2js for smaller file
parseCOAXml called for file: 238. D24F24.XML, content length: 8731
Starting parsing.. Size: 8756
Using xml2js for smaller file
parseCOAXml called for file: 238. D26B38.XML, content length: 9461
Starting parsing.. Size: 9486
Using xml2js for smaller file
parseCOAXml called for file: 238. D26C17_TIGOMOX-KT EYE DROPS 5ML.XML, content length: 18184
Starting parsing.. Size: 18211
Using xml2js for smaller file
parseCOAXml called for file: 238. N25E25.XML, content length: 10624
Starting parsing.. Size: 10649
Using xml2js for smaller file
parseCOAXml called for file: 238. PS25059.XML, content length: 17766
Starting parsing.. Size: 17793
Using xml2js for smaller file
parseCOAXml called for file: 239. 5E12.XML, content length: 8268
Starting parsing.. Size: 8293
Using xml2js for smaller file
parseCOAXml called for file: 239. B4K05.XML, content length: 14831
Starting parsing.. Size: 14858
Using xml2js for smaller file
parseCOAXml called for file: 239. D26C17_MOXIBLIZZ-KT EYE DROPS 5ML.XML, content length: 18193
Starting parsing.. Size: 18220
Using xml2js for smaller file
parseCOAXml called for file: 239. GP172.XML, content length: 8712
Starting parsing.. Size: 8737
Using xml2js for smaller file
parseCOAXml called for file: 239. N24F16.XML, content length: 9664
Starting parsing.. Size: 9689
Using xml2js for smaller file
parseCOAXml called for file: 239. PS25060.XML, content length: 17768
Starting parsing.. Size: 17795
Using xml2js for smaller file
parseCOAXml called for file: 24. 4A06.XML, content length: 18262
Starting parsing.. Size: 18299
Using xml2js for smaller file
parseCOAXml called for file: 24. 5D16 copy.XML, content length: 19142
Starting parsing.. Size: 19179
Using xml2js for smaller file
parseCOAXml called for file: 24. 5D16.XML, content length: 7481
Starting parsing.. Size: 7506
Using xml2js for smaller file
parseCOAXml called for file: 24. 5L06.XML, content length: 17040
Starting parsing.. Size: 17067
Using xml2js for smaller file
parseCOAXml called for file: 24. 6B01.XML, content length: 17071
Starting parsing.. Size: 17098
Using xml2js for smaller file
parseCOAXml called for file: 24. D24D09.XML, content length: 9783
Starting parsing.. Size: 9808
Using xml2js for smaller file
parseCOAXml called for file: 24. D25L26.XML, content length: 10629
Starting parsing.. Size: 10654
Using xml2js for smaller file
parseCOAXml called for file: 24. N26D06.XML, content length: 9540
Starting parsing.. Size: 9565
Using xml2js for smaller file
parseCOAXml called for file: 24. PS25219.XML, content length: 17766
Starting parsing.. Size: 17793
Using xml2js for smaller file
parseCOAXml called for file: 24. PS25222.XML, content length: 7746
Starting parsing.. Size: 7771
Using xml2js for smaller file
parseCOAXml called for file: 240. 5E05.XML, content length: 17033
Starting parsing.. Size: 17060
Using xml2js for smaller file
parseCOAXml called for file: 240. B4K06.XML, content length: 14834
Starting parsing.. Size: 14861
Using xml2js for smaller file
parseCOAXml called for file: 240. D25E40.XML, content length: 8402
Starting parsing.. Size: 8427
Using xml2js for smaller file
parseCOAXml called for file: 240. D26C18.XML, content length: 19552
Starting parsing.. Size: 19579
Using xml2js for smaller file
parseCOAXml called for file: 240. N24F17.XML, content length: 9664
Starting parsing.. Size: 9689
Using xml2js for smaller file
parseCOAXml called for file: 240. N26B25.XML, content length: 8964
Starting parsing.. Size: 8989
Using xml2js for smaller file
parseCOAXml called for file: 241. 26AM05.XML, content length: 8486
Starting parsing.. Size: 8511
Using xml2js for smaller file
parseCOAXml called for file: 241. 5E13.XML, content length: 8268
Starting parsing.. Size: 8293
Using xml2js for smaller file
parseCOAXml called for file: 241. B4L01.XML, content length: 14845
Starting parsing.. Size: 14872
Using xml2js for smaller file
parseCOAXml called for file: 241. D25E05.XML, content length: 19346
Starting parsing.. Size: 19373
Using xml2js for smaller file
parseCOAXml called for file: 241. D26C19_AQUEOUS ULTRA EYE DROPS 10ML.XML, content length: 19630
Starting parsing.. Size: 19657
Using xml2js for smaller file
parseCOAXml called for file: 241. PS24088.XML, content length: 7865
Starting parsing.. Size: 7890
Using xml2js for smaller file
parseCOAXml called for file: 242. 26AM06.XML, content length: 8484
Starting parsing.. Size: 8509
Using xml2js for smaller file
parseCOAXml called for file: 242. 4F11.XML, content length: 7340
Starting parsing.. Size: 7365
Using xml2js for smaller file
parseCOAXml called for file: 242. B5E02.XML, content length: 6769
Starting parsing.. Size: 6794
Using xml2js for smaller file
parseCOAXml called for file: 242. CMA101.XML, content length: 22577
Starting parsing.. Size: 22604
Using xml2js for smaller file
parseCOAXml called for file: 242. D25E05.XML, content length: 19336
Starting parsing.. Size: 19363
Using xml2js for smaller file
parseCOAXml called for file: 242. D26C19_AQUEOUS ULTRA EYE DROPS 10ML PS.XML, content length: 19639
Starting parsing.. Size: 19666
Using xml2js for smaller file
parseCOAXml called for file: 243. 6C01.XML, content length: 8595
Starting parsing.. Size: 8620
Using xml2js for smaller file
parseCOAXml called for file: 243. CMA102.XML, content length: 22517
Starting parsing.. Size: 22544
Using xml2js for smaller file
parseCOAXml called for file: 243. D25E41.XML, content length: 8423
Starting parsing.. Size: 8448
Using xml2js for smaller file
parseCOAXml called for file: 243. D26C20.XML, content length: 19592
Starting parsing.. Size: 19619
Using xml2js for smaller file
parseCOAXml called for file: 243. N24F18.XML, content length: 9665
Starting parsing.. Size: 9690
Using xml2js for smaller file
parseCOAXml called for file: 243. PS25061.XML, content length: 17767
Starting parsing.. Size: 17794
Using xml2js for smaller file
parseCOAXml called for file: 244. CMA103.XML, content length: 22516
Starting parsing.. Size: 22543
Using xml2js for smaller file
parseCOAXml called for file: 244. D25E06.XML, content length: 19420
Starting parsing.. Size: 19447
Using xml2js for smaller file
parseCOAXml called for file: 244. D26C21.XML, content length: 17950
Starting parsing.. Size: 17977
Using xml2js for smaller file
parseCOAXml called for file: 244. N24F19.XML, content length: 8697
Starting parsing.. Size: 8722
Using xml2js for smaller file
parseCOAXml called for file: 244. N25E27.XML, content length: 8729
Starting parsing.. Size: 8754
Using xml2js for smaller file
parseCOAXml called for file: 244. N26C01.XML, content length: 8964
Starting parsing.. Size: 8989
Using xml2js for smaller file
parseCOAXml called for file: 245. 26AM07.XML, content length: 8469
Starting parsing.. Size: 8494
Using xml2js for smaller file
parseCOAXml called for file: 245. CMA104.XML, content length: 22516
Starting parsing.. Size: 22543
Using xml2js for smaller file
parseCOAXml called for file: 245. D25E42.XML, content length: 8424
Starting parsing.. Size: 8449
Using xml2js for smaller file
parseCOAXml called for file: 245. D26C22_EFIQUIN D EYE DROPS 5ML.XML, content length: 18327
Starting parsing.. Size: 18354
Using xml2js for smaller file
parseCOAXml called for file: 245. PS24089.XML, content length: 7865
Starting parsing.. Size: 7890
Using xml2js for smaller file
parseCOAXml called for file: 245. PS25062.XML, content length: 17765
Starting parsing.. Size: 17792
Using xml2js for smaller file
parseCOAXml called for file: 246. 26AM08.XML, content length: 9849
Starting parsing.. Size: 9874
Using xml2js for smaller file
parseCOAXml called for file: 246. CMA105.XML, content length: 22517
Starting parsing.. Size: 22544
Using xml2js for smaller file
parseCOAXml called for file: 246. D25E43.XML, content length: 8424
Starting parsing.. Size: 8449
Using xml2js for smaller file
parseCOAXml called for file: 246. D26C22_GENFOUR-DX EYE DROPS 25ML PS.XML, content length: 18367
Starting parsing.. Size: 18394
Using xml2js for smaller file
parseCOAXml called for file: 246. PS24090.XML, content length: 7865
Starting parsing.. Size: 7890
Using xml2js for smaller file
parseCOAXml called for file: 246. PS25063.XML, content length: 17766
Starting parsing.. Size: 17793
Using xml2js for smaller file
parseCOAXml called for file: 247. 5F01.XML, content length: 7338
Starting parsing.. Size: 7363
Using xml2js for smaller file
parseCOAXml called for file: 247. CMA106.XML, content length: 22513
Starting parsing.. Size: 22540
Using xml2js for smaller file
parseCOAXml called for file: 247. D24F25.XML, content length: 8664
Starting parsing.. Size: 8689
Using xml2js for smaller file
parseCOAXml called for file: 247. D25E07.XML, content length: 19342
Starting parsing.. Size: 19369
Using xml2js for smaller file
parseCOAXml called for file: 247. D26C22_ASPIMOX-D EYE DROPS 5ML.XML, content length: 18322
Starting parsing.. Size: 18349
Using xml2js for smaller file
parseCOAXml called for file: 247. I443.XML, content length: 7245
Starting parsing.. Size: 7270
Using xml2js for smaller file
parseCOAXml called for file: 248. B5F01.XML, content length: 6766
Starting parsing.. Size: 6791
Using xml2js for smaller file
parseCOAXml called for file: 248. CMA107.XML, content length: 22516
Starting parsing.. Size: 22543
Using xml2js for smaller file
parseCOAXml called for file: 248. D24F26.XML, content length: 8731
Starting parsing.. Size: 8756
Using xml2js for smaller file
parseCOAXml called for file: 248. D25E07.XML, content length: 19341
Starting parsing.. Size: 19368
Using xml2js for smaller file
parseCOAXml called for file: 248. D26C22_MOXFLOX-DX EYE DROPS 5ML.XML, content length: 18374
Starting parsing.. Size: 18401
Using xml2js for smaller file
parseCOAXml called for file: 248. PS26024.XML, content length: 7747
Starting parsing.. Size: 7772
Using xml2js for smaller file
parseCOAXml called for file: 249. CMA108.XML, content length: 22516
Starting parsing.. Size: 22543
Using xml2js for smaller file
parseCOAXml called for file: 249. D25E07.XML, content length: 19353
Starting parsing.. Size: 19380
Using xml2js for smaller file
parseCOAXml called for file: 249. D26C22_MOXICON-DX EYE DROPS 10ML.XML, content length: 18325
Starting parsing.. Size: 18352
Using xml2js for smaller file
parseCOAXml called for file: 249. HI24F01.XML, content length: 5579
Starting parsing.. Size: 5604
Using xml2js for smaller file
parseCOAXml called for file: 249. N25F01.XML, content length: 9774
Starting parsing.. Size: 9799
Using xml2js for smaller file
parseCOAXml called for file: 249. PS26025.XML, content length: 7747
Starting parsing.. Size: 7772
Using xml2js for smaller file
parseCOAXml called for file: 25. 4A07.XML, content length: 16035
Starting parsing.. Size: 16072
Using xml2js for smaller file
parseCOAXml called for file: 25. 6B02.XML, content length: 17079
Starting parsing.. Size: 17106
Using xml2js for smaller file
parseCOAXml called for file: 25. 6D04.XML, content length: 7300
Starting parsing.. Size: 7325
Using xml2js for smaller file
parseCOAXml called for file: 25. D24D10.XML, content length: 9785
Starting parsing.. Size: 9810
Using xml2js for smaller file
parseCOAXml called for file: 25. D25L25.XML, content length: 22888
Starting parsing.. Size: 22921
Using xml2js for smaller file
parseCOAXml called for file: 25. N25D29 copy.XML, content length: 16164
Starting parsing.. Size: 16191
Using xml2js for smaller file
parseCOAXml called for file: 25. N25D29.XML, content length: 9441
Starting parsing.. Size: 9466
Using xml2js for smaller file
parseCOAXml called for file: 25. N25L18.XML, content length: 8861
Starting parsing.. Size: 8886
Using xml2js for smaller file
parseCOAXml called for file: 25. PS25220.XML, content length: 17766
Starting parsing.. Size: 17793
Using xml2js for smaller file
parseCOAXml called for file: 25. RI528.XML, content length: 8484
Starting parsing.. Size: 8509
Using xml2js for smaller file
parseCOAXml called for file: 250. 5F02.XML, content length: 7496
Starting parsing.. Size: 7521
Using xml2js for smaller file
parseCOAXml called for file: 250. CMA109.XML, content length: 22515
Starting parsing.. Size: 22542
Using xml2js for smaller file
parseCOAXml called for file: 250. D24F27.XML, content length: 9755
Starting parsing.. Size: 9780
Using xml2js for smaller file
parseCOAXml called for file: 250. D25E07.XML, content length: 33506
Starting parsing.. Size: 33533
Using xml2js for smaller file
parseCOAXml called for file: 250. D26C01.XML, content length: 9850
Starting parsing.. Size: 9875
Using xml2js for smaller file
parseCOAXml called for file: 250. D26C23_OLIDROPS EYE DROPS 5ML.XML, content length: 17318
Starting parsing.. Size: 17345
Using xml2js for smaller file
parseCOAXml called for file: 251. CMA110.XML, content length: 22513
Starting parsing.. Size: 22540
Using xml2js for smaller file
parseCOAXml called for file: 251. D24F28.XML, content length: 9755
Starting parsing.. Size: 9780
Using xml2js for smaller file
parseCOAXml called for file: 251. D25F02.XML, content length: 8652
Starting parsing.. Size: 8677
Using xml2js for smaller file
parseCOAXml called for file: 251. D26C02.XML, content length: 8342
Starting parsing.. Size: 8367
Using xml2js for smaller file
parseCOAXml called for file: 251. D26C23_MOXICON EYE DROPS 5ML.XML, content length: 33562
Starting parsing.. Size: 33589
Using xml2js for smaller file
parseCOAXml called for file: 251. I377.XML, content length: 19393
Starting parsing.. Size: 19420
Using xml2js for smaller file
parseCOAXml called for file: 252. CMA111.XML, content length: 22576
Starting parsing.. Size: 22603
Using xml2js for smaller file
parseCOAXml called for file: 252. D26C24.XML, content length: 17885
Starting parsing.. Size: 17916
Using xml2js for smaller file
  ...3250 COA files processed (created 3238)
parseCOAXml called for file: 252. I444.XML, content length: 7244
Starting parsing.. Size: 7269
Using xml2js for smaller file
parseCOAXml called for file: 252. IS0024F.XML, content length: 12396
Starting parsing.. Size: 12423
Using xml2js for smaller file
parseCOAXml called for file: 252. N25E06.XML, content length: 13771
Starting parsing.. Size: 13798
Using xml2js for smaller file
parseCOAXml called for file: 252. N25F02.XML, content length: 9639
Starting parsing.. Size: 9664
Using xml2js for smaller file
parseCOAXml called for file: 253. 5F03.XML, content length: 9579
Starting parsing.. Size: 9604
Using xml2js for smaller file
parseCOAXml called for file: 253. CMA112.XML, content length: 22504
Starting parsing.. Size: 22531
Using xml2js for smaller file
parseCOAXml called for file: 253. D24F29.XML, content length: 9511
Starting parsing.. Size: 9536
Using xml2js for smaller file
parseCOAXml called for file: 253. D26C25.XML, content length: 23425
Starting parsing.. Size: 23452
Using xml2js for smaller file
parseCOAXml called for file: 253. N26C02.XML, content length: 8863
Starting parsing.. Size: 8888
Using xml2js for smaller file
parseCOAXml called for file: 253. PS25064.XML, content length: 17766
Starting parsing.. Size: 17793
Using xml2js for smaller file
parseCOAXml called for file: 254. CMA113.XML, content length: 22519
Starting parsing.. Size: 22546
Using xml2js for smaller file
parseCOAXml called for file: 254. D25E06.XML, content length: 18335
Starting parsing.. Size: 18362
Using xml2js for smaller file
parseCOAXml called for file: 254. D26C26_DEW COMFORT EYE DROPS 10ML.XML, content length: 19280
Starting parsing.. Size: 19307
Using xml2js for smaller file
parseCOAXml called for file: 254. PS24091.XML, content length: 7865
Starting parsing.. Size: 7890
Using xml2js for smaller file
parseCOAXml called for file: 254. PS26026.XML, content length: 7747
Starting parsing.. Size: 7772
Using xml2js for smaller file
parseCOAXml called for file: 255. CMA114.XML, content length: 22519
Starting parsing.. Size: 22546
Using xml2js for smaller file
parseCOAXml called for file: 255. D24F30.XML, content length: 8658
Starting parsing.. Size: 8683
Using xml2js for smaller file
parseCOAXml called for file: 255. D25E08.XML, content length: 18324
Starting parsing.. Size: 18351
Using xml2js for smaller file
parseCOAXml called for file: 255. D25F03.XML, content length: 8684
Starting parsing.. Size: 8709
Using xml2js for smaller file
parseCOAXml called for file: 255. D26C03.XML, content length: 10782
Starting parsing.. Size: 10809
Using xml2js for smaller file
parseCOAXml called for file: 255. D26C26_SCIFRESH EYE DROPS 10ML.XML, content length: 19355
Starting parsing.. Size: 19382
Using xml2js for smaller file
parseCOAXml called for file: 255. L1825006.XML, content length: 5444
Starting parsing.. Size: 5469
Using xml2js for smaller file
parseCOAXml called for file: 256. CMA115.XML, content length: 22520
Starting parsing.. Size: 22547
Using xml2js for smaller file
parseCOAXml called for file: 256. D26C26_OLITEARS EYE DROPS 10ML.XML, content length: 19338
Starting parsing.. Size: 19365
Using xml2js for smaller file
parseCOAXml called for file: 256. I378.XML, content length: 19393
Starting parsing.. Size: 19420
Using xml2js for smaller file
parseCOAXml called for file: 256. I445.XML, content length: 8334
Starting parsing.. Size: 8359
Using xml2js for smaller file
parseCOAXml called for file: 256. N24F20.XML, content length: 8587
Starting parsing.. Size: 8612
Using xml2js for smaller file
parseCOAXml called for file: 256. N25F03.XML, content length: 9638
Starting parsing.. Size: 9663
Using xml2js for smaller file
parseCOAXml called for file: 257. 5F04.XML, content length: 9581
Starting parsing.. Size: 9606
Using xml2js for smaller file
parseCOAXml called for file: 257. CMA116.XML, content length: 22369
Starting parsing.. Size: 22396
Using xml2js for smaller file
parseCOAXml called for file: 257. D26C27_SCIFRESH EYE DROPS 10ML.XML, content length: 19352
Starting parsing.. Size: 19379
Using xml2js for smaller file
parseCOAXml called for file: 257. N25E07.XML, content length: 16963
Starting parsing.. Size: 16990
Using xml2js for smaller file
parseCOAXml called for file: 257. N26C03.XML, content length: 9702
Starting parsing.. Size: 9727
Using xml2js for smaller file
parseCOAXml called for file: 257. PS24092.XML, content length: 7865
Starting parsing.. Size: 7890
Using xml2js for smaller file
parseCOAXml called for file: 258. CMA117.XML, content length: 22517
Starting parsing.. Size: 22544
Using xml2js for smaller file
parseCOAXml called for file: 258. D24F31.XML, content length: 8649
Starting parsing.. Size: 8674
Using xml2js for smaller file
parseCOAXml called for file: 258. D25F04.XML, content length: 8424
Starting parsing.. Size: 8449
Using xml2js for smaller file
parseCOAXml called for file: 258. D26C27_LUBRISKY EYE DROPS 10ML.XML, content length: 19339
Starting parsing.. Size: 19366
Using xml2js for smaller file
parseCOAXml called for file: 258. PS25065.XML, content length: 17766
Starting parsing.. Size: 17793
Using xml2js for smaller file
parseCOAXml called for file: 258. PS26027.XML, content length: 7747
Starting parsing.. Size: 7772
Using xml2js for smaller file
parseCOAXml called for file: 259. CMA118.XML, content length: 22515
Starting parsing.. Size: 22542
Using xml2js for smaller file
parseCOAXml called for file: 259. D25F05.XML, content length: 8860
Starting parsing.. Size: 8885
Using xml2js for smaller file
parseCOAXml called for file: 259. D26C27_RICHARGE EYE DROPS 10ML.XML, content length: 19335
Starting parsing.. Size: 19362
Using xml2js for smaller file
parseCOAXml called for file: 259. N24F21.XML, content length: 8586
Starting parsing.. Size: 8611
Using xml2js for smaller file
parseCOAXml called for file: 259. PS25066.XML, content length: 17768
Starting parsing.. Size: 17795
Using xml2js for smaller file
parseCOAXml called for file: 259. PS26028.XML, content length: 7747
Starting parsing.. Size: 7772
Using xml2js for smaller file
parseCOAXml called for file: 26. 4A08.XML, content length: 17554
Starting parsing.. Size: 17591
Using xml2js for smaller file
parseCOAXml called for file: 26. 6B04.XML, content length: 18614
Starting parsing.. Size: 18653
Using xml2js for smaller file
parseCOAXml called for file: 26. A044.XML, content length: 7235
Starting parsing.. Size: 7260
Using xml2js for smaller file
parseCOAXml called for file: 26. D25D34 copy.XML, content length: 18068
Starting parsing.. Size: 18095
Using xml2js for smaller file
parseCOAXml called for file: 26. D25D34.XML, content length: 9446
Starting parsing.. Size: 9471
Using xml2js for smaller file
parseCOAXml called for file: 26. D25L25.XML, content length: 22885
Starting parsing.. Size: 22918
Using xml2js for smaller file
parseCOAXml called for file: 26. D26D06.XML, content length: 8450
Starting parsing.. Size: 8475
Using xml2js for smaller file
parseCOAXml called for file: 26. N24D05.XML, content length: 8430
Starting parsing.. Size: 8455
Using xml2js for smaller file
parseCOAXml called for file: 26. N25L31.XML, content length: 18259
Starting parsing.. Size: 18286
Using xml2js for smaller file
parseCOAXml called for file: 26. RI529.XML, content length: 8486
Starting parsing.. Size: 8511
Using xml2js for smaller file
parseCOAXml called for file: 260. 5E07.XML, content length: 16363
Starting parsing.. Size: 16400
Using xml2js for smaller file
parseCOAXml called for file: 260. CMA119.XML, content length: 22518
Starting parsing.. Size: 22545
Using xml2js for smaller file
parseCOAXml called for file: 260. D26C04.XML, content length: 8604
Starting parsing.. Size: 8629
Using xml2js for smaller file
parseCOAXml called for file: 260. D26C28.XML, content length: 33528
Starting parsing.. Size: 33555
Using xml2js for smaller file
parseCOAXml called for file: 260. N25F04.XML, content length: 9638
Starting parsing.. Size: 9663
Using xml2js for smaller file
parseCOAXml called for file: 260. PS24093.XML, content length: 7865
Starting parsing.. Size: 7890
Using xml2js for smaller file
parseCOAXml called for file: 261. 5F05.XML, content length: 9581
Starting parsing.. Size: 9606
Using xml2js for smaller file
parseCOAXml called for file: 261. CMA120.XML, content length: 22577
Starting parsing.. Size: 22604
Using xml2js for smaller file
parseCOAXml called for file: 261. D25E09.XML, content length: 19331
Starting parsing.. Size: 19364
Using xml2js for smaller file
parseCOAXml called for file: 261. D26C05.XML, content length: 8654
Starting parsing.. Size: 8679
Using xml2js for smaller file
parseCOAXml called for file: 261. D26C29.XML, content length: 33517
Starting parsing.. Size: 33544
Using xml2js for smaller file
parseCOAXml called for file: 261. PS24094.XML, content length: 7865
Starting parsing.. Size: 7890
Using xml2js for smaller file
parseCOAXml called for file: 262. CMA121.XML, content length: 22516
Starting parsing.. Size: 22543
Using xml2js for smaller file
parseCOAXml called for file: 262. D24F32.XML, content length: 9549
Starting parsing.. Size: 9574
Using xml2js for smaller file
parseCOAXml called for file: 262. D25F06.XML, content length: 10150
Starting parsing.. Size: 10175
Using xml2js for smaller file
parseCOAXml called for file: 262. D26C30_SCIFRESH GEL EYE DROPS 10ML.XML, content length: 19174
Starting parsing.. Size: 19201
Using xml2js for smaller file
parseCOAXml called for file: 262. I446.XML, content length: 7346
Starting parsing.. Size: 7371
Using xml2js for smaller file
parseCOAXml called for file: 262. N25E08.XML, content length: 18376
Starting parsing.. Size: 18403
Using xml2js for smaller file
parseCOAXml called for file: 263. CMA122.XML, content length: 22514
Starting parsing.. Size: 22541
Using xml2js for smaller file
parseCOAXml called for file: 263. D26C30_RICHARGE GEL EYE DROPS 10ML.XML, content length: 19344
Starting parsing.. Size: 19371
Using xml2js for smaller file
parseCOAXml called for file: 263. N24F22.XML, content length: 8430
Starting parsing.. Size: 8455
Using xml2js for smaller file
parseCOAXml called for file: 263. N25F05.XML, content length: 9615
Starting parsing.. Size: 9640
Using xml2js for smaller file
parseCOAXml called for file: 263. N26C04.XML, content length: 8863
Starting parsing.. Size: 8888
Using xml2js for smaller file
parseCOAXml called for file: 263. PS25067.XML, content length: 17766
Starting parsing.. Size: 17793
Using xml2js for smaller file
parseCOAXml called for file: 264. CMA123.XML, content length: 22517
Starting parsing.. Size: 22544
Using xml2js for smaller file
parseCOAXml called for file: 264. D25E10.XML, content length: 19350
Starting parsing.. Size: 19383
Using xml2js for smaller file
parseCOAXml called for file: 264. D26C30_OLITEARS DS EYE DROPS 10ML.XML, content length: 19347
Starting parsing.. Size: 19374
Using xml2js for smaller file
parseCOAXml called for file: 264. PS24095.XML, content length: 7865
Starting parsing.. Size: 7890
Using xml2js for smaller file
parseCOAXml called for file: 264. PS25074.XML, content length: 7747
Starting parsing.. Size: 7772
Using xml2js for smaller file
parseCOAXml called for file: 264. PS26029.XML, content length: 7747
Starting parsing.. Size: 7772
Using xml2js for smaller file
parseCOAXml called for file: 265. 5F06.XML, content length: 7262
Starting parsing.. Size: 7287
Using xml2js for smaller file
parseCOAXml called for file: 265. CMA124.XML, content length: 22516
Starting parsing.. Size: 22543
Using xml2js for smaller file
parseCOAXml called for file: 265. D24F35.XML, content length: 10861
Starting parsing.. Size: 10888
Using xml2js for smaller file
parseCOAXml called for file: 265. D25E10.XML, content length: 19328
Starting parsing.. Size: 19361
Using xml2js for smaller file
parseCOAXml called for file: 265. D26C31.XML, content length: 19406
Starting parsing.. Size: 19433
Using xml2js for smaller file
parseCOAXml called for file: 265. PS26030.XML, content length: 7747
Starting parsing.. Size: 7772
Using xml2js for smaller file
parseCOAXml called for file: 266. CMA125.XML, content length: 22517
Starting parsing.. Size: 22544
Using xml2js for smaller file
parseCOAXml called for file: 266. D25E11.XML, content length: 19355
Starting parsing.. Size: 19388
Using xml2js for smaller file
parseCOAXml called for file: 266. D25F08.XML, content length: 8580
Starting parsing.. Size: 8605
Using xml2js for smaller file
parseCOAXml called for file: 266. D26C06.XML, content length: 8653
Starting parsing.. Size: 8678
Using xml2js for smaller file
parseCOAXml called for file: 266. D26C32.XML, content length: 19406
Starting parsing.. Size: 19433
Using xml2js for smaller file
parseCOAXml called for file: 266. N24F23.XML, content length: 8350
Starting parsing.. Size: 8375
Using xml2js for smaller file
parseCOAXml called for file: 267. CMA126.XML, content length: 22516
Starting parsing.. Size: 22543
Using xml2js for smaller file
parseCOAXml called for file: 267. D26C33_OLOBLIZZ EYE DROPS 5ML.XML, content length: 18449
Starting parsing.. Size: 18476
Using xml2js for smaller file
parseCOAXml called for file: 267. I447.XML, content length: 8334
Starting parsing.. Size: 8359
Using xml2js for smaller file
parseCOAXml called for file: 267. N25E09.XML, content length: 18383
Starting parsing.. Size: 18410
Using xml2js for smaller file
parseCOAXml called for file: 267. N25F06.XML, content length: 9846
Starting parsing.. Size: 9871
Using xml2js for smaller file
parseCOAXml called for file: 267. PS25075.XML, content length: 7747
Starting parsing.. Size: 7772
Using xml2js for smaller file
parseCOAXml called for file: 267.PS24096.XML, content length: 7865
Starting parsing.. Size: 7890
Using xml2js for smaller file
parseCOAXml called for file: 268. CMA127.XML, content length: 22517
Starting parsing.. Size: 22544
Using xml2js for smaller file
parseCOAXml called for file: 268. D25E12.XML, content length: 22016
Starting parsing.. Size: 22043
Using xml2js for smaller file
parseCOAXml called for file: 268. D26C33_OLOSOFT EYE DROPS 5ML.XML, content length: 19611
Starting parsing.. Size: 19638
Using xml2js for smaller file
parseCOAXml called for file: 268. PS24097.XML, content length: 7865
Starting parsing.. Size: 7890
Using xml2js for smaller file
parseCOAXml called for file: 268. PS26031.XML, content length: 7747
Starting parsing.. Size: 7772
Using xml2js for smaller file
parseCOAXml called for file: 269. 25AM06.XML, content length: 9845
Starting parsing.. Size: 9870
Using xml2js for smaller file
parseCOAXml called for file: 269. A040.XML, content length: 7258
Starting parsing.. Size: 7283
Using xml2js for smaller file
parseCOAXml called for file: 269. CMA128.XML, content length: 22608
Starting parsing.. Size: 22635
Using xml2js for smaller file
parseCOAXml called for file: 269. D26C07.XML, content length: 8642
Starting parsing.. Size: 8667
Using xml2js for smaller file
parseCOAXml called for file: 269. D26C33_IO-PAT EYE DROPS 5ML.XML, content length: 34285
Starting parsing.. Size: 34312
Using xml2js for smaller file
parseCOAXml called for file: 269. N25E10.XML, content length: 19630
Starting parsing.. Size: 19657
Using xml2js for smaller file
parseCOAXml called for file: 27. 4A09.XML, content length: 17567
Starting parsing.. Size: 17604
Using xml2js for smaller file
parseCOAXml called for file: 27. 5L19.XML, content length: 9581
Starting parsing.. Size: 9606
Using xml2js for smaller file
parseCOAXml called for file: 27. 6B05.XML, content length: 21080
Starting parsing.. Size: 21117
Using xml2js for smaller file
parseCOAXml called for file: 27. D25L25.XML, content length: 22883
Starting parsing.. Size: 22916
Using xml2js for smaller file
parseCOAXml called for file: 27. D25L27.XML, content length: 8615
Starting parsing.. Size: 8640
Using xml2js for smaller file
parseCOAXml called for file: 27. D26D07.XML, content length: 9539
Starting parsing.. Size: 9564
Using xml2js for smaller file
parseCOAXml called for file: 27. N25D35 copy.XML, content length: 15939
Starting parsing.. Size: 15966
Using xml2js for smaller file
parseCOAXml called for file: 27. N25D35.XML, content length: 8331
Starting parsing.. Size: 8356
Using xml2js for smaller file
parseCOAXml called for file: 27. PS24058.XML, content length: 7866
Starting parsing.. Size: 7891
Using xml2js for smaller file
parseCOAXml called for file: 27. RI527.XML, content length: 14601
Starting parsing.. Size: 14628
Using xml2js for smaller file
parseCOAXml called for file: 270. CMA129.XML, content length: 22546
Starting parsing.. Size: 22573
Using xml2js for smaller file
parseCOAXml called for file: 270. D24G01.XML, content length: 8642
Starting parsing.. Size: 8667
Using xml2js for smaller file
parseCOAXml called for file: 270. D25F09.XML, content length: 8539
Starting parsing.. Size: 8564
Using xml2js for smaller file
parseCOAXml called for file: 270. D26C33_IO-PAT EYE DROPS 5ML(OLYMPEA).XML, content length: 22104
Starting parsing.. Size: 22131
Using xml2js for smaller file
parseCOAXml called for file: 270. I448.XML, content length: 7345
Starting parsing.. Size: 7370
Using xml2js for smaller file
parseCOAXml called for file: 270. N25E10.XML, content length: 19627
Starting parsing.. Size: 19654
Using xml2js for smaller file
parseCOAXml called for file: 271. CMA130.XML, content length: 22546
Starting parsing.. Size: 22573
Using xml2js for smaller file
parseCOAXml called for file: 271. D24G02.XML, content length: 9572
Starting parsing.. Size: 9597
Using xml2js for smaller file
parseCOAXml called for file: 271. D25F10.XML, content length: 8540
Starting parsing.. Size: 8565
Using xml2js for smaller file
parseCOAXml called for file: 271. D26C34.XML, content length: 16761
Starting parsing.. Size: 16788
Using xml2js for smaller file
parseCOAXml called for file: 271. N26C05.XML, content length: 9802
Starting parsing.. Size: 9827
Using xml2js for smaller file
parseCOAXml called for file: 271. PS25068.XML, content length: 17766
Starting parsing.. Size: 17793
Using xml2js for smaller file
parseCOAXml called for file: 272. CMA131.XML, content length: 22547
Starting parsing.. Size: 22574
Using xml2js for smaller file
parseCOAXml called for file: 272. D26C35.XML, content length: 16763
Starting parsing.. Size: 16790
Using xml2js for smaller file
parseCOAXml called for file: 272. N24G01.XML, content length: 8532
Starting parsing.. Size: 8557
Using xml2js for smaller file
parseCOAXml called for file: 272. PS25069.XML, content length: 17767
Starting parsing.. Size: 17794
Using xml2js for smaller file
parseCOAXml called for file: 272. PS25076.XML, content length: 7747
Starting parsing.. Size: 7772
Using xml2js for smaller file
parseCOAXml called for file: 272. PS26032.XML, content length: 7747
Starting parsing.. Size: 7772
Using xml2js for smaller file
parseCOAXml called for file: 273. CMA132.XML, content length: 22546
Starting parsing.. Size: 22573
Using xml2js for smaller file
parseCOAXml called for file: 273. D25E13.XML, content length: 19498
Starting parsing.. Size: 19531
Using xml2js for smaller file
parseCOAXml called for file: 273. D26C36_SOHYL EYE DROPS 10ML.XML, content length: 15915
Starting parsing.. Size: 15942
Using xml2js for smaller file
parseCOAXml called for file: 273. N24G02.XML, content length: 8610
Starting parsing.. Size: 8635
Using xml2js for smaller file
parseCOAXml called for file: 273. PS25077.XML, content length: 7747
Starting parsing.. Size: 7772
Using xml2js for smaller file
parseCOAXml called for file: 273. PS26033.XML, content length: 7747
Starting parsing.. Size: 7772
Using xml2js for smaller file
parseCOAXml called for file: 274. 5F08.XML, content length: 9581
Starting parsing.. Size: 9606
Using xml2js for smaller file
parseCOAXml called for file: 274. 6C02.XML, content length: 8269
Starting parsing.. Size: 8294
Using xml2js for smaller file
parseCOAXml called for file: 274. CMA133.XML, content length: 22544
Starting parsing.. Size: 22571
Using xml2js for smaller file
parseCOAXml called for file: 274. D25E13.XML, content length: 19487
Starting parsing.. Size: 19520
Using xml2js for smaller file
parseCOAXml called for file: 274. D26C36_HYLOFRESH MINI EYE DROPS 5ML.XML, content length: 15930
Starting parsing.. Size: 15957
Using xml2js for smaller file
parseCOAXml called for file: 274. PS24098.XML, content length: 7870
Starting parsing.. Size: 7895
Using xml2js for smaller file
parseCOAXml called for file: 275. 4G01.XML, content length: 7412
Starting parsing.. Size: 7437
Using xml2js for smaller file
parseCOAXml called for file: 275. CMA134.XML, content length: 22603
Starting parsing.. Size: 22630
Using xml2js for smaller file
parseCOAXml called for file: 275. D25E13.XML, content length: 19528
Starting parsing.. Size: 19561
Using xml2js for smaller file
parseCOAXml called for file: 275. D25F12.XML, content length: 8622
Starting parsing.. Size: 8647
Using xml2js for smaller file
parseCOAXml called for file: 275. D26C08.XML, content length: 8466
Starting parsing.. Size: 8491
Using xml2js for smaller file
parseCOAXml called for file: 275. D26D01_SCIGAT EYE DROPS 5ML.XML, content length: 15852
Starting parsing.. Size: 15879
Using xml2js for smaller file
parseCOAXml called for file: 276. AI068.XML, content length: 5550
Starting parsing.. Size: 5575
Using xml2js for smaller file
parseCOAXml called for file: 276. CMA135.XML, content length: 22545
Starting parsing.. Size: 22572
Using xml2js for smaller file
parseCOAXml called for file: 276. D26C09.XML, content length: 8465
Starting parsing.. Size: 8490
Using xml2js for smaller file
parseCOAXml called for file: 276. D26D01_GATICON-HS EYE DROPS 5ML.XML, content length: 15838
Starting parsing.. Size: 15865
Using xml2js for smaller file
parseCOAXml called for file: 276. N25E11.XML, content length: 15906
Starting parsing.. Size: 15933
Using xml2js for smaller file
parseCOAXml called for file: 276. PS25078.XML, content length: 7747
Starting parsing.. Size: 7772
Using xml2js for smaller file
parseCOAXml called for file: 277. 5F09.XML, content length: 7496
Starting parsing.. Size: 7521
Using xml2js for smaller file
parseCOAXml called for file: 277. CMA136.XML, content length: 22545
Starting parsing.. Size: 22572
Using xml2js for smaller file
parseCOAXml called for file: 277. D24G03.XML, content length: 8443
Starting parsing.. Size: 8468
Using xml2js for smaller file
parseCOAXml called for file: 277. D26D02_KATEGOR OPHTHA 5ML.XML, content length: 15914
Starting parsing.. Size: 15941
Using xml2js for smaller file
parseCOAXml called for file: 277. N25E11.XML, content length: 15922
Starting parsing.. Size: 15949
Using xml2js for smaller file
parseCOAXml called for file: 277. N26C06.XML, content length: 9802
Starting parsing.. Size: 9827
Using xml2js for smaller file
parseCOAXml called for file: 278. CMA137.XML, content length: 22546
Starting parsing.. Size: 22573
Using xml2js for smaller file
parseCOAXml called for file: 278. D25F13.XML, content length: 8431
Starting parsing.. Size: 8456
Using xml2js for smaller file
parseCOAXml called for file: 278. D26D02_KET VISION 5ML.XML, content length: 15920
Starting parsing.. Size: 15947
Using xml2js for smaller file
parseCOAXml called for file: 278. N25E11.XML, content length: 15915
Starting parsing.. Size: 15942
Using xml2js for smaller file
parseCOAXml called for file: 278. PS26034.XML, content length: 7747
Starting parsing.. Size: 7772
Using xml2js for smaller file
parseCOAXml called for file: 278.N24G03.XML, content length: 8589
Starting parsing.. Size: 8614
Using xml2js for smaller file
parseCOAXml called for file: 279. CMA138.XML, content length: 22547
Starting parsing.. Size: 22574
Using xml2js for smaller file
parseCOAXml called for file: 279. D26D03.XML, content length: 21729
Starting parsing.. Size: 21764
Using xml2js for smaller file
parseCOAXml called for file: 279. N24G04.XML, content length: 8589
Starting parsing.. Size: 8614
Using xml2js for smaller file
parseCOAXml called for file: 279. N25F09.XML, content length: 8857
Starting parsing.. Size: 8882
Using xml2js for smaller file
parseCOAXml called for file: 279. PS25070.XML, content length: 17767
Starting parsing.. Size: 17794
Using xml2js for smaller file
parseCOAXml called for file: 279. PS26035.XML, content length: 7747
Starting parsing.. Size: 7772
Using xml2js for smaller file
parseCOAXml called for file: 28. 4A09 ps.XML, content length: 17578
Starting parsing.. Size: 17615
Using xml2js for smaller file
parseCOAXml called for file: 28. 5L18.XML, content length: 17042
Starting parsing.. Size: 17069
Using xml2js for smaller file
parseCOAXml called for file: 28. 6B06.XML, content length: 17040
Starting parsing.. Size: 17067
Using xml2js for smaller file
parseCOAXml called for file: 28. D24D11.XML, content length: 8889
Starting parsing.. Size: 8914
Using xml2js for smaller file
parseCOAXml called for file: 28. N25E05 copy.XML, content length: 17138
Starting parsing.. Size: 17165
Using xml2js for smaller file
parseCOAXml called for file: 28. N25E05.XML, content length: 8368
Starting parsing.. Size: 8393
Using xml2js for smaller file
parseCOAXml called for file: 28. N25L17.XML, content length: 17310
Starting parsing.. Size: 17337
Using xml2js for smaller file
parseCOAXml called for file: 28. N25L20.XML, content length: 8734
Starting parsing.. Size: 8759
Using xml2js for smaller file
parseCOAXml called for file: 28. N25L33.XML, content length: 8659
Starting parsing.. Size: 8684
Using xml2js for smaller file
parseCOAXml called for file: 28. N26D07.XML, content length: 8404
Starting parsing.. Size: 8429
Using xml2js for smaller file
parseCOAXml called for file: 280. 6C03.XML, content length: 7339
Starting parsing.. Size: 7364
Using xml2js for smaller file
parseCOAXml called for file: 280. CMA139.XML, content length: 22546
Starting parsing.. Size: 22573
Using xml2js for smaller file
parseCOAXml called for file: 280. D24G04.XML, content length: 8739
Starting parsing.. Size: 8764
Using xml2js for smaller file
parseCOAXml called for file: 280. D26D04.XML, content length: 22479
Starting parsing.. Size: 22506
Using xml2js for smaller file
parseCOAXml called for file: 280. PS25071.XML, content length: 17767
Starting parsing.. Size: 17794
Using xml2js for smaller file
parseCOAXml called for file: 280. PS25079.XML, content length: 7747
Starting parsing.. Size: 7772
Using xml2js for smaller file
parseCOAXml called for file: 281. CMA140.XML, content length: 22610
Starting parsing.. Size: 22637
Using xml2js for smaller file
parseCOAXml called for file: 281. D24G05.XML, content length: 8739
Starting parsing.. Size: 8764
Using xml2js for smaller file
parseCOAXml called for file: 281. D25E14.XML, content length: 33575
Starting parsing.. Size: 33602
Using xml2js for smaller file
parseCOAXml called for file: 281. D26C10.XML, content length: 8460
Starting parsing.. Size: 8485
Using xml2js for smaller file
parseCOAXml called for file: 281. D26D05_VALMOX-DX EYE DROPS 10ML.XML, content length: 18292
Starting parsing.. Size: 18319
Using xml2js for smaller file
parseCOAXml called for file: 281. PS25080.XML, content length: 7747
Starting parsing.. Size: 7772
Using xml2js for smaller file
parseCOAXml called for file: 282. 5F10.XML, content length: 7495
Starting parsing.. Size: 7520
Using xml2js for smaller file
parseCOAXml called for file: 282. CMA141.XML, content length: 22547
Starting parsing.. Size: 22574
Using xml2js for smaller file
parseCOAXml called for file: 282. D25E15.XML, content length: 15928
Starting parsing.. Size: 15955
Using xml2js for smaller file
parseCOAXml called for file: 282. D26C11.XML, content length: 8428
Starting parsing.. Size: 8453
Using xml2js for smaller file
parseCOAXml called for file: 282. D26D05_VERIMOX-D EYE DROPS 5ML.XML, content length: 18321
Starting parsing.. Size: 18348
Using xml2js for smaller file
parseCOAXml called for file: 282. PS24099.XML, content length: 7865
Starting parsing.. Size: 7890
Using xml2js for smaller file
parseCOAXml called for file: 283. CMA142.XML, content length: 22599
Starting parsing.. Size: 22626
Using xml2js for smaller file
parseCOAXml called for file: 283. D24G07.XML, content length: 9472
Starting parsing.. Size: 9497
Using xml2js for smaller file
parseCOAXml called for file: 283. D25E15.XML, content length: 15911
Starting parsing.. Size: 15938
Using xml2js for smaller file
parseCOAXml called for file: 283. D25F15.XML, content length: 8712
Starting parsing.. Size: 8737
Using xml2js for smaller file
parseCOAXml called for file: 283. D26D05_IO-MOX DX EYE DROPS 5ML.XML, content length: 18321
Starting parsing.. Size: 18348
Using xml2js for smaller file
parseCOAXml called for file: 283. N26C07.XML, content length: 10629
Starting parsing.. Size: 10654
Using xml2js for smaller file
parseCOAXml called for file: 284. 6C04.XML, content length: 7338
Starting parsing.. Size: 7363
Using xml2js for smaller file
parseCOAXml called for file: 284. CMA143.XML, content length: 22409
Starting parsing.. Size: 22436
Using xml2js for smaller file
parseCOAXml called for file: 284. D26D05_DEXACUBE M EYE DROPS 5ML.XML, content length: 18340
Starting parsing.. Size: 18367
Using xml2js for smaller file
parseCOAXml called for file: 284. E5E01.XML, content length: 15826
Starting parsing.. Size: 15853
Using xml2js for smaller file
parseCOAXml called for file: 284. E5F01.XML, content length: 8264
Starting parsing.. Size: 8289
Using xml2js for smaller file
parseCOAXml called for file: 284.I343.XML, content length: 7353
Starting parsing.. Size: 7378
Using xml2js for smaller file
parseCOAXml called for file: 285. AI081.XML, content length: 5522
Starting parsing.. Size: 5547
Using xml2js for smaller file
parseCOAXml called for file: 285. CMA144.XML, content length: 22546
Starting parsing.. Size: 22573
Using xml2js for smaller file
parseCOAXml called for file: 285. D26D05_MOXISKY-D EYE DROPS 10ML.XML, content length: 18327
Starting parsing.. Size: 18354
Using xml2js for smaller file
parseCOAXml called for file: 285. N24G05.XML, content length: 8589
Starting parsing.. Size: 8614
Using xml2js for smaller file
parseCOAXml called for file: 285. N25E12.XML, content length: 19092
Starting parsing.. Size: 19125
Using xml2js for smaller file
parseCOAXml called for file: 285. N25F10.XML, content length: 8700
Starting parsing.. Size: 8725
Using xml2js for smaller file
parseCOAXml called for file: 286. 5F11.XML, content length: 7478
Starting parsing.. Size: 7503
Using xml2js for smaller file
parseCOAXml called for file: 286. CMA145.XML, content length: 22547
Starting parsing.. Size: 22574
Using xml2js for smaller file
parseCOAXml called for file: 286. D26C12.XML, content length: 8441
Starting parsing.. Size: 8466
Using xml2js for smaller file
parseCOAXml called for file: 286. D26D05_MOXICON-DX EYE DROPS 5ML.XML, content length: 18353
Starting parsing.. Size: 18380
Using xml2js for smaller file
parseCOAXml called for file: 286. PS24100.XML, content length: 7865
Starting parsing.. Size: 7890
Using xml2js for smaller file
parseCOAXml called for file: 286. PS25072.XML, content length: 17766
Starting parsing.. Size: 17793
Using xml2js for smaller file
parseCOAXml called for file: 287. D24A01.XML, content length: 14676
Starting parsing.. Size: 14703
Using xml2js for smaller file
parseCOAXml called for file: 287. D25E16.XML, content length: 19612
Starting parsing.. Size: 19639
Using xml2js for smaller file
parseCOAXml called for file: 287. D25F17.XML, content length: 8604
Starting parsing.. Size: 8629
Using xml2js for smaller file
parseCOAXml called for file: 287. D26C13.XML, content length: 8710
Starting parsing.. Size: 8735
Using xml2js for smaller file
parseCOAXml called for file: 287. D26D06.XML, content length: 15826
Starting parsing.. Size: 15853
Using xml2js for smaller file
parseCOAXml called for file: 287. PS24101.XML, content length: 7865
Starting parsing.. Size: 7890
Using xml2js for smaller file
parseCOAXml called for file: 288. D24A02 hylacon.XML, content length: 16122
Starting parsing.. Size: 16149
Using xml2js for smaller file
parseCOAXml called for file: 288. D24G08.XML, content length: 8454
Starting parsing.. Size: 8479
Using xml2js for smaller file
parseCOAXml called for file: 288. D25E16.XML, content length: 19606
Starting parsing.. Size: 19633
Using xml2js for smaller file
parseCOAXml called for file: 288. D25F18.XML, content length: 9820
Starting parsing.. Size: 9845
Using xml2js for smaller file
parseCOAXml called for file: 288. D26D07.XML, content length: 16766
Starting parsing.. Size: 16793
Using xml2js for smaller file
parseCOAXml called for file: 288. N26C08.XML, content length: 8863
Starting parsing.. Size: 8888
Using xml2js for smaller file
  ...3500 COA files processed (created 3488)
parseCOAXml called for file: 289. 6C05.XML, content length: 8270
Starting parsing.. Size: 8295
Using xml2js for smaller file
parseCOAXml called for file: 289. D24A02 hylofresh.XML, content length: 16138
Starting parsing.. Size: 16165
Using xml2js for smaller file
parseCOAXml called for file: 289. D25E16.XML, content length: 19603
Starting parsing.. Size: 19630
Using xml2js for smaller file
parseCOAXml called for file: 289. E5F02.XML, content length: 8265
Starting parsing.. Size: 8290
Using xml2js for smaller file
parseCOAXml called for file: 289. GP171..XML, content length: 12391
Starting parsing.. Size: 12418
Using xml2js for smaller file
parseCOAXml called for file: 289. I344.XML, content length: 7353
Starting parsing.. Size: 7378
Using xml2js for smaller file
parseCOAXml called for file: 29. 4A10.XML, content length: 21180
Starting parsing.. Size: 21217
Using xml2js for smaller file
parseCOAXml called for file: 29. 5E06 copy.XML, content length: 20148
Starting parsing.. Size: 20185
Using xml2js for smaller file
parseCOAXml called for file: 29. 5E06.XML, content length: 7602
Starting parsing.. Size: 7627
Using xml2js for smaller file
parseCOAXml called for file: 29. 6A01.XML, content length: 7324
Starting parsing.. Size: 7349
Using xml2js for smaller file
parseCOAXml called for file: 29. 6B07.XML, content length: 18616
Starting parsing.. Size: 18655
Using xml2js for smaller file
parseCOAXml called for file: 29. B4D01.XML, content length: 6769
Starting parsing.. Size: 6794
Using xml2js for smaller file
parseCOAXml called for file: 29. N25L17.XML, content length: 23348
Starting parsing.. Size: 23379
Using xml2js for smaller file
parseCOAXml called for file: 29. N25L32.XML, content length: 18262
Starting parsing.. Size: 18289
Using xml2js for smaller file
parseCOAXml called for file: 29. PS25209.XML, content length: 7747
Starting parsing.. Size: 7772
Using xml2js for smaller file
parseCOAXml called for file: 29. PS25223.XML, content length: 7747
Starting parsing.. Size: 7772
Using xml2js for smaller file
parseCOAXml called for file: 290. D24A02 hylowell.XML, content length: 16130
Starting parsing.. Size: 16157
Using xml2js for smaller file
parseCOAXml called for file: 290. D25E16.XML, content length: 19612
Starting parsing.. Size: 19639
Using xml2js for smaller file
parseCOAXml called for file: 290. D26C14.XML, content length: 8697
Starting parsing.. Size: 8722
Using xml2js for smaller file
parseCOAXml called for file: 290. GP172..XML, content length: 12392
Starting parsing.. Size: 12419
Using xml2js for smaller file
parseCOAXml called for file: 290. N24G06.XML, content length: 8588
Starting parsing.. Size: 8613
Using xml2js for smaller file
parseCOAXml called for file: 290. N25F11.XML, content length: 8363
Starting parsing.. Size: 8388
Using xml2js for smaller file
parseCOAXml called for file: 291. D24A03 moxicon gel.XML, content length: 34120
Starting parsing.. Size: 34147
Using xml2js for smaller file
parseCOAXml called for file: 291. D26C15.XML, content length: 8436
Starting parsing.. Size: 8461
Using xml2js for smaller file
parseCOAXml called for file: 291. HI26C01.XML, content length: 12415
Starting parsing.. Size: 12444
Using xml2js for smaller file
parseCOAXml called for file: 291. PS24102.XML, content length: 7865
Starting parsing.. Size: 7890
Using xml2js for smaller file
parseCOAXml called for file: 291. PS25073.XML, content length: 17766
Starting parsing.. Size: 17793
Using xml2js for smaller file
parseCOAXml called for file: 291. PS25081.XML, content length: 7747
Starting parsing.. Size: 7772
Using xml2js for smaller file
parseCOAXml called for file: 292. 24AM10.XML, content length: 9580
Starting parsing.. Size: 9605
Using xml2js for smaller file
parseCOAXml called for file: 292. D24A03.XML, content length: 17320
Starting parsing.. Size: 17347
Using xml2js for smaller file
parseCOAXml called for file: 292. D25E18.XML, content length: 15928
Starting parsing.. Size: 15955
Using xml2js for smaller file
parseCOAXml called for file: 292. HI26C02.XML, content length: 14514
Starting parsing.. Size: 14541
Using xml2js for smaller file
parseCOAXml called for file: 292. N26C09.XML, content length: 8863
Starting parsing.. Size: 8888
Using xml2js for smaller file
parseCOAXml called for file: 292. PS25082.XML, content length: 7747
Starting parsing.. Size: 7772
Using xml2js for smaller file
parseCOAXml called for file: 293. 6C06.XML, content length: 7299
Starting parsing.. Size: 7324
Using xml2js for smaller file
parseCOAXml called for file: 293. D24A04 LATANOPROST OPH SOL (BHUTAN).XML, content length: 16144
Starting parsing.. Size: 16171
Using xml2js for smaller file
parseCOAXml called for file: 293. D24G09.XML, content length: 8868
Starting parsing.. Size: 8893
Using xml2js for smaller file
parseCOAXml called for file: 293. D25E18.XML, content length: 15914
Starting parsing.. Size: 15941
Using xml2js for smaller file
parseCOAXml called for file: 293. D25F20.XML, content length: 9538
Starting parsing.. Size: 9563
Using xml2js for smaller file
parseCOAXml called for file: 293. I425.XML, content length: 19441
Starting parsing.. Size: 19474
Using xml2js for smaller file
parseCOAXml called for file: 294. D24A04 LATANO VISION 3ML(CONGO).XML, content length: 16106
Starting parsing.. Size: 16133
Using xml2js for smaller file
parseCOAXml called for file: 294. D26C16.XML, content length: 8465
Starting parsing.. Size: 8490
Using xml2js for smaller file
parseCOAXml called for file: 294. I426.XML, content length: 19440
Starting parsing.. Size: 19473
Using xml2js for smaller file
parseCOAXml called for file: 294. N24G07.XML, content length: 8458
Starting parsing.. Size: 8483
Using xml2js for smaller file
parseCOAXml called for file: 294. N25E13.XML, content length: 19092
Starting parsing.. Size: 19125
Using xml2js for smaller file
parseCOAXml called for file: 294. PS25083.XML, content length: 7747
Starting parsing.. Size: 7772
Using xml2js for smaller file
parseCOAXml called for file: 295. D24A04 LATANOPROST OPH SOL (NIGERIA.XML, content length: 16146
Starting parsing.. Size: 16173
Using xml2js for smaller file
parseCOAXml called for file: 295. D24G10.XML, content length: 8714
Starting parsing.. Size: 8739
Using xml2js for smaller file
parseCOAXml called for file: 295. D25E19.XML, content length: 20463
Starting parsing.. Size: 20490
Using xml2js for smaller file
parseCOAXml called for file: 295. D26C17.XML, content length: 9670
Starting parsing.. Size: 9695
Using xml2js for smaller file
parseCOAXml called for file: 295. I427.XML, content length: 15390
Starting parsing.. Size: 15417
Using xml2js for smaller file
parseCOAXml called for file: 295. PS25084.XML, content length: 7747
Starting parsing.. Size: 7772
Using xml2js for smaller file
parseCOAXml called for file: 296. D24A05.XML, content length: 16951
Starting parsing.. Size: 16978
Using xml2js for smaller file
parseCOAXml called for file: 296. D25E20.XML, content length: 19419
Starting parsing.. Size: 19446
Using xml2js for smaller file
parseCOAXml called for file: 296. D25F21.XML, content length: 11561
Starting parsing.. Size: 11586
Using xml2js for smaller file
parseCOAXml called for file: 296. HI26C01.XML, content length: 5725
Starting parsing.. Size: 5750
Using xml2js for smaller file
parseCOAXml called for file: 296. I428.XML, content length: 15362
Starting parsing.. Size: 15389
Using xml2js for smaller file
parseCOAXml called for file: 296. N24G08.XML, content length: 8433
Starting parsing.. Size: 8458
Using xml2js for smaller file
parseCOAXml called for file: 297. D24A06.XML, content length: 19288
Starting parsing.. Size: 19315
Using xml2js for smaller file
parseCOAXml called for file: 297. D25E20.XML, content length: 19433
Starting parsing.. Size: 19460
Using xml2js for smaller file
parseCOAXml called for file: 297. E5F03.XML, content length: 8265
Starting parsing.. Size: 8290
Using xml2js for smaller file
parseCOAXml called for file: 297. I429.XML, content length: 15371
Starting parsing.. Size: 15398
Using xml2js for smaller file
parseCOAXml called for file: 297. N24G09.XML, content length: 8448
Starting parsing.. Size: 8473
Using xml2js for smaller file
parseCOAXml called for file: 297. N26C10.XML, content length: 8637
Starting parsing.. Size: 8662
Using xml2js for smaller file
parseCOAXml called for file: 298. D24A07 OPTIFRRESH PLUS ED 15ML -KOSOVO.XML, content length: 17958
Starting parsing.. Size: 17985
Using xml2js for smaller file
parseCOAXml called for file: 298. D26C18.XML, content length: 9615
Starting parsing.. Size: 9640
Using xml2js for smaller file
parseCOAXml called for file: 298. I380.XML, content length: 7345
Starting parsing.. Size: 7370
Using xml2js for smaller file
parseCOAXml called for file: 298. I430.XML, content length: 19395
Starting parsing.. Size: 19422
Using xml2js for smaller file
parseCOAXml called for file: 298. N25E14.XML, content length: 22305
Starting parsing.. Size: 22338
Using xml2js for smaller file
parseCOAXml called for file: 298. PS24103.XML, content length: 7865
Starting parsing.. Size: 7890
Using xml2js for smaller file
parseCOAXml called for file: 299. D24A07 EASIMIST PLUS ED 5ML VIETNAM PV HEA.XML, content length: 17965
Starting parsing.. Size: 17992
Using xml2js for smaller file
parseCOAXml called for file: 299. D25E21.XML, content length: 18495
Starting parsing.. Size: 18522
Using xml2js for smaller file
parseCOAXml called for file: 299. D26C19.XML, content length: 9859
Starting parsing.. Size: 9884
Using xml2js for smaller file
parseCOAXml called for file: 299. I431.XML, content length: 19395
Starting parsing.. Size: 19422
Using xml2js for smaller file
parseCOAXml called for file: 299. N25F12.XML, content length: 8363
Starting parsing.. Size: 8388
Using xml2js for smaller file
parseCOAXml called for file: 299. PS24104.XML, content length: 7865
Starting parsing.. Size: 7890
Using xml2js for smaller file
parseCOAXml called for file: 3. 24AM03.XML, content length: 19597
Starting parsing.. Size: 19624
Using xml2js for smaller file
parseCOAXml called for file: 3. 26AM03.XML, content length: 20647
Starting parsing.. Size: 20674
Using xml2js for smaller file
parseCOAXml called for file: 3. D25L17.XML, content length: 18490
Starting parsing.. Size: 18514
Using xml2js for smaller file
parseCOAXml called for file: 3. D25L38 copy.XML, content length: 15971
Starting parsing.. Size: 15998
Using xml2js for smaller file
parseCOAXml called for file: 3. D25L38.XML, content length: 8509
Starting parsing.. Size: 8534
Using xml2js for smaller file
parseCOAXml called for file: 3. D26D01.XML, content length: 8618
Starting parsing.. Size: 8643
Using xml2js for smaller file
parseCOAXml called for file: 3. I421.XML, content length: 8321
Starting parsing.. Size: 8346
Using xml2js for smaller file
parseCOAXml called for file: 3. N25L27 copy.XML, content length: 19496
Starting parsing.. Size: 19529
Using xml2js for smaller file
parseCOAXml called for file: 3. N25L27.XML, content length: 9802
Starting parsing.. Size: 9827
Using xml2js for smaller file
parseCOAXml called for file: 3. PS24051.XML, content length: 7866
Starting parsing.. Size: 7891
Using xml2js for smaller file
parseCOAXml called for file: 30. 4A11.XML, content length: 16140
Starting parsing.. Size: 16167
Using xml2js for smaller file
parseCOAXml called for file: 30. 5L08.XML, content length: 8308
Starting parsing.. Size: 8333
Using xml2js for smaller file
parseCOAXml called for file: 30. 6B08_SCICHLOR-H EYE OINTMENT 5GM.XML, content length: 19313
Starting parsing.. Size: 19352
Using xml2js for smaller file
parseCOAXml called for file: 30. CMA124.XML, content length: 9412
Starting parsing.. Size: 9437
Using xml2js for smaller file
parseCOAXml called for file: 30. D25E17 copy.XML, content length: 19618
Starting parsing.. Size: 19645
Using xml2js for smaller file
parseCOAXml called for file: 30. D25E17.XML, content length: 9630
Starting parsing.. Size: 9655
Using xml2js for smaller file
parseCOAXml called for file: 30. D26A01.XML, content length: 8575
Starting parsing.. Size: 8600
Using xml2js for smaller file
parseCOAXml called for file: 30. N25L17.XML, content length: 21086
Starting parsing.. Size: 21113
Using xml2js for smaller file
parseCOAXml called for file: 30. PS25221.XML, content length: 17766
Starting parsing.. Size: 17793
Using xml2js for smaller file
parseCOAXml called for file: 30. PS25224.XML, content length: 7747
Starting parsing.. Size: 7772
Using xml2js for smaller file
parseCOAXml called for file: 300. 24AM11.XML, content length: 7505
Starting parsing.. Size: 7530
Using xml2js for smaller file
parseCOAXml called for file: 300. D24A08.XML, content length: 17779
Starting parsing.. Size: 17806
Using xml2js for smaller file
parseCOAXml called for file: 300. D25E21.XML, content length: 18470
Starting parsing.. Size: 18497
Using xml2js for smaller file
parseCOAXml called for file: 300. I432_ZAHA EYE OINTMENT 3GM PS.XML, content length: 15421
Starting parsing.. Size: 15448
Using xml2js for smaller file
parseCOAXml called for file: 300. N26C11.XML, content length: 9758
Starting parsing.. Size: 9783
Using xml2js for smaller file
parseCOAXml called for file: 300. PS25085.XML, content length: 7747
Starting parsing.. Size: 7772
Using xml2js for smaller file
parseCOAXml called for file: 301. D24A09.XML, content length: 19262
Starting parsing.. Size: 19289
Using xml2js for smaller file
parseCOAXml called for file: 301. D24G12.XML, content length: 9909
Starting parsing.. Size: 9934
Using xml2js for smaller file
parseCOAXml called for file: 301. D25F22.XML, content length: 11535
Starting parsing.. Size: 11560
Using xml2js for smaller file
parseCOAXml called for file: 301. D26C20.XML, content length: 9617
Starting parsing.. Size: 9642
Using xml2js for smaller file
parseCOAXml called for file: 301. I379.XML, content length: 19395
Starting parsing.. Size: 19422
Using xml2js for smaller file
parseCOAXml called for file: 301. I432_ZAHA EYE OINTMENT 5GM.XML, content length: 15432
Starting parsing.. Size: 15459
Using xml2js for smaller file
parseCOAXml called for file: 302. D24A10.XML, content length: 17901
Starting parsing.. Size: 17928
Using xml2js for smaller file
parseCOAXml called for file: 302. D25F23.XML, content length: 11535
Starting parsing.. Size: 11560
Using xml2js for smaller file
parseCOAXml called for file: 302. HI26C02.XML, content length: 5583
Starting parsing.. Size: 5608
Using xml2js for smaller file
parseCOAXml called for file: 302. I433.XML, content length: 19441
Starting parsing.. Size: 19474
Using xml2js for smaller file
parseCOAXml called for file: 302. IS0014G.XML, content length: 11345
Starting parsing.. Size: 11372
Using xml2js for smaller file
parseCOAXml called for file: 302. N25E15.XML, content length: 15915
Starting parsing.. Size: 15942
Using xml2js for smaller file
parseCOAXml called for file: 303. D24A11.XML, content length: 17925
Starting parsing.. Size: 17952
Using xml2js for smaller file
parseCOAXml called for file: 303. D25F24.XML, content length: 8574
Starting parsing.. Size: 8599
Using xml2js for smaller file
parseCOAXml called for file: 303. I434_PANTHEGEL 3GM PS.XML, content length: 19444
Starting parsing.. Size: 19477
Using xml2js for smaller file
parseCOAXml called for file: 303. N25E15.XML, content length: 15903
Starting parsing.. Size: 15930
Using xml2js for smaller file
parseCOAXml called for file: 303. N26C12.XML, content length: 8367
Starting parsing.. Size: 8392
Using xml2js for smaller file
parseCOAXml called for file: 303. PS24105.XML, content length: 7870
Starting parsing.. Size: 7895
Using xml2js for smaller file
parseCOAXml called for file: 304. D24A12 FLOMIN EYE DROPS 5ML.XML, content length: 19974
Starting parsing.. Size: 20007
Using xml2js for smaller file
parseCOAXml called for file: 304. D24G13.XML, content length: 9773
Starting parsing.. Size: 9798
Using xml2js for smaller file
parseCOAXml called for file: 304. D25E22.XML, content length: 19623
Starting parsing.. Size: 19650
Using xml2js for smaller file
parseCOAXml called for file: 304. D25F25.XML, content length: 9667
Starting parsing.. Size: 9692
Using xml2js for smaller file
parseCOAXml called for file: 304. D26C21.XML, content length: 9504
Starting parsing.. Size: 9529
Using xml2js for smaller file
parseCOAXml called for file: 304. I434_PANTHEGEL 5GM.XML, content length: 19440
Starting parsing.. Size: 19473
Using xml2js for smaller file
parseCOAXml called for file: 305. D24A12 FLUOROPREC EYE DROPS 5ML.XML, content length: 20012
Starting parsing.. Size: 20045
Using xml2js for smaller file
parseCOAXml called for file: 305. D25E22.XML, content length: 19607
Starting parsing.. Size: 19634
Using xml2js for smaller file
parseCOAXml called for file: 305. D26C22.XML, content length: 9905
Starting parsing.. Size: 9930
Using xml2js for smaller file
parseCOAXml called for file: 305. I345.XML, content length: 8443
Starting parsing.. Size: 8468
Using xml2js for smaller file
parseCOAXml called for file: 305. I381.XML, content length: 7344
Starting parsing.. Size: 7369
Using xml2js for smaller file
parseCOAXml called for file: 305. I435.XML, content length: 15016
Starting parsing.. Size: 15043
Using xml2js for smaller file
parseCOAXml called for file: 306. B6C01.XML, content length: 5581
Starting parsing.. Size: 5606
Using xml2js for smaller file
parseCOAXml called for file: 306. D24A12 FLUT EYE DROPS 5ML.XML, content length: 34556
Starting parsing.. Size: 34595
Using xml2js for smaller file
parseCOAXml called for file: 306. I436.XML, content length: 19389
Starting parsing.. Size: 19416
Using xml2js for smaller file
parseCOAXml called for file: 306. IS0024G.XML, content length: 11345
Starting parsing.. Size: 11372
Using xml2js for smaller file
parseCOAXml called for file: 306. N25E16.XML, content length: 14970
Starting parsing.. Size: 14997
Using xml2js for smaller file
parseCOAXml called for file: 306. N25F13.XML, content length: 9570
Starting parsing.. Size: 9595
Using xml2js for smaller file
parseCOAXml called for file: 307. B6C02.XML, content length: 6801
Starting parsing.. Size: 6826
Using xml2js for smaller file
parseCOAXml called for file: 307. D24A14.XML, content length: 18491
Starting parsing.. Size: 18524
Using xml2js for smaller file
parseCOAXml called for file: 307. I437_VIRSON GEL 3GM P.S..XML, content length: 19451
Starting parsing.. Size: 19478
Using xml2js for smaller file
parseCOAXml called for file: 307. N25E16.XML, content length: 14987
Starting parsing.. Size: 15014
Using xml2js for smaller file
parseCOAXml called for file: 307. PS24106.XML, content length: 7865
Starting parsing.. Size: 7890
Using xml2js for smaller file
parseCOAXml called for file: 307. PS25086.XML, content length: 7747
Starting parsing.. Size: 7772
Using xml2js for smaller file
parseCOAXml called for file: 308. D24A15.XML, content length: 25318
Starting parsing.. Size: 25351
Using xml2js for smaller file
parseCOAXml called for file: 308. D25E24.XML, content length: 17326
Starting parsing.. Size: 17353
Using xml2js for smaller file
parseCOAXml called for file: 308. D26C23.XML, content length: 8664
Starting parsing.. Size: 8689
Using xml2js for smaller file
parseCOAXml called for file: 308. I437_VIRSON GEL 5GM.XML, content length: 19387
Starting parsing.. Size: 19414
Using xml2js for smaller file
parseCOAXml called for file: 308. PS24107.XML, content length: 7865
Starting parsing.. Size: 7890
Using xml2js for smaller file
parseCOAXml called for file: 308. PS25087.XML, content length: 7747
Starting parsing.. Size: 7772
Using xml2js for smaller file
parseCOAXml called for file: 309. D24A16.XML, content length: 17886
Starting parsing.. Size: 17917
Using xml2js for smaller file
parseCOAXml called for file: 309. D24G14.XML, content length: 8638
Starting parsing.. Size: 8663
Using xml2js for smaller file
parseCOAXml called for file: 309. D25E24.XML, content length: 20843
Starting parsing.. Size: 20870
Using xml2js for smaller file
parseCOAXml called for file: 309. D25F26.XML, content length: 8615
Starting parsing.. Size: 8640
Using xml2js for smaller file
parseCOAXml called for file: 309. I438.XML, content length: 16803
Starting parsing.. Size: 16836
Using xml2js for smaller file
parseCOAXml called for file: 309. IS0016C.XML, content length: 11493
Starting parsing.. Size: 11520
Using xml2js for smaller file
parseCOAXml called for file: 31. 4A12.XML, content length: 16138
Starting parsing.. Size: 16165
Using xml2js for smaller file
parseCOAXml called for file: 31. 6B08_LACORT EYE OINTMENT 5GM.XML, content length: 19297
Starting parsing.. Size: 19336
Using xml2js for smaller file
parseCOAXml called for file: 31. CMA125.XML, content length: 9626
Starting parsing.. Size: 9651
Using xml2js for smaller file
parseCOAXml called for file: 31. D25E23 copy.XML, content length: 19614
Starting parsing.. Size: 19641
Using xml2js for smaller file
parseCOAXml called for file: 31. D25E23.XML, content length: 9619
Starting parsing.. Size: 9644
Using xml2js for smaller file
parseCOAXml called for file: 31. D25L28.XML, content length: 9898
Starting parsing.. Size: 9923
Using xml2js for smaller file
parseCOAXml called for file: 31. D26A02.XML, content length: 9821
Starting parsing.. Size: 9846
Using xml2js for smaller file
parseCOAXml called for file: 31. N25L17.XML, content length: 21181
Starting parsing.. Size: 21208
Using xml2js for smaller file
parseCOAXml called for file: 31. PS25222.XML, content length: 17766
Starting parsing.. Size: 17793
Using xml2js for smaller file
parseCOAXml called for file: 31. RI530.XML, content length: 8486
Starting parsing.. Size: 8511
Using xml2js for smaller file
parseCOAXml called for file: 310. B6C03.XML, content length: 6799
Starting parsing.. Size: 6824
Using xml2js for smaller file
parseCOAXml called for file: 310. D24A17.XML, content length: 18364
Starting parsing.. Size: 18391
Using xml2js for smaller file
parseCOAXml called for file: 310. D25E24.XML, content length: 17317
Starting parsing.. Size: 17344
Using xml2js for smaller file
parseCOAXml called for file: 310. D25F27.XML, content length: 10775
Starting parsing.. Size: 10802
Using xml2js for smaller file
parseCOAXml called for file: 310. I346.XML, content length: 8444
Starting parsing.. Size: 8469
Using xml2js for smaller file
parseCOAXml called for file: 310. I439_POLYNASE 3GM P.S..XML, content length: 16807
Starting parsing.. Size: 16840
Using xml2js for smaller file
parseCOAXml called for file: 311. D24A18 FLUR-B EYE DROPS 10ML(YASH OPTHO).XML, content length: 18485
Starting parsing.. Size: 18512
Using xml2js for smaller file
parseCOAXml called for file: 311. D25E24.XML, content length: 17345
Starting parsing.. Size: 17372
Using xml2js for smaller file
parseCOAXml called for file: 311. D26C24.XML, content length: 9570
Starting parsing.. Size: 9595
Using xml2js for smaller file
parseCOAXml called for file: 311. E5F04.XML, content length: 9467
Starting parsing.. Size: 9492
Using xml2js for smaller file
parseCOAXml called for file: 311. I439_POLYNASE 5GM.XML, content length: 16802
Starting parsing.. Size: 16835
Using xml2js for smaller file
parseCOAXml called for file: 311. N24G10.XML, content length: 8448
Starting parsing.. Size: 8473
Using xml2js for smaller file
parseCOAXml called for file: 312. D24A18 FLP EYE DROPS 5ML.XML, content length: 18424
Starting parsing.. Size: 18451
Using xml2js for smaller file
parseCOAXml called for file: 312. D26C25.XML, content length: 10148
Starting parsing.. Size: 10173
Using xml2js for smaller file
parseCOAXml called for file: 312. I382.XML, content length: 8436
Starting parsing.. Size: 8461
Using xml2js for smaller file
parseCOAXml called for file: 312. I440.XML, content length: 19395
Starting parsing.. Size: 19422
Using xml2js for smaller file
parseCOAXml called for file: 312. N25E17.XML, content length: 14950
Starting parsing.. Size: 14977
Using xml2js for smaller file
parseCOAXml called for file: 312. PS24108.XML, content length: 7870
Starting parsing.. Size: 7895
Using xml2js for smaller file
parseCOAXml called for file: 313. D24A18 OPTIFLUR EYE DROPS 5ML.XML, content length: 29921
Starting parsing.. Size: 29948
Using xml2js for smaller file
parseCOAXml called for file: 313. D25E25.XML, content length: 17311
Starting parsing.. Size: 17338
Using xml2js for smaller file
parseCOAXml called for file: 313. I441.XML, content length: 19443
Starting parsing.. Size: 19476
Using xml2js for smaller file
parseCOAXml called for file: 313. N24G11.XML, content length: 8444
Starting parsing.. Size: 8469
Using xml2js for smaller file
parseCOAXml called for file: 313. N25F14.XML, content length: 9570
Starting parsing.. Size: 9595
Using xml2js for smaller file
parseCOAXml called for file: 313. N26C14.XML, content length: 8718
Starting parsing.. Size: 8743
Using xml2js for smaller file
parseCOAXml called for file: 314. D24A19.XML, content length: 18465
Starting parsing.. Size: 18492
Using xml2js for smaller file
parseCOAXml called for file: 314. D25E25.XML, content length: 17306
Starting parsing.. Size: 17333
Using xml2js for smaller file
parseCOAXml called for file: 314. D26C26.XML, content length: 8652
Starting parsing.. Size: 8677
Using xml2js for smaller file
parseCOAXml called for file: 314. I442_LOTEL 5GM.XML, content length: 15000
Starting parsing.. Size: 15027
Using xml2js for smaller file
parseCOAXml called for file: 314. PS24109.XML, content length: 7865
Starting parsing.. Size: 7890
Using xml2js for smaller file
parseCOAXml called for file: 314. PS25088.XML, content length: 7747
Starting parsing.. Size: 7772
Using xml2js for smaller file
parseCOAXml called for file: 315. D24A20.XML, content length: 18467
Starting parsing.. Size: 18494
Using xml2js for smaller file
parseCOAXml called for file: 315. D25E25.XML, content length: 17323
Starting parsing.. Size: 17350
Using xml2js for smaller file
parseCOAXml called for file: 315. I442_LOTEL 3GM P.S..XML, content length: 15007
Starting parsing.. Size: 15034
Using xml2js for smaller file
parseCOAXml called for file: 315. N26C15.XML, content length: 9640
Starting parsing.. Size: 9665
Using xml2js for smaller file
parseCOAXml called for file: 315. PS24110.XML, content length: 7865
Starting parsing.. Size: 7890
Using xml2js for smaller file
parseCOAXml called for file: 315. PS25089.XML, content length: 7747
Starting parsing.. Size: 7772
Using xml2js for smaller file
parseCOAXml called for file: 316. 6C07.XML, content length: 8573
Starting parsing.. Size: 8598
Using xml2js for smaller file
parseCOAXml called for file: 316. D24A21.XML, content length: 18467
Starting parsing.. Size: 18494
Using xml2js for smaller file
parseCOAXml called for file: 316. D25E25.XML, content length: 17323
Starting parsing.. Size: 17350
Using xml2js for smaller file
parseCOAXml called for file: 316. D25F28.XML, content length: 8476
Starting parsing.. Size: 8501
Using xml2js for smaller file
parseCOAXml called for file: 316. I443.XML, content length: 13597
Starting parsing.. Size: 13624
Using xml2js for smaller file
parseCOAXml called for file: 316. RI491.XML, content length: 8490
Starting parsing.. Size: 8515
Using xml2js for smaller file
parseCOAXml called for file: 317. D24A22.XML, content length: 16762
Starting parsing.. Size: 16789
Using xml2js for smaller file
parseCOAXml called for file: 317. D25E25.XML, content length: 17313
Starting parsing.. Size: 17340
Using xml2js for smaller file
parseCOAXml called for file: 317. D25F29.XML, content length: 8723
Starting parsing.. Size: 8748
Using xml2js for smaller file
parseCOAXml called for file: 317. D26C27.XML, content length: 8652
Starting parsing.. Size: 8677
Using xml2js for smaller file
parseCOAXml called for file: 317. I444.XML, content length: 13597
Starting parsing.. Size: 13624
Using xml2js for smaller file
parseCOAXml called for file: 317. RI492.XML, content length: 8490
Starting parsing.. Size: 8515
Using xml2js for smaller file
parseCOAXml called for file: 318. 4G02.XML, content length: 7326
Starting parsing.. Size: 7351
Using xml2js for smaller file
parseCOAXml called for file: 318. D24A23.XML, content length: 16761
Starting parsing.. Size: 16788
Using xml2js for smaller file
parseCOAXml called for file: 318. I383.XML, content length: 8434
Starting parsing.. Size: 8459
Using xml2js for smaller file
parseCOAXml called for file: 318. I445.XML, content length: 19442
Starting parsing.. Size: 19475
Using xml2js for smaller file
parseCOAXml called for file: 318. L1826005.XML, content length: 5444
Starting parsing.. Size: 5469
Using xml2js for smaller file
parseCOAXml called for file: 318. N25E18.XML, content length: 15893
Starting parsing.. Size: 15920
Using xml2js for smaller file
parseCOAXml called for file: 319. 6C08.XML, content length: 8269
Starting parsing.. Size: 8294
Using xml2js for smaller file
parseCOAXml called for file: 319. D24A25 BRIMOBLIZZ-T EYE DROPS 5ML.XML, content length: 16285
Starting parsing.. Size: 16312
Using xml2js for smaller file
parseCOAXml called for file: 319. I446.XML, content length: 15365
Starting parsing.. Size: 15392
Using xml2js for smaller file
parseCOAXml called for file: 319. N24G12.XML, content length: 8444
Starting parsing.. Size: 8469
Using xml2js for smaller file
parseCOAXml called for file: 319. N25E19.XML, content length: 18047
Starting parsing.. Size: 18074
Using xml2js for smaller file
parseCOAXml called for file: 319. N25F15.XML, content length: 9570
Starting parsing.. Size: 9595
Using xml2js for smaller file
parseCOAXml called for file: 32. 4A12 scihy.XML, content length: 16130
Starting parsing.. Size: 16157
Using xml2js for smaller file
parseCOAXml called for file: 32. 5L20.XML, content length: 7302
Starting parsing.. Size: 7327
Using xml2js for smaller file
parseCOAXml called for file: 32. 6B09_VISOMER-P EYE OINTMENT 5GM.XML, content length: 20739
Starting parsing.. Size: 20776
Using xml2js for smaller file
parseCOAXml called for file: 32. D24D12.XML, content length: 9472
Starting parsing.. Size: 9497
Using xml2js for smaller file
parseCOAXml called for file: 32. D25E26 copy.XML, content length: 21081
Starting parsing.. Size: 21108
Using xml2js for smaller file
parseCOAXml called for file: 32. D25E26.XML, content length: 8465
Starting parsing.. Size: 8490
Using xml2js for smaller file
parseCOAXml called for file: 32. D25L29.XML, content length: 9453
Starting parsing.. Size: 9478
Using xml2js for smaller file
parseCOAXml called for file: 32. RI528.XML, content length: 14601
Starting parsing.. Size: 14628
Using xml2js for smaller file
parseCOAXml called for file: 32. UC25009.XML, content length: 13390
Starting parsing.. Size: 13417
Using xml2js for smaller file
parseCOAXml called for file: 320. 5E08.XML, content length: 19284
Starting parsing.. Size: 19323
Using xml2js for smaller file
parseCOAXml called for file: 320. D24A25 BRIMOFREE-T EYE DROPS 5ML.XML, content length: 16281
Starting parsing.. Size: 16308
Using xml2js for smaller file
parseCOAXml called for file: 320. D26C28.XML, content length: 8654
Starting parsing.. Size: 8679
Using xml2js for smaller file
parseCOAXml called for file: 320. I447.XML, content length: 19442
Starting parsing.. Size: 19475
Using xml2js for smaller file
parseCOAXml called for file: 320. N24G13.XML, content length: 8444
Starting parsing.. Size: 8469
Using xml2js for smaller file
parseCOAXml called for file: 320. PS25090.XML, content length: 7747
Starting parsing.. Size: 7772
Using xml2js for smaller file
parseCOAXml called for file: 321. D24A25 BREEMOL-T EYE DROPS 5ML(SOC).XML, content length: 16282
Starting parsing.. Size: 16309
Using xml2js for smaller file
parseCOAXml called for file: 321. D25E28.XML, content length: 18270
Starting parsing.. Size: 18297
Using xml2js for smaller file
parseCOAXml called for file: 321. D25F30.XML, content length: 8643
Starting parsing.. Size: 8668
Using xml2js for smaller file
parseCOAXml called for file: 321. I448.XML, content length: 15365
Starting parsing.. Size: 15392
Using xml2js for smaller file
parseCOAXml called for file: 321. N26C17.XML, content length: 9640
Starting parsing.. Size: 9665
Using xml2js for smaller file
parseCOAXml called for file: 321. PS24111.XML, content length: 7865
Starting parsing.. Size: 7890
Using xml2js for smaller file
parseCOAXml called for file: 322. 6C09.XML, content length: 7327
Starting parsing.. Size: 7352
Using xml2js for smaller file
parseCOAXml called for file: 322. D24A25 PRESSOTIM EYE DROPS 5ML.XML, content length: 16276
Starting parsing.. Size: 16303
Using xml2js for smaller file
parseCOAXml called for file: 322. D25E29.XML, content length: 19350
Starting parsing.. Size: 19377
Using xml2js for smaller file
  ...3750 COA files processed (created 3738)
parseCOAXml called for file: 322. E5F05.XML, content length: 9450
Starting parsing.. Size: 9475
Using xml2js for smaller file
parseCOAXml called for file: 322. I449.XML, content length: 15437
Starting parsing.. Size: 15464
Using xml2js for smaller file
parseCOAXml called for file: 322. PS24112.XML, content length: 7865
Starting parsing.. Size: 7890
Using xml2js for smaller file
parseCOAXml called for file: 323. D24A26.XML, content length: 18383
Starting parsing.. Size: 18410
Using xml2js for smaller file
parseCOAXml called for file: 323. D25E29.XML, content length: 19386
Starting parsing.. Size: 19413
Using xml2js for smaller file
parseCOAXml called for file: 323. D26C29.XML, content length: 8724
Starting parsing.. Size: 8749
Using xml2js for smaller file
parseCOAXml called for file: 323. I384.XML, content length: 7270
Starting parsing.. Size: 7295
Using xml2js for smaller file
parseCOAXml called for file: 323. I450.XML, content length: 15369
Starting parsing.. Size: 15396
Using xml2js for smaller file
parseCOAXml called for file: 323. RI493.XML, content length: 8490
Starting parsing.. Size: 8515
Using xml2js for smaller file
parseCOAXml called for file: 324. 4G03.XML, content length: 7329
Starting parsing.. Size: 7354
Using xml2js for smaller file
parseCOAXml called for file: 324. D24A27.XML, content length: 17332
Starting parsing.. Size: 17365
Using xml2js for smaller file
parseCOAXml called for file: 324. D25E29.xml, content length: 19358
Starting parsing.. Size: 19385
Using xml2js for smaller file
parseCOAXml called for file: 324. I451.XML, content length: 15438
Starting parsing.. Size: 15465
Using xml2js for smaller file
parseCOAXml called for file: 324. L1826006.XML, content length: 7390
Starting parsing.. Size: 7415
Using xml2js for smaller file
parseCOAXml called for file: 324. N25F17.XML, content length: 8766
Starting parsing.. Size: 8791
Using xml2js for smaller file
parseCOAXml called for file: 325. D24A28.XML, content length: 17332
Starting parsing.. Size: 17365
Using xml2js for smaller file
parseCOAXml called for file: 325. D24G15.XML, content length: 10791
Starting parsing.. Size: 10818
Using xml2js for smaller file
parseCOAXml called for file: 325. IS0016B_DIFLUCOR 5ML.XML, content length: 21645
Starting parsing.. Size: 21674
Using xml2js for smaller file
parseCOAXml called for file: 325. N25E20.XML, content length: 18181
Starting parsing.. Size: 18208
Using xml2js for smaller file
parseCOAXml called for file: 325. N26C18.XML, content length: 9640
Starting parsing.. Size: 9665
Using xml2js for smaller file
parseCOAXml called for file: 325. PS25091.XML, content length: 7747
Starting parsing.. Size: 7772
Using xml2js for smaller file
parseCOAXml called for file: 326. 6C10.XML, content length: 7319
Starting parsing.. Size: 7344
Using xml2js for smaller file
parseCOAXml called for file: 326. D24A29.XML, content length: 17331
Starting parsing.. Size: 17364
Using xml2js for smaller file
parseCOAXml called for file: 326. IS0016B_DIFLUCOR 2.5ML P.S..XML, content length: 21668
Starting parsing.. Size: 21697
Using xml2js for smaller file
parseCOAXml called for file: 326. N24G14.XML, content length: 8724
Starting parsing.. Size: 8749
Using xml2js for smaller file
parseCOAXml called for file: 326. N25E20.XML, content length: 18186
Starting parsing.. Size: 18213
Using xml2js for smaller file
parseCOAXml called for file: 326. PS25092.XML, content length: 7748
Starting parsing.. Size: 7773
Using xml2js for smaller file
parseCOAXml called for file: 327. D24A30.XML, content length: 16770
Starting parsing.. Size: 16797
Using xml2js for smaller file
parseCOAXml called for file: 327. D25E30.XML, content length: 33508
Starting parsing.. Size: 33535
Using xml2js for smaller file
parseCOAXml called for file: 327. D25F31.XML, content length: 9501
Starting parsing.. Size: 9526
Using xml2js for smaller file
parseCOAXml called for file: 327. D26C30.XML, content length: 8724
Starting parsing.. Size: 8749
Using xml2js for smaller file
parseCOAXml called for file: 327. IS0016C.XML, content length: 23945
Starting parsing.. Size: 23974
Using xml2js for smaller file
parseCOAXml called for file: 327. N24G15.XML, content length: 9692
Starting parsing.. Size: 9717
Using xml2js for smaller file
parseCOAXml called for file: 328. 4G04.XML, content length: 7328
Starting parsing.. Size: 7353
Using xml2js for smaller file
parseCOAXml called for file: 328. D24A31.XML, content length: 16770
Starting parsing.. Size: 16797
Using xml2js for smaller file
parseCOAXml called for file: 328. D25E31.XML, content length: 20628
Starting parsing.. Size: 20655
Using xml2js for smaller file
parseCOAXml called for file: 328. D25F32.XML, content length: 9851
Starting parsing.. Size: 9876
Using xml2js for smaller file
parseCOAXml called for file: 328. L1826001.XML, content length: 11259
Starting parsing.. Size: 11286
Using xml2js for smaller file
parseCOAXml called for file: 328. N26C19.XML, content length: 9640
Starting parsing.. Size: 9665
Using xml2js for smaller file
parseCOAXml called for file: 329. 6C11.XML, content length: 8267
Starting parsing.. Size: 8292
Using xml2js for smaller file
parseCOAXml called for file: 329. D24A32.XML, content length: 16141
Starting parsing.. Size: 16168
Using xml2js for smaller file
parseCOAXml called for file: 329. D24G16.XML, content length: 10769
Starting parsing.. Size: 10796
Using xml2js for smaller file
parseCOAXml called for file: 329. E5F06.XML, content length: 9445
Starting parsing.. Size: 9470
Using xml2js for smaller file
parseCOAXml called for file: 329. L1826002_MAMMICEF 10ML.XML, content length: 11259
Starting parsing.. Size: 11286
Using xml2js for smaller file
parseCOAXml called for file: 329. N25E21.XML, content length: 14958
Starting parsing.. Size: 14985
Using xml2js for smaller file
parseCOAXml called for file: 33. 4A13.XML, content length: 16132
Starting parsing.. Size: 16159
Using xml2js for smaller file
parseCOAXml called for file: 33. 6B09_CHLORADEX PB EYE OINTMENT 5GM.XML, content length: 20749
Starting parsing.. Size: 20786
Using xml2js for smaller file
parseCOAXml called for file: 33. B5L02.XML, content length: 15746
Starting parsing.. Size: 15773
Using xml2js for smaller file
parseCOAXml called for file: 33. D25E27 copy.XML, content length: 18279
Starting parsing.. Size: 18306
Using xml2js for smaller file
parseCOAXml called for file: 33. D25E27.XML, content length: 9588
Starting parsing.. Size: 9613
Using xml2js for smaller file
parseCOAXml called for file: 33. D25L40.XML, content length: 8539
Starting parsing.. Size: 8564
Using xml2js for smaller file
parseCOAXml called for file: 33. N24D06.XML, content length: 8430
Starting parsing.. Size: 8455
Using xml2js for smaller file
parseCOAXml called for file: 33. N26A01.XML, content length: 8640
Starting parsing.. Size: 8665
Using xml2js for smaller file
parseCOAXml called for file: 33. PS25210.XML, content length: 7747
Starting parsing.. Size: 7772
Using xml2js for smaller file
parseCOAXml called for file: 33. RI529.XML, content length: 14601
Starting parsing.. Size: 14628
Using xml2js for smaller file
parseCOAXml called for file: 330. D24A33 DEWEYE-HA EYE DROPS 10ML(ECF).XML, content length: 16125
Starting parsing.. Size: 16152
Using xml2js for smaller file
parseCOAXml called for file: 330. D24G17.XML, content length: 10769
Starting parsing.. Size: 10796
Using xml2js for smaller file
parseCOAXml called for file: 330. D25E32.XML, content length: 19780
Starting parsing.. Size: 19813
Using xml2js for smaller file
parseCOAXml called for file: 330. D26C31.XML, content length: 8651
Starting parsing.. Size: 8676
Using xml2js for smaller file
parseCOAXml called for file: 330. I385.XML, content length: 7268
Starting parsing.. Size: 7293
Using xml2js for smaller file
parseCOAXml called for file: 330. L1826002_MAMMICEF 10ML PS.XML, content length: 11270
Starting parsing.. Size: 11297
Using xml2js for smaller file
parseCOAXml called for file: 331. D24A33 HYLOFRESH EYE DROPS 10ML(ECF).XML, content length: 16127
Starting parsing.. Size: 16154
Using xml2js for smaller file
parseCOAXml called for file: 331. D25E32.XML, content length: 19741
Starting parsing.. Size: 19774
Using xml2js for smaller file
parseCOAXml called for file: 331. L1826003.XML, content length: 11261
Starting parsing.. Size: 11288
Using xml2js for smaller file
parseCOAXml called for file: 331. N24G16.XML, content length: 8635
Starting parsing.. Size: 8660
Using xml2js for smaller file
parseCOAXml called for file: 331. N25F18.XML, content length: 10817
Starting parsing.. Size: 10844
Using xml2js for smaller file
parseCOAXml called for file: 331. N26C20.XML, content length: 9758
Starting parsing.. Size: 9783
Using xml2js for smaller file
parseCOAXml called for file: 332. 6C12.XML, content length: 5815
Starting parsing.. Size: 5840
Using xml2js for smaller file
parseCOAXml called for file: 332. D24A34 MOGEM-D EYE DROPS 5ML.XML, content length: 18744
Starting parsing.. Size: 18771
Using xml2js for smaller file
parseCOAXml called for file: 332. D25E33.XML, content length: 18354
Starting parsing.. Size: 18387
Using xml2js for smaller file
parseCOAXml called for file: 332. L1826005_MAMMICEF 10ML PS.XML, content length: 11274
Starting parsing.. Size: 11301
Using xml2js for smaller file
parseCOAXml called for file: 332. N25F18.XML, content length: 10817
Starting parsing.. Size: 10844
Using xml2js for smaller file
parseCOAXml called for file: 332. PS24113.XML, content length: 7865
Starting parsing.. Size: 7890
Using xml2js for smaller file
parseCOAXml called for file: 333. D24A34 GENFOUR-DX EYE DROPS 5ML.XML, content length: 18756
Starting parsing.. Size: 18783
Using xml2js for smaller file
parseCOAXml called for file: 333. L1826005_MAMMICEF 10ML.XML, content length: 11261
Starting parsing.. Size: 11288
Using xml2js for smaller file
parseCOAXml called for file: 333. N25E22.XML, content length: 19443
Starting parsing.. Size: 19476
Using xml2js for smaller file
parseCOAXml called for file: 333. N26C21.XML, content length: 9758
Starting parsing.. Size: 9783
Using xml2js for smaller file
parseCOAXml called for file: 333. PS24114.XML, content length: 7865
Starting parsing.. Size: 7890
Using xml2js for smaller file
parseCOAXml called for file: 333. PS25093.XML, content length: 7748
Starting parsing.. Size: 7773
Using xml2js for smaller file
parseCOAXml called for file: 334. 4G05.XML, content length: 7329
Starting parsing.. Size: 7354
Using xml2js for smaller file
parseCOAXml called for file: 334. D24A34 MOXICON-DX EYE DROPS 5ML.XML, content length: 18751
Starting parsing.. Size: 18778
Using xml2js for smaller file
parseCOAXml called for file: 334. E5F07.XML, content length: 8340
Starting parsing.. Size: 8365
Using xml2js for smaller file
parseCOAXml called for file: 334. L1826006_BACTIVON-LC 8GM PS.XML, content length: 12550
Starting parsing.. Size: 12577
Using xml2js for smaller file
parseCOAXml called for file: 334. N25E22.XML, content length: 19427
Starting parsing.. Size: 19460
Using xml2js for smaller file
parseCOAXml called for file: 334. PS26036.XML, content length: 7747
Starting parsing.. Size: 7772
Using xml2js for smaller file
parseCOAXml called for file: 335. 6C13.XML, content length: 7398
Starting parsing.. Size: 7423
Using xml2js for smaller file
parseCOAXml called for file: 335. D24A34 MOXIRET-DX EYE DROPS 5ML.XML, content length: 18750
Starting parsing.. Size: 18777
Using xml2js for smaller file
parseCOAXml called for file: 335. D24G18.XML, content length: 8628
Starting parsing.. Size: 8653
Using xml2js for smaller file
parseCOAXml called for file: 335. L1826006_BACTIVON-LC 8GM.XML, content length: 12540
Starting parsing.. Size: 12567
Using xml2js for smaller file
parseCOAXml called for file: 335. N25E22.XML, content length: 19451
Starting parsing.. Size: 19484
Using xml2js for smaller file
parseCOAXml called for file: 335. PS25094.XML, content length: 7748
Starting parsing.. Size: 7773
Using xml2js for smaller file
parseCOAXml called for file: 336. 5E09.XML, content length: 13492
Starting parsing.. Size: 13519
Using xml2js for smaller file
parseCOAXml called for file: 336. D24A35 MOXICON - KT EYE DROPS 5ML.XML, content length: 18607
Starting parsing.. Size: 18634
Using xml2js for smaller file
parseCOAXml called for file: 336. D24G19.XML, content length: 9804
Starting parsing.. Size: 9829
Using xml2js for smaller file
parseCOAXml called for file: 336. D25F35.XML, content length: 8803
Starting parsing.. Size: 8828
Using xml2js for smaller file
parseCOAXml called for file: 336. D26C32.XML, content length: 8651
Starting parsing.. Size: 8676
Using xml2js for smaller file
parseCOAXml called for file: 336. N26A01.XML, content length: 18550
Starting parsing.. Size: 18577
Using xml2js for smaller file
parseCOAXml called for file: 337. D24A35 MOXIBLIZZ-KT EYE DROPS 5ML.XML, content length: 18604
Starting parsing.. Size: 18631
Using xml2js for smaller file
parseCOAXml called for file: 337. D25E34.XML, content length: 18335
Starting parsing.. Size: 18362
Using xml2js for smaller file
parseCOAXml called for file: 337. D25F36.XML, content length: 8839
Starting parsing.. Size: 8864
Using xml2js for smaller file
parseCOAXml called for file: 337. N24G17.XML, content length: 8634
Starting parsing.. Size: 8659
Using xml2js for smaller file
parseCOAXml called for file: 337. N26A02.XML, content length: 18507
Starting parsing.. Size: 18534
Using xml2js for smaller file
parseCOAXml called for file: 337. PS26037.XML, content length: 7747
Starting parsing.. Size: 7772
Using xml2js for smaller file
parseCOAXml called for file: 338. 6C14.XML, content length: 8267
Starting parsing.. Size: 8292
Using xml2js for smaller file
parseCOAXml called for file: 338. D24A35 MOXPEARL KT EYE DROPS 5ML(VIBGYOR).XML, content length: 18631
Starting parsing.. Size: 18658
Using xml2js for smaller file
parseCOAXml called for file: 338. D25E34.XML, content length: 18287
Starting parsing.. Size: 18314
Using xml2js for smaller file
parseCOAXml called for file: 338. E5F08.XML, content length: 8345
Starting parsing.. Size: 8370
Using xml2js for smaller file
parseCOAXml called for file: 338. N26A03.XML, content length: 16206
Starting parsing.. Size: 16233
Using xml2js for smaller file
parseCOAXml called for file: 338. PS24115.XML, content length: 7865
Starting parsing.. Size: 7890
Using xml2js for smaller file
parseCOAXml called for file: 339. 4G06.XML, content length: 7329
Starting parsing.. Size: 7354
Using xml2js for smaller file
parseCOAXml called for file: 339. D24A35 SCIMOX-KT EYE DROPS 5ML.XML, content length: 18612
Starting parsing.. Size: 18639
Using xml2js for smaller file
parseCOAXml called for file: 339. D26C33.XML, content length: 8825
Starting parsing.. Size: 8850
Using xml2js for smaller file
parseCOAXml called for file: 339. HI25E01.XML, content length: 14511
Starting parsing.. Size: 14538
Using xml2js for smaller file
parseCOAXml called for file: 339. N26A04.XML, content length: 18459
Starting parsing.. Size: 18486
Using xml2js for smaller file
parseCOAXml called for file: 339. PS25095.XML, content length: 7747
Starting parsing.. Size: 7772
Using xml2js for smaller file
parseCOAXml called for file: 34. 26AM01.XML, content length: 7498
Starting parsing.. Size: 7523
Using xml2js for smaller file
parseCOAXml called for file: 34. 4A15.XML, content length: 17101
Starting parsing.. Size: 17128
Using xml2js for smaller file
parseCOAXml called for file: 34. 5L19.XML, content length: 17036
Starting parsing.. Size: 17063
Using xml2js for smaller file
parseCOAXml called for file: 34. 6B10_SCIPANTHE 5GM.XML, content length: 15880
Starting parsing.. Size: 15907
Using xml2js for smaller file
parseCOAXml called for file: 34. B4D02.XML, content length: 5578
Starting parsing.. Size: 5603
Using xml2js for smaller file
parseCOAXml called for file: 34. D25E35 copy.XML, content length: 15940
Starting parsing.. Size: 15967
Using xml2js for smaller file
parseCOAXml called for file: 34. D25E35.XML, content length: 8442
Starting parsing.. Size: 8467
Using xml2js for smaller file
parseCOAXml called for file: 34. D25L26.XML, content length: 22940
Starting parsing.. Size: 22973
Using xml2js for smaller file
parseCOAXml called for file: 34. D25L41.XML, content length: 8638
Starting parsing.. Size: 8663
Using xml2js for smaller file
parseCOAXml called for file: 34. PS25211.XML, content length: 7747
Starting parsing.. Size: 7772
Using xml2js for smaller file
parseCOAXml called for file: 340. D24A36 SAMOPRED 5ML(SAMOSPHARMA).XML, content length: 17143
Starting parsing.. Size: 17176
Using xml2js for smaller file
parseCOAXml called for file: 340. D24G20.XML, content length: 8440
Starting parsing.. Size: 8465
Using xml2js for smaller file
parseCOAXml called for file: 340. D25F37.XML, content length: 8431
Starting parsing.. Size: 8456
Using xml2js for smaller file
parseCOAXml called for file: 340. N25E23.XML, content length: 20997
Starting parsing.. Size: 21030
Using xml2js for smaller file
parseCOAXml called for file: 340. N26A05_TOBRINE DS EYE DROPS 5ML.XML, content length: 19423
Starting parsing.. Size: 19456
Using xml2js for smaller file
parseCOAXml called for file: 340. N26C22.XML, content length: 9559
Starting parsing.. Size: 9584
Using xml2js for smaller file
parseCOAXml called for file: 341. D24A36 SCIPRED EYE DROPS 10ML(SCIPREC LL).XML, content length: 17201
Starting parsing.. Size: 17234
Using xml2js for smaller file
parseCOAXml called for file: 341. D25F38.XML, content length: 8717
Starting parsing.. Size: 8742
Using xml2js for smaller file
parseCOAXml called for file: 341. N24G18.XML, content length: 8432
Starting parsing.. Size: 8457
Using xml2js for smaller file
parseCOAXml called for file: 341. N25E23.XML, content length: 20988
Starting parsing.. Size: 21021
Using xml2js for smaller file
parseCOAXml called for file: 341. N26A05_TOBRA & DEXAMETHASONE OPH SUSP 5ML.XML, content length: 19465
Starting parsing.. Size: 19498
Using xml2js for smaller file
parseCOAXml called for file: 341. N26C23.XML, content length: 9559
Starting parsing.. Size: 9584
Using xml2js for smaller file
parseCOAXml called for file: 342. D24A37 EYE PRED EYE DROPS 10ML(YASHOPTHO).XML, content length: 17204
Starting parsing.. Size: 17237
Using xml2js for smaller file
parseCOAXml called for file: 342. E5F09.XML, content length: 8345
Starting parsing.. Size: 8370
Using xml2js for smaller file
parseCOAXml called for file: 342. N25E23.XML, content length: 20983
Starting parsing.. Size: 21016
Using xml2js for smaller file
parseCOAXml called for file: 342. N26A06.XML, content length: 18296
Starting parsing.. Size: 18323
Using xml2js for smaller file
parseCOAXml called for file: 342. PS24116.XML, content length: 7865
Starting parsing.. Size: 7890
Using xml2js for smaller file
parseCOAXml called for file: 342. PS26038.XML, content length: 7747
Starting parsing.. Size: 7772
Using xml2js for smaller file
parseCOAXml called for file: 343. 5E10.XML, content length: 13492
Starting parsing.. Size: 13519
Using xml2js for smaller file
parseCOAXml called for file: 343. D24A37 I-PRED EYE DROPS 10ML(YEMEN).XML, content length: 17184
Starting parsing.. Size: 17217
Using xml2js for smaller file
parseCOAXml called for file: 343. D26C34.XML, content length: 8431
Starting parsing.. Size: 8456
Using xml2js for smaller file
parseCOAXml called for file: 343. N26A07.XML, content length: 17045
Starting parsing.. Size: 17072
Using xml2js for smaller file
parseCOAXml called for file: 343. PS24117.XML, content length: 7865
Starting parsing.. Size: 7890
Using xml2js for smaller file
parseCOAXml called for file: 343. PS25096.XML, content length: 7747
Starting parsing.. Size: 7772
Using xml2js for smaller file
parseCOAXml called for file: 344. D24A39 FRINZY EYE DROPS 10ML.XML, content length: 18509
Starting parsing.. Size: 18536
Using xml2js for smaller file
parseCOAXml called for file: 344. D24G21.XML, content length: 8441
Starting parsing.. Size: 8466
Using xml2js for smaller file
parseCOAXml called for file: 344. D25E37.XML, content length: 18321
Starting parsing.. Size: 18354
Using xml2js for smaller file
parseCOAXml called for file: 344. D25F39.XML, content length: 9734
Starting parsing.. Size: 9759
Using xml2js for smaller file
parseCOAXml called for file: 344. I449.XML, content length: 7348
Starting parsing.. Size: 7373
Using xml2js for smaller file
parseCOAXml called for file: 344. N26A08_TOBRAMYCIN & DEXAMTHASONE TLG EYE DROPS 5ML.XML, content length: 19479
Starting parsing.. Size: 19512
Using xml2js for smaller file
parseCOAXml called for file: 345. D24A39 ZONAP PLUS EYE DROPS 10ML.XML, content length: 18521
Starting parsing.. Size: 18548
Using xml2js for smaller file
parseCOAXml called for file: 345. D25F40.XML, content length: 8560
Starting parsing.. Size: 8585
Using xml2js for smaller file
parseCOAXml called for file: 345. N25E24.XML, content length: 22899
Starting parsing.. Size: 22932
Using xml2js for smaller file
parseCOAXml called for file: 345. N26A08_TOBRINE-DX EYE DROPS 10ML.XML, content length: 19442
Starting parsing.. Size: 19475
Using xml2js for smaller file
parseCOAXml called for file: 345. N26C24.XML, content length: 9560
Starting parsing.. Size: 9585
Using xml2js for smaller file
parseCOAXml called for file: 345. UC24007.XML, content length: 6563
Starting parsing.. Size: 6588
Using xml2js for smaller file
parseCOAXml called for file: 346. 24AM12.XML, content length: 9855
Starting parsing.. Size: 9880
Using xml2js for smaller file
parseCOAXml called for file: 346. D24A39 I REST EYE DROPS 10ML(YASH OPTHO).XML, content length: 18544
Starting parsing.. Size: 18571
Using xml2js for smaller file
parseCOAXml called for file: 346. N25E24.XML, content length: 22890
Starting parsing.. Size: 22923
Using xml2js for smaller file
parseCOAXml called for file: 346. N26A09.XML, content length: 13467
Starting parsing.. Size: 13494
Using xml2js for smaller file
parseCOAXml called for file: 346. PS26039.XML, content length: 7747
Starting parsing.. Size: 7772
Using xml2js for smaller file
parseCOAXml called for file: 346. PZ25003.XML, content length: 7757
Starting parsing.. Size: 7782
Using xml2js for smaller file
parseCOAXml called for file: 347. 4G07.XML, content length: 7329
Starting parsing.. Size: 7354
Using xml2js for smaller file
parseCOAXml called for file: 347. 5F12.XML, content length: 8431
Starting parsing.. Size: 8456
Using xml2js for smaller file
parseCOAXml called for file: 347. 6C15.XML, content length: 8267
Starting parsing.. Size: 8292
Using xml2js for smaller file
parseCOAXml called for file: 347. D24A40.XML, content length: 16117
Starting parsing.. Size: 16144
Using xml2js for smaller file
parseCOAXml called for file: 347. N25E24.XML, content length: 22902
Starting parsing.. Size: 22935
Using xml2js for smaller file
parseCOAXml called for file: 347. N26A10.XML, content length: 13469
Starting parsing.. Size: 13496
Using xml2js for smaller file
parseCOAXml called for file: 348. D24B01 HYAQUA EYE DROPS 10ML.XML, content length: 16124
Starting parsing.. Size: 16151
Using xml2js for smaller file
parseCOAXml called for file: 348. D24G22.XML, content length: 9614
Starting parsing.. Size: 9639
Using xml2js for smaller file
parseCOAXml called for file: 348. D25F41.XML, content length: 8666
Starting parsing.. Size: 8691
Using xml2js for smaller file
parseCOAXml called for file: 348. D26C35.XML, content length: 8431
Starting parsing.. Size: 8456
Using xml2js for smaller file
parseCOAXml called for file: 348. N25E24.XML, content length: 22902
Starting parsing.. Size: 22935
Using xml2js for smaller file
parseCOAXml called for file: 348. N26A11.XML, content length: 13469
Starting parsing.. Size: 13496
Using xml2js for smaller file
parseCOAXml called for file: 349. 5E11.XML, content length: 13491
Starting parsing.. Size: 13518
Using xml2js for smaller file
parseCOAXml called for file: 349. 5F13.XML, content length: 7358
Starting parsing.. Size: 7383
Using xml2js for smaller file
parseCOAXml called for file: 349. D24B01 SCI-HY EYE DROPS 10ML.XML, content length: 16145
Starting parsing.. Size: 16172
Using xml2js for smaller file
parseCOAXml called for file: 349. D24G23.XML, content length: 8431
Starting parsing.. Size: 8456
Using xml2js for smaller file
parseCOAXml called for file: 349. D26C36.XML, content length: 8435
Starting parsing.. Size: 8460
Using xml2js for smaller file
parseCOAXml called for file: 349. N26A12.XML, content length: 13451
Starting parsing.. Size: 13478
Using xml2js for smaller file
parseCOAXml called for file: 35. 4A16.XML, content length: 18641
Starting parsing.. Size: 18678
Using xml2js for smaller file
parseCOAXml called for file: 35. 5L09.XML, content length: 8306
Starting parsing.. Size: 8331
Using xml2js for smaller file
parseCOAXml called for file: 35. 6B10_LUBREX PM EYE GEL 5GM.XML, content length: 15671
Starting parsing.. Size: 15698
Using xml2js for smaller file
parseCOAXml called for file: 35. CMA126.XML, content length: 9412
Starting parsing.. Size: 9437
Using xml2js for smaller file
parseCOAXml called for file: 35. D25E36 copy.XML, content length: 19494
Starting parsing.. Size: 19527
Using xml2js for smaller file
parseCOAXml called for file: 35. D25E36.XML, content length: 8396
Starting parsing.. Size: 8421
Using xml2js for smaller file
parseCOAXml called for file: 35. D25L26.XML, content length: 22879
Starting parsing.. Size: 22912
Using xml2js for smaller file
parseCOAXml called for file: 35. D26A03.XML, content length: 8678
Starting parsing.. Size: 8703
Using xml2js for smaller file
parseCOAXml called for file: 35. N25L33.XML, content length: 18262
Starting parsing.. Size: 18289
Using xml2js for smaller file
parseCOAXml called for file: 35. N25L34.XML, content length: 8660
Starting parsing.. Size: 8685
Using xml2js for smaller file
parseCOAXml called for file: 350. A042.XML, content length: 7236
Starting parsing.. Size: 7261
Using xml2js for smaller file
parseCOAXml called for file: 350. B5E01 ps.XML, content length: 14497
Starting parsing.. Size: 14524
Using xml2js for smaller file
parseCOAXml called for file: 350. D24B01 HYAQUA MINI EYE DROPS 5ML.XML, content length: 16127
Starting parsing.. Size: 16154
Using xml2js for smaller file
parseCOAXml called for file: 350. N24G20.XML, content length: 10663
Starting parsing.. Size: 10690
Using xml2js for smaller file
parseCOAXml called for file: 350. N26A13_TIMOLOL TLG 5ML.XML, content length: 14954
Starting parsing.. Size: 14981
Using xml2js for smaller file
parseCOAXml called for file: 350. N26C25.XML, content length: 9559
Starting parsing.. Size: 9584
Using xml2js for smaller file
parseCOAXml called for file: 351. 24AM13.XML, content length: 9580
Starting parsing.. Size: 9605
Using xml2js for smaller file
parseCOAXml called for file: 351. B5E01.XML, content length: 14486
Starting parsing.. Size: 14513
Using xml2js for smaller file
parseCOAXml called for file: 351. D24B02.XML, content length: 19288
Starting parsing.. Size: 19315
Using xml2js for smaller file
parseCOAXml called for file: 351. D25F42.XML, content length: 8563
Starting parsing.. Size: 8588
Using xml2js for smaller file
parseCOAXml called for file: 351. N26A13_TEEMOL 0.5% EYE DROPS 10ML.XML, content length: 28710
Starting parsing.. Size: 28737
Using xml2js for smaller file
parseCOAXml called for file: 351. N26C26.XML, content length: 9560
Starting parsing.. Size: 9585
Using xml2js for smaller file
parseCOAXml called for file: 352. D24B03 VIZOGAT-LP EYE DROPS 5ML.XML, content length: 23284
Starting parsing.. Size: 23317
Using xml2js for smaller file
parseCOAXml called for file: 352. D24G24.XML, content length: 10690
Starting parsing.. Size: 10715
Using xml2js for smaller file
parseCOAXml called for file: 352. D25E38.XML, content length: 16757
Starting parsing.. Size: 16784
Using xml2js for smaller file
parseCOAXml called for file: 352. D25F43.XML, content length: 8614
Starting parsing.. Size: 8639
Using xml2js for smaller file
parseCOAXml called for file: 352. N26A14.XML, content length: 17887
Starting parsing.. Size: 17918
Using xml2js for smaller file
parseCOAXml called for file: 352. PS26040.XML, content length: 7747
Starting parsing.. Size: 7772
Using xml2js for smaller file
parseCOAXml called for file: 353. D24B03 GATICON-LP EYE DROPS 5ML.XML, content length: 23331
Starting parsing.. Size: 23366
Using xml2js for smaller file
parseCOAXml called for file: 353. D24G25.XML, content length: 8627
Starting parsing.. Size: 8652
Using xml2js for smaller file
parseCOAXml called for file: 353. HI25F01.XML, content length: 5582
Starting parsing.. Size: 5607
Using xml2js for smaller file
parseCOAXml called for file: 353. N25E25.XML, content length: 22932
Starting parsing.. Size: 22965
Using xml2js for smaller file
parseCOAXml called for file: 353. N26A16_HYALUBRIX SP 5ML.XML, content length: 17134
Starting parsing.. Size: 17161
Using xml2js for smaller file
parseCOAXml called for file: 353. PS26041.XML, content length: 7747
Starting parsing.. Size: 7772
Using xml2js for smaller file
parseCOAXml called for file: 354. D24B04 BRINZY-B EYE DROPS 5ML.XML, content length: 22143
Starting parsing.. Size: 22178
Using xml2js for smaller file
parseCOAXml called for file: 354. L1824006.XML, content length: 5441
Starting parsing.. Size: 5466
Using xml2js for smaller file
parseCOAXml called for file: 354. N25E25.XML, content length: 22913
Starting parsing.. Size: 22946
Using xml2js for smaller file
parseCOAXml called for file: 354. N25F20.XML, content length: 8633
Starting parsing.. Size: 8658
Using xml2js for smaller file
parseCOAXml called for file: 354. N26A16_HYALUBRIX SP 10ML.XML, content length: 17143
Starting parsing.. Size: 17170
Using xml2js for smaller file
parseCOAXml called for file: 355. 5F14.XML, content length: 7399
Starting parsing.. Size: 7424
Using xml2js for smaller file
parseCOAXml called for file: 355. D24B04 SCIBRINZ-B EYE DROPS 5ML.XML, content length: 22165
Starting parsing.. Size: 22200
Using xml2js for smaller file
parseCOAXml called for file: 355. N24G21.XML, content length: 9856
Starting parsing.. Size: 9881
Using xml2js for smaller file
parseCOAXml called for file: 355. N25E25.XML, content length: 22904
Starting parsing.. Size: 22937
Using xml2js for smaller file
parseCOAXml called for file: 355. N26A18.XML, content length: 15953
Starting parsing.. Size: 15980
Using xml2js for smaller file
parseCOAXml called for file: 356. 4G08.XML, content length: 9578
Starting parsing.. Size: 9603
Using xml2js for smaller file
parseCOAXml called for file: 356. 5E12.XML, content length: 13492
Starting parsing.. Size: 13519
Using xml2js for smaller file
parseCOAXml called for file: 356. D24B06.XML, content length: 16423
Starting parsing.. Size: 16450
Using xml2js for smaller file
parseCOAXml called for file: 356. D25F45.XML, content length: 8642
Starting parsing.. Size: 8667
Using xml2js for smaller file
parseCOAXml called for file: 356. N26A19.XML, content length: 15953
Starting parsing.. Size: 15980
Using xml2js for smaller file
parseCOAXml called for file: 357. 4G09.XML, content length: 9578
Starting parsing.. Size: 9603
Using xml2js for smaller file
parseCOAXml called for file: 357. D24B07 DORTAS EYE DROPS 5ML (INTAS TP).XML, content length: 17608
Starting parsing.. Size: 17635
Using xml2js for smaller file
parseCOAXml called for file: 357. D25E40.XML, content length: 15916
Starting parsing.. Size: 15943
Using xml2js for smaller file
parseCOAXml called for file: 357. HI25F02.XML, content length: 5583
Starting parsing.. Size: 5608
Using xml2js for smaller file
parseCOAXml called for file: 357. N26A20.XML, content length: 14939
Starting parsing.. Size: 14966
Using xml2js for smaller file
parseCOAXml called for file: 358. D24B07 DORZY EYE DROPS 5ML.XML, content length: 31512
Starting parsing.. Size: 31539
Using xml2js for smaller file
parseCOAXml called for file: 358. D24G26.XML, content length: 8435
Starting parsing.. Size: 8460
Using xml2js for smaller file
parseCOAXml called for file: 358. D25E40.XML, content length: 15926
Starting parsing.. Size: 15953
Using xml2js for smaller file
parseCOAXml called for file: 358. N25F22.XML, content length: 8440
Starting parsing.. Size: 8465
Using xml2js for smaller file
parseCOAXml called for file: 358. N26A21_ANGLAUC OPHTHALMIC SOLUTION 5ML.XML, content length: 17289
Starting parsing.. Size: 17316
Using xml2js for smaller file
parseCOAXml called for file: 359. 5E13.XML, content length: 13492
Starting parsing.. Size: 13519
Using xml2js for smaller file
parseCOAXml called for file: 359. D24B08  IO-NATA EYE DROPS 5ML (INDIANA).XML, content length: 17175
Starting parsing.. Size: 17208
Using xml2js for smaller file
parseCOAXml called for file: 359. D25F47.XML, content length: 9776
Starting parsing.. Size: 9801
Using xml2js for smaller file
parseCOAXml called for file: 359. N24G23.XML, content length: 8041
Starting parsing.. Size: 8066
Using xml2js for smaller file
parseCOAXml called for file: 359. N26A21_BREEMOL PLUS EYE DROPS 5ML.XML, content length: 27600
Starting parsing.. Size: 27627
Using xml2js for smaller file
parseCOAXml called for file: 36. 4B01.XML, content length: 21092
Starting parsing.. Size: 21119
Using xml2js for smaller file
  ...4000 COA files processed (created 3987)
parseCOAXml called for file: 36. 6C01_GANCIGEL 5GM P.S..XML, content length: 18323
Starting parsing.. Size: 18350
Using xml2js for smaller file
parseCOAXml called for file: 36. CMA127.XML, content length: 9413
Starting parsing.. Size: 9438
Using xml2js for smaller file
parseCOAXml called for file: 36. D25E39 copy.XML, content length: 16524
Starting parsing.. Size: 16551
Using xml2js for smaller file
parseCOAXml called for file: 36. D25E39.XML, content length: 8543
Starting parsing.. Size: 8568
Using xml2js for smaller file
parseCOAXml called for file: 36. D25L26.XML, content length: 22889
Starting parsing.. Size: 22922
Using xml2js for smaller file
parseCOAXml called for file: 36. D26A04.XML, content length: 8665
Starting parsing.. Size: 8690
Using xml2js for smaller file
parseCOAXml called for file: 36. N25L22.XML, content length: 10149
Starting parsing.. Size: 10174
Using xml2js for smaller file
parseCOAXml called for file: 36. PS25223.XML, content length: 17766
Starting parsing.. Size: 17793
Using xml2js for smaller file
parseCOAXml called for file: 36. PS25225.XML, content length: 7747
Starting parsing.. Size: 7772
Using xml2js for smaller file
parseCOAXml called for file: 360. B5E02.XML, content length: 13342
Starting parsing.. Size: 13369
Using xml2js for smaller file
parseCOAXml called for file: 360. D24B08 NATAMYCIN OPH SOL IP(GMSCL).XML, content length: 17210
Starting parsing.. Size: 17243
Using xml2js for smaller file
parseCOAXml called for file: 360. D24G27.XML, content length: 11572
Starting parsing.. Size: 11597
Using xml2js for smaller file
parseCOAXml called for file: 360. IS0015F.XML, content length: 9406
Starting parsing.. Size: 9433
Using xml2js for smaller file
parseCOAXml called for file: 360. N26A22.XML, content length: 16762
Starting parsing.. Size: 16789
Using xml2js for smaller file
parseCOAXml called for file: 361. D24B08 NIKICIN EYE DROPS 5ML.XML, content length: 17150
Starting parsing.. Size: 17183
Using xml2js for smaller file
parseCOAXml called for file: 361. D25E41.XML, content length: 15950
Starting parsing.. Size: 15977
Using xml2js for smaller file
parseCOAXml called for file: 361. GP164.XML, content length: 8717
Starting parsing.. Size: 8742
Using xml2js for smaller file
parseCOAXml called for file: 361. N24G24.XML, content length: 8841
Starting parsing.. Size: 8866
Using xml2js for smaller file
parseCOAXml called for file: 361. N26A23.XML, content length: 16762
Starting parsing.. Size: 16789
Using xml2js for smaller file
parseCOAXml called for file: 362. D24B09.XML, content length: 25318
Starting parsing.. Size: 25351
Using xml2js for smaller file
parseCOAXml called for file: 362. D25F48.XML, content length: 8657
Starting parsing.. Size: 8682
Using xml2js for smaller file
parseCOAXml called for file: 362. N25E27.XML, content length: 16338
Starting parsing.. Size: 16365
Using xml2js for smaller file
parseCOAXml called for file: 362. N26A24_SCIPRED EYE DROPS 10ML.XML, content length: 17197
Starting parsing.. Size: 17230
Using xml2js for smaller file
parseCOAXml called for file: 362. PS24118.XML, content length: 7865
Starting parsing.. Size: 7890
Using xml2js for smaller file
parseCOAXml called for file: 363. 4G10.XML, content length: 8582
Starting parsing.. Size: 8607
Using xml2js for smaller file
parseCOAXml called for file: 363. D24B10.XML, content length: 22583
Starting parsing.. Size: 22610
Using xml2js for smaller file
parseCOAXml called for file: 363. I386.XML, content length: 7244
Starting parsing.. Size: 7269
Using xml2js for smaller file
parseCOAXml called for file: 363. N25E27.XML, content length: 14971
Starting parsing.. Size: 14998
Using xml2js for smaller file
parseCOAXml called for file: 363. N26A24_I-PRED EYE DROPS 10ML.XML, content length: 17155
Starting parsing.. Size: 17188
Using xml2js for smaller file
parseCOAXml called for file: 364. D24B11 ITRAPRESS EYE DROPS 5ML.XML, content length: 16332
Starting parsing.. Size: 16365
Using xml2js for smaller file
parseCOAXml called for file: 364. D24G28.XML, content length: 11575
Starting parsing.. Size: 11600
Using xml2js for smaller file
parseCOAXml called for file: 364. IS0025F.XML, content length: 11493
Starting parsing.. Size: 11520
Using xml2js for smaller file
parseCOAXml called for file: 364. N25E27.XML, content length: 14952
Starting parsing.. Size: 14979
Using xml2js for smaller file
parseCOAXml called for file: 364. N26A25.XML, content length: 17186
Starting parsing.. Size: 17219
Using xml2js for smaller file
parseCOAXml called for file: 365. D24B11 SCI ITRA EYE DROPS 5ML.XML, content length: 16351
Starting parsing.. Size: 16384
Using xml2js for smaller file
parseCOAXml called for file: 365. D25E42.XML, content length: 15950
Starting parsing.. Size: 15977
Using xml2js for smaller file
parseCOAXml called for file: 365. D25F49.XML, content length: 8657
Starting parsing.. Size: 8682
Using xml2js for smaller file
parseCOAXml called for file: 365. N24G26.XML, content length: 8386
Starting parsing.. Size: 8411
Using xml2js for smaller file
parseCOAXml called for file: 365. N26A26.XML, content length: 17186
Starting parsing.. Size: 17219
Using xml2js for smaller file
parseCOAXml called for file: 366. 4G11.XML, content length: 8438
Starting parsing.. Size: 8463
Using xml2js for smaller file
parseCOAXml called for file: 366. D24B11 CU ITRA EYE EAR DROPS 5ML.XML, content length: 16338
Starting parsing.. Size: 16371
Using xml2js for smaller file
parseCOAXml called for file: 366. D25E43.XML, content length: 15911
Starting parsing.. Size: 15938
Using xml2js for smaller file
parseCOAXml called for file: 366. N25F23.XML, content length: 9570
Starting parsing.. Size: 9595
Using xml2js for smaller file
parseCOAXml called for file: 366. N26A27_AAQULTRA EYE DROPS 10ML.XML, content length: 19624
Starting parsing.. Size: 19651
Using xml2js for smaller file
parseCOAXml called for file: 367. 5F01.XML, content length: 16255
Starting parsing.. Size: 16292
Using xml2js for smaller file
parseCOAXml called for file: 367. D24B12 TEEMOL EYE DROPS 10ML.XML, content length: 28665
Starting parsing.. Size: 28692
Using xml2js for smaller file
parseCOAXml called for file: 367. D24G29.XML, content length: 11569
Starting parsing.. Size: 11594
Using xml2js for smaller file
parseCOAXml called for file: 367. GP165.XML, content length: 8717
Starting parsing.. Size: 8742
Using xml2js for smaller file
parseCOAXml called for file: 367. N26A27_QUICKLUBE EYE DROPS 10ML.XML, content length: 19621
Starting parsing.. Size: 19648
Using xml2js for smaller file
parseCOAXml called for file: 368. B5F01.XML, content length: 13337
Starting parsing.. Size: 13364
Using xml2js for smaller file
parseCOAXml called for file: 368. D24B12 TIMOSTAL 10ML (PHILIPPINES).XML, content length: 14959
Starting parsing.. Size: 14986
Using xml2js for smaller file
parseCOAXml called for file: 368. D24G30.XML, content length: 9981
Starting parsing.. Size: 10006
Using xml2js for smaller file
parseCOAXml called for file: 368. D25F50.XML, content length: 8654
Starting parsing.. Size: 8679
Using xml2js for smaller file
parseCOAXml called for file: 368. N26A27_DUEWET EYE DROPS 10ML.XML, content length: 19612
Starting parsing.. Size: 19639
Using xml2js for smaller file
parseCOAXml called for file: 369. D24B13.XML, content length: 18426
Starting parsing.. Size: 18453
Using xml2js for smaller file
parseCOAXml called for file: 369. D25F51.XML, content length: 8654
Starting parsing.. Size: 8679
Using xml2js for smaller file
parseCOAXml called for file: 369. N25F01.XML, content length: 18021
Starting parsing.. Size: 18048
Using xml2js for smaller file
parseCOAXml called for file: 369. N26B01_SCIDORZ-T EYE DROPS 5ML.XML, content length: 22190
Starting parsing.. Size: 22217
Using xml2js for smaller file
parseCOAXml called for file: 369. PS24119.XML, content length: 7865
Starting parsing.. Size: 7890
Using xml2js for smaller file
parseCOAXml called for file: 37. 4B02 hype.XML, content length: 16768
Starting parsing.. Size: 16803
Using xml2js for smaller file
parseCOAXml called for file: 37. 6C01_GANCIGEL 5GM.XML, content length: 19667
Starting parsing.. Size: 19694
Using xml2js for smaller file
parseCOAXml called for file: 37. D24D13.XML, content length: 10159
Starting parsing.. Size: 10184
Using xml2js for smaller file
parseCOAXml called for file: 37. D25L42.XML, content length: 8651
Starting parsing.. Size: 8676
Using xml2js for smaller file
parseCOAXml called for file: 37. N25E26 copy.XML, content length: 18492
Starting parsing.. Size: 18519
Using xml2js for smaller file
parseCOAXml called for file: 37. N25E26.XML, content length: 8577
Starting parsing.. Size: 8602
Using xml2js for smaller file
parseCOAXml called for file: 37. N25L18.XML, content length: 18415
Starting parsing.. Size: 18442
Using xml2js for smaller file
parseCOAXml called for file: 37. N26A02.XML, content length: 8471
Starting parsing.. Size: 8496
Using xml2js for smaller file
parseCOAXml called for file: 37. PS25212.XML, content length: 7747
Starting parsing.. Size: 7772
Using xml2js for smaller file
parseCOAXml called for file: 37. PS25224.XML, content length: 17766
Starting parsing.. Size: 17793
Using xml2js for smaller file
parseCOAXml called for file: 370. 5F02.XML, content length: 18606
Starting parsing.. Size: 18643
Using xml2js for smaller file
parseCOAXml called for file: 370. D24B14.XML, content length: 16755
Starting parsing.. Size: 16782
Using xml2js for smaller file
parseCOAXml called for file: 370. N25F24.XML, content length: 9567
Starting parsing.. Size: 9592
Using xml2js for smaller file
parseCOAXml called for file: 370. N26B01_DORZOLAMIDE + TIMOLOL TLG 5ML.XML, content length: 23548
Starting parsing.. Size: 23575
Using xml2js for smaller file
parseCOAXml called for file: 370. PS24120.XML, content length: 7865
Starting parsing.. Size: 7890
Using xml2js for smaller file
parseCOAXml called for file: 371. 4G12.XML, content length: 7340
Starting parsing.. Size: 7365
Using xml2js for smaller file
parseCOAXml called for file: 371. 5F02.XML, content length: 18601
Starting parsing.. Size: 18640
Using xml2js for smaller file
parseCOAXml called for file: 371. D24B15 PARAPREC EYE DROPS 5ML.XML, content length: 14884
Starting parsing.. Size: 14911
Using xml2js for smaller file
parseCOAXml called for file: 371. N25F25.XML, content length: 9568
Starting parsing.. Size: 9593
Using xml2js for smaller file
parseCOAXml called for file: 371. N26B02.XML, content length: 18557
Starting parsing.. Size: 18584
Using xml2js for smaller file
parseCOAXml called for file: 372. D24B15 PROPARACAINE HCL OPH USP 5ML GMSCL.XML, content length: 14961
Starting parsing.. Size: 14988
Using xml2js for smaller file
parseCOAXml called for file: 372. D24G31.XML, content length: 8850
Starting parsing.. Size: 8875
Using xml2js for smaller file
parseCOAXml called for file: 372. D25F02.XML, content length: 19405
Starting parsing.. Size: 19432
Using xml2js for smaller file
parseCOAXml called for file: 372. I388.XML, content length: 7324
Starting parsing.. Size: 7349
Using xml2js for smaller file
parseCOAXml called for file: 372. N26B03.XML, content length: 18506
Starting parsing.. Size: 18533
Using xml2js for smaller file
parseCOAXml called for file: 373. D24B16 IO-PAT EYE DROPS 5ML.XML, content length: 34673
Starting parsing.. Size: 34700
Using xml2js for smaller file
parseCOAXml called for file: 373. D24G32.XML, content length: 10521
Starting parsing.. Size: 10548
Using xml2js for smaller file
parseCOAXml called for file: 373. N25F02.XML, content length: 20930
Starting parsing.. Size: 20963
Using xml2js for smaller file
parseCOAXml called for file: 373. N25G01.XML, content length: 8416
Starting parsing.. Size: 8441
Using xml2js for smaller file
parseCOAXml called for file: 373. N26B04.XML, content length: 18504
Starting parsing.. Size: 18531
Using xml2js for smaller file
parseCOAXml called for file: 374. D24B16 IO-PAT EYE DROPS 5ML (OLYMPEA).XML, content length: 20274
Starting parsing.. Size: 20301
Using xml2js for smaller file
parseCOAXml called for file: 374. N24G27.XML, content length: 8386
Starting parsing.. Size: 8411
Using xml2js for smaller file
parseCOAXml called for file: 374. N25F02.XML, content length: 20945
Starting parsing.. Size: 20978
Using xml2js for smaller file
parseCOAXml called for file: 374. N26B05.XML, content length: 19642
Starting parsing.. Size: 19669
Using xml2js for smaller file
parseCOAXml called for file: 374. UC25003.XML, content length: 6541
Starting parsing.. Size: 6566
Using xml2js for smaller file
parseCOAXml called for file: 375. 5F03.XML, content length: 17034
Starting parsing.. Size: 17061
Using xml2js for smaller file
parseCOAXml called for file: 375. D24B17.XML, content length: 21953
Starting parsing.. Size: 21980
Using xml2js for smaller file
parseCOAXml called for file: 375. D25G03.XML, content length: 9900
Starting parsing.. Size: 9925
Using xml2js for smaller file
parseCOAXml called for file: 375. N26B06.XML, content length: 13566
Starting parsing.. Size: 13593
Using xml2js for smaller file
parseCOAXml called for file: 375. PS24121.XML, content length: 7865
Starting parsing.. Size: 7890
Using xml2js for smaller file
parseCOAXml called for file: 376. 4G13.XML, content length: 7329
Starting parsing.. Size: 7354
Using xml2js for smaller file
parseCOAXml called for file: 376. 5F03.XML, content length: 17041
Starting parsing.. Size: 17068
Using xml2js for smaller file
parseCOAXml called for file: 376. D24B18.XML, content length: 32315
Starting parsing.. Size: 32342
Using xml2js for smaller file
parseCOAXml called for file: 376. HI25G01.XML, content length: 5582
Starting parsing.. Size: 5607
Using xml2js for smaller file
parseCOAXml called for file: 376. N26B07_GATICON-PD EYE DROPS 10ML.XML, content length: 21239
Starting parsing.. Size: 21274
Using xml2js for smaller file
parseCOAXml called for file: 377. 5F03.XML, content length: 17029
Starting parsing.. Size: 17056
Using xml2js for smaller file
parseCOAXml called for file: 377. D24B19 EYEVID EYE DROPS 10ML.XML, content length: 17773
Starting parsing.. Size: 17800
Using xml2js for smaller file
parseCOAXml called for file: 377. I389.XML, content length: 7324
Starting parsing.. Size: 7349
Using xml2js for smaller file
parseCOAXml called for file: 377. N24G28.XML, content length: 8717
Starting parsing.. Size: 8742
Using xml2js for smaller file
parseCOAXml called for file: 377. N26B07_SCIGAT-PD EYE DROPS 10ML.XML, content length: 22432
Starting parsing.. Size: 22467
Using xml2js for smaller file
parseCOAXml called for file: 378. D24B19 SCIFRESH EYE DROPS 10ML.XML, content length: 17802
Starting parsing.. Size: 17829
Using xml2js for smaller file
parseCOAXml called for file: 378. D25F03.XML, content length: 17317
Starting parsing.. Size: 17344
Using xml2js for smaller file
parseCOAXml called for file: 378. N25G02.XML, content length: 10826
Starting parsing.. Size: 10853
Using xml2js for smaller file
parseCOAXml called for file: 378. N26B08_EASIFRESH EYE DROPS 10ML.XML, content length: 16765
Starting parsing.. Size: 16792
Using xml2js for smaller file
parseCOAXml called for file: 378. PS24122.XML, content length: 7870
Starting parsing.. Size: 7895
Using xml2js for smaller file
parseCOAXml called for file: 379. 5G01.XML, content length: 8568
Starting parsing.. Size: 8593
Using xml2js for smaller file
parseCOAXml called for file: 379. D24B20 OLITEARS EYE DROPS 10ML.XML, content length: 17787
Starting parsing.. Size: 17814
Using xml2js for smaller file
parseCOAXml called for file: 379. L1825006.XML, content length: 11261
Starting parsing.. Size: 11288
Using xml2js for smaller file
parseCOAXml called for file: 379. N26B08_EASIFRESH EYE DROPS 10ML(ETHIOPIA).XML, content length: 16770
Starting parsing.. Size: 16797
Using xml2js for smaller file
parseCOAXml called for file: 379. PS24123.XML, content length: 7865
Starting parsing.. Size: 7890
Using xml2js for smaller file
parseCOAXml called for file: 38. 4B02.XML, content length: 16829
Starting parsing.. Size: 16864
Using xml2js for smaller file
parseCOAXml called for file: 38. 5L10.XML, content length: 8306
Starting parsing.. Size: 8331
Using xml2js for smaller file
parseCOAXml called for file: 38. 6A02.XML, content length: 7495
Starting parsing.. Size: 7520
Using xml2js for smaller file
parseCOAXml called for file: 38. 6C02.XML, content length: 13494
Starting parsing.. Size: 13521
Using xml2js for smaller file
parseCOAXml called for file: 38. A044.XML, content length: 16378
Starting parsing.. Size: 16415
Using xml2js for smaller file
parseCOAXml called for file: 38. D24D14.XML, content length: 9579
Starting parsing.. Size: 9604
Using xml2js for smaller file
parseCOAXml called for file: 38. D25F01 copy.XML, content length: 18156
Starting parsing.. Size: 18183
Using xml2js for smaller file
parseCOAXml called for file: 38. D25F01.XML, content length: 9468
Starting parsing.. Size: 9493
Using xml2js for smaller file
parseCOAXml called for file: 38. D25L43.XML, content length: 8723
Starting parsing.. Size: 8748
Using xml2js for smaller file
parseCOAXml called for file: 38. RI530.XML, content length: 14601
Starting parsing.. Size: 14628
Using xml2js for smaller file
parseCOAXml called for file: 380. D24B20 BIOWET EYE DROPS 10ML.XML, content length: 17770
Starting parsing.. Size: 17797
Using xml2js for smaller file
parseCOAXml called for file: 380. D24G35.XML, content length: 8658
Starting parsing.. Size: 8683
Using xml2js for smaller file
parseCOAXml called for file: 380. D25G04.XML, content length: 8651
Starting parsing.. Size: 8676
Using xml2js for smaller file
parseCOAXml called for file: 380. N25F03.XML, content length: 20927
Starting parsing.. Size: 20960
Using xml2js for smaller file
parseCOAXml called for file: 380. N26B09.XML, content length: 17163
Starting parsing.. Size: 17196
Using xml2js for smaller file
parseCOAXml called for file: 381. 4G14.XML, content length: 7330
Starting parsing.. Size: 7355
Using xml2js for smaller file
parseCOAXml called for file: 381. D24B20 CMCIK EYE DROPS 10ML.XML, content length: 17769
Starting parsing.. Size: 17796
Using xml2js for smaller file
parseCOAXml called for file: 381. N25F03.XML, content length: 20936
Starting parsing.. Size: 20969
Using xml2js for smaller file
parseCOAXml called for file: 381. N25G03.XML, content length: 10624
Starting parsing.. Size: 10649
Using xml2js for smaller file
parseCOAXml called for file: 381. N26B10.XML, content length: 16817
Starting parsing.. Size: 16844
Using xml2js for smaller file
parseCOAXml called for file: 382. 5F04.XML, content length: 17035
Starting parsing.. Size: 17062
Using xml2js for smaller file
parseCOAXml called for file: 382. D24B20 OLYFRESH EYE DROPS 10ML(OLYMPEA).XML, content length: 19296
Starting parsing.. Size: 19323
Using xml2js for smaller file
parseCOAXml called for file: 382. D24G36.XML, content length: 8658
Starting parsing.. Size: 8683
Using xml2js for smaller file
parseCOAXml called for file: 382. D25G06.XML, content length: 9724
Starting parsing.. Size: 9749
Using xml2js for smaller file
parseCOAXml called for file: 382. N26B11_OPTIFRRESH PLUS EYE DROPS 15ML.XML, content length: 18020
Starting parsing.. Size: 18047
Using xml2js for smaller file
parseCOAXml called for file: 383. 5F04.XML, content length: 17045
Starting parsing.. Size: 17072
Using xml2js for smaller file
parseCOAXml called for file: 383. D24B21.XML, content length: 32229
Starting parsing.. Size: 32256
Using xml2js for smaller file
parseCOAXml called for file: 383. D25G07.XML, content length: 11153
Starting parsing.. Size: 11178
Using xml2js for smaller file
parseCOAXml called for file: 383. IS0034G.XML, content length: 10440
Starting parsing.. Size: 10467
Using xml2js for smaller file
parseCOAXml called for file: 383. N26B11_OPTIFRRESH PLUS EYE DROPS 10ML(MOROCCO).XML, content length: 17927
Starting parsing.. Size: 17954
Using xml2js for smaller file
parseCOAXml called for file: 384. D24B22 GENLUBE GEL EYE DROPS 10ML.XML, content length: 17788
Starting parsing.. Size: 17815
Using xml2js for smaller file
parseCOAXml called for file: 384. D25F04.XML, content length: 15837
Starting parsing.. Size: 15864
Using xml2js for smaller file
parseCOAXml called for file: 384. N24G29.XML, content length: 8664
Starting parsing.. Size: 8689
Using xml2js for smaller file
parseCOAXml called for file: 384. N25G04.XML, content length: 10624
Starting parsing.. Size: 10649
Using xml2js for smaller file
parseCOAXml called for file: 384. N26B12_SCIMOX-LP EYE DROPS 5ML.XML, content length: 22940
Starting parsing.. Size: 22973
Using xml2js for smaller file
parseCOAXml called for file: 385. D24B22 OLITEARS DS EYE DROPS 10ML.XML, content length: 17791
Starting parsing.. Size: 17818
Using xml2js for smaller file
parseCOAXml called for file: 385. D25F05.XML, content length: 17416
Starting parsing.. Size: 17443
Using xml2js for smaller file
parseCOAXml called for file: 385. D25G08.XML, content length: 11137
Starting parsing.. Size: 11162
Using xml2js for smaller file
parseCOAXml called for file: 385. N26B12_MOXICON-LP EYE DROPS 5ML.XML, content length: 22881
Starting parsing.. Size: 22914
Using xml2js for smaller file
parseCOAXml called for file: 385. PS24124.XML, content length: 7865
Starting parsing.. Size: 7890
Using xml2js for smaller file
parseCOAXml called for file: 386. 4G15.XML, content length: 7329
Starting parsing.. Size: 7354
Using xml2js for smaller file
parseCOAXml called for file: 386. D24B25.XML, content length: 16147
Starting parsing.. Size: 16174
Using xml2js for smaller file
parseCOAXml called for file: 386. D25F05.XML, content length: 31005
Starting parsing.. Size: 31032
Using xml2js for smaller file
parseCOAXml called for file: 386. D25G09.XML, content length: 11135
Starting parsing.. Size: 11160
Using xml2js for smaller file
parseCOAXml called for file: 386. N26B13.XML, content length: 18981
Starting parsing.. Size: 19014
Using xml2js for smaller file
parseCOAXml called for file: 387. D24B26 SCIMOX EYE DROPS 5ML.XML, content length: 17562
Starting parsing.. Size: 17589
Using xml2js for smaller file
parseCOAXml called for file: 387. D24G37.XML, content length: 8658
Starting parsing.. Size: 8683
Using xml2js for smaller file
parseCOAXml called for file: 387. I390.XML, content length: 8320
Starting parsing.. Size: 8345
Using xml2js for smaller file
parseCOAXml called for file: 387. N25F04.XML, content length: 20920
Starting parsing.. Size: 20953
Using xml2js for smaller file
parseCOAXml called for file: 387. N26B14.XML, content length: 18981
Starting parsing.. Size: 19014
Using xml2js for smaller file
parseCOAXml called for file: 388. D24B26 MOXICON EYE DROPS 5ML.XML, content length: 34173
Starting parsing.. Size: 34200
Using xml2js for smaller file
parseCOAXml called for file: 388. N25F04.XML, content length: 20915
Starting parsing.. Size: 20948
Using xml2js for smaller file
parseCOAXml called for file: 388. N25G05.XML, content length: 10623
Starting parsing.. Size: 10648
Using xml2js for smaller file
parseCOAXml called for file: 388. N26B15.XML, content length: 17166
Starting parsing.. Size: 17199
Using xml2js for smaller file
parseCOAXml called for file: 388. PS24125.XML, content length: 7865
Starting parsing.. Size: 7890
Using xml2js for smaller file
parseCOAXml called for file: 389. D24B26 IO-MOX EYE DROPS 5ML.XML, content length: 17510
Starting parsing.. Size: 17537
Using xml2js for smaller file
parseCOAXml called for file: 389. D25G10.XML, content length: 8651
Starting parsing.. Size: 8676
Using xml2js for smaller file
parseCOAXml called for file: 389. N25F04.XML, content length: 20916
Starting parsing.. Size: 20949
Using xml2js for smaller file
parseCOAXml called for file: 389. N26B16.XML, content length: 17166
Starting parsing.. Size: 17199
Using xml2js for smaller file
parseCOAXml called for file: 389. PS24126.XML, content length: 12484
Starting parsing.. Size: 12509
Using xml2js for smaller file
parseCOAXml called for file: 39. 4B03.XML, content length: 17067
Starting parsing.. Size: 17094
Using xml2js for smaller file
parseCOAXml called for file: 39. 4D02.XML, content length: 8636
Starting parsing.. Size: 8661
Using xml2js for smaller file
parseCOAXml called for file: 39. 5F07 copy.XML, content length: 19637
Starting parsing.. Size: 19672
Using xml2js for smaller file
parseCOAXml called for file: 39. 5F07.XML, content length: 5815
Starting parsing.. Size: 5840
Using xml2js for smaller file
parseCOAXml called for file: 39. 5L11.XML, content length: 8568
Starting parsing.. Size: 8593
Using xml2js for smaller file
parseCOAXml called for file: 39. 5L20.XML, content length: 18703
Starting parsing.. Size: 18740
Using xml2js for smaller file
parseCOAXml called for file: 39. 6C03.XML, content length: 16318
Starting parsing.. Size: 16355
Using xml2js for smaller file
parseCOAXml called for file: 39. D25L27.XML, content length: 15834
Starting parsing.. Size: 15861
Using xml2js for smaller file
parseCOAXml called for file: 39. D26A05.XML, content length: 9904
Starting parsing.. Size: 9929
Using xml2js for smaller file
parseCOAXml called for file: 39. I424.XML, content length: 8321
Starting parsing.. Size: 8346
Using xml2js for smaller file
parseCOAXml called for file: 390. D24B27 IMOXCIN EYE DROPS 5ML.XML, content length: 17537
Starting parsing.. Size: 17564
Using xml2js for smaller file
parseCOAXml called for file: 390. D24G38.XML, content length: 8731
Starting parsing.. Size: 8756
Using xml2js for smaller file
parseCOAXml called for file: 390. N25F04.XML, content length: 20944
Starting parsing.. Size: 20977
Using xml2js for smaller file
parseCOAXml called for file: 390. N25G06.XML, content length: 8717
Starting parsing.. Size: 8742
Using xml2js for smaller file
parseCOAXml called for file: 390. N26B17.XML, content length: 17160
Starting parsing.. Size: 17193
Using xml2js for smaller file
parseCOAXml called for file: 391. D24B27 TIGOMOX EYE DROPS 5ML.XML, content length: 17539
Starting parsing.. Size: 17566
Using xml2js for smaller file
parseCOAXml called for file: 391. D25G11.XML, content length: 8651
Starting parsing.. Size: 8676
Using xml2js for smaller file
parseCOAXml called for file: 391. N24G30.XML, content length: 8512
Starting parsing.. Size: 8537
Using xml2js for smaller file
parseCOAXml called for file: 391. N25F04.XML, content length: 20926
Starting parsing.. Size: 20959
Using xml2js for smaller file
parseCOAXml called for file: 391. N26B18_MOXIFLOXACIN-TLG 5ML.XML, content length: 21099
Starting parsing.. Size: 21126
Using xml2js for smaller file
parseCOAXml called for file: 392. 5F05.XML, content length: 17065
Starting parsing.. Size: 17092
Using xml2js for smaller file
parseCOAXml called for file: 392. D24B27 ZETAMOX EYE DROPS 5ML.XML, content length: 17538
Starting parsing.. Size: 17565
Using xml2js for smaller file
parseCOAXml called for file: 392. I391.XML, content length: 8320
Starting parsing.. Size: 8345
Using xml2js for smaller file
parseCOAXml called for file: 392. N26B18_MOXISKY EYE DROPS 5ML.XML, content length: 17329
Starting parsing.. Size: 17356
Using xml2js for smaller file
parseCOAXml called for file: 392. PS24127.XML, content length: 12484
Starting parsing.. Size: 12509
Using xml2js for smaller file
parseCOAXml called for file: 393. 4G16.XML, content length: 9579
Starting parsing.. Size: 9604
Using xml2js for smaller file
parseCOAXml called for file: 393. D24B27 RESITEV EYE DROPS 5ML.XML, content length: 17524
Starting parsing.. Size: 17551
Using xml2js for smaller file
parseCOAXml called for file: 393. D25F06.XML, content length: 23484
Starting parsing.. Size: 23511
Using xml2js for smaller file
parseCOAXml called for file: 393. N25G07.XML, content length: 9638
Starting parsing.. Size: 9663
Using xml2js for smaller file
parseCOAXml called for file: 393. N26B18_MOXISKY EYE DROPS 5ML.XML, content length: 17337
Starting parsing.. Size: 17364
Using xml2js for smaller file
parseCOAXml called for file: 394. D24B27 MOXICON EYE DROPS 5ML (ANGOLA).XML, content length: 21409
Starting parsing.. Size: 21436
Using xml2js for smaller file
parseCOAXml called for file: 394. D24G39.XML, content length: 9544
Starting parsing.. Size: 9569
Using xml2js for smaller file
parseCOAXml called for file: 394. D25F06.XML, content length: 40493
Starting parsing.. Size: 40520
Using xml2js for smaller file
parseCOAXml called for file: 394. N26B18_MOXIROOT EYE DROPS 5ML.XML, content length: 17323
Starting parsing.. Size: 17350
Using xml2js for smaller file
parseCOAXml called for file: 394. PS25097.XML, content length: 7747
Starting parsing.. Size: 7772
Using xml2js for smaller file
parseCOAXml called for file: 395. D24B27 MOXFLOX EYE DROPS 5ML.XML, content length: 17562
Starting parsing.. Size: 17589
Using xml2js for smaller file
parseCOAXml called for file: 395. D24G40.XML, content length: 9502
Starting parsing.. Size: 9527
Using xml2js for smaller file
parseCOAXml called for file: 395. N25F05.XML, content length: 19586
Starting parsing.. Size: 19613
Using xml2js for smaller file
parseCOAXml called for file: 395. N26B18_EFIQUIN EYE DROPS 5ML.XML, content length: 17327
Starting parsing.. Size: 17354
Using xml2js for smaller file
parseCOAXml called for file: 395. PS25098.XML, content length: 7747
Starting parsing.. Size: 7772
Using xml2js for smaller file
parseCOAXml called for file: 396. 5G02.XML, content length: 7401
Starting parsing.. Size: 7426
Using xml2js for smaller file
parseCOAXml called for file: 396. D24B28.XML, content length: 17158
Starting parsing.. Size: 17191
Using xml2js for smaller file
parseCOAXml called for file: 396. N24G31.XML, content length: 8433
Starting parsing.. Size: 8458
Using xml2js for smaller file
parseCOAXml called for file: 396. N26B19.XML, content length: 17997
Starting parsing.. Size: 18024
Using xml2js for smaller file
parseCOAXml called for file: 396. PS25074.XML, content length: 17766
Starting parsing.. Size: 17793
Using xml2js for smaller file
parseCOAXml called for file: 397. 5F06.XML, content length: 17309
Starting parsing.. Size: 17346
Using xml2js for smaller file
parseCOAXml called for file: 397. D24B29 IO-MOX DX EYE DROPS 5ML.XML, content length: 18750
Starting parsing.. Size: 18777
Using xml2js for smaller file
parseCOAXml called for file: 397. N25G08.XML, content length: 9639
Starting parsing.. Size: 9664
Using xml2js for smaller file
parseCOAXml called for file: 397. N26B20.XML, content length: 18149
Starting parsing.. Size: 18176
Using xml2js for smaller file
parseCOAXml called for file: 397. PS24128.XML, content length: 12483
Starting parsing.. Size: 12508
Using xml2js for smaller file
parseCOAXml called for file: 398. 4H01.XML, content length: 9578
Starting parsing.. Size: 9603
Using xml2js for smaller file
parseCOAXml called for file: 398. D24B29 MOXISKY-D EYE DROPS 10ML.XML, content length: 18760
Starting parsing.. Size: 18787
Using xml2js for smaller file
parseCOAXml called for file: 398. D25F08.XML, content length: 17265
Starting parsing.. Size: 17292
Using xml2js for smaller file
parseCOAXml called for file: 398. N26B21.XML, content length: 16735
Starting parsing.. Size: 16762
Using xml2js for smaller file
parseCOAXml called for file: 398. PS25099.XML, content length: 7747
Starting parsing.. Size: 7772
Using xml2js for smaller file
parseCOAXml called for file: 399. D24B29 DEXACUBE M EYE DROPS 5ML.XML, content length: 18752
Starting parsing.. Size: 18779
Using xml2js for smaller file
parseCOAXml called for file: 399. D24H01.XML, content length: 9004
Starting parsing.. Size: 9029
Using xml2js for smaller file
parseCOAXml called for file: 399. N25F06.XML, content length: 19627
Starting parsing.. Size: 19654
Using xml2js for smaller file
parseCOAXml called for file: 399. N26B22.XML, content length: 18321
Starting parsing.. Size: 18348
Using xml2js for smaller file
parseCOAXml called for file: 399. PS25100.XML, content length: 7747
Starting parsing.. Size: 7772
Using xml2js for smaller file
parseCOAXml called for file: 4. 24AM04.XML, content length: 18658
Starting parsing.. Size: 18695
Using xml2js for smaller file
parseCOAXml called for file: 4. 26AM04.XML, content length: 20651
Starting parsing.. Size: 20678
Using xml2js for smaller file
parseCOAXml called for file: 4. 5L14.XML, content length: 8430
Starting parsing.. Size: 8455
Using xml2js for smaller file
parseCOAXml called for file: 4. 5L17 copy.XML, content length: 17351
Starting parsing.. Size: 17388
Using xml2js for smaller file
parseCOAXml called for file: 4. 5L17.XML, content length: 7273
Starting parsing.. Size: 7298
Using xml2js for smaller file
parseCOAXml called for file: 4. D26D02.XML, content length: 8605
Starting parsing.. Size: 8630
Using xml2js for smaller file
parseCOAXml called for file: 4. I421.XML, content length: 19442
Starting parsing.. Size: 19475
Using xml2js for smaller file
parseCOAXml called for file: 4. N25L12.XML, content length: 8591
Starting parsing.. Size: 8616
Using xml2js for smaller file
parseCOAXml called for file: 4. N25L27.XML, content length: 19504
Starting parsing.. Size: 19537
Using xml2js for smaller file
parseCOAXml called for file: 4. PS24052.XML, content length: 7866
Starting parsing.. Size: 7891
Using xml2js for smaller file
parseCOAXml called for file: 40. 4B05.XML, content length: 13512
Starting parsing.. Size: 13539
Using xml2js for smaller file
  ...4250 COA files processed (created 4237)
parseCOAXml called for file: 40. 6C04_ENTRAK SOOTHE EYE OINTMENT 5GM P.S..XML, content length: 16325
Starting parsing.. Size: 16362
Using xml2js for smaller file
parseCOAXml called for file: 40. D24D15.XML, content length: 9476
Starting parsing.. Size: 9501
Using xml2js for smaller file
parseCOAXml called for file: 40. D25F11 copy.XML, content length: 16748
Starting parsing.. Size: 16775
Using xml2js for smaller file
parseCOAXml called for file: 40. D25F11.XML, content length: 8465
Starting parsing.. Size: 8490
Using xml2js for smaller file
parseCOAXml called for file: 40. D25L27.XML, content length: 15843
Starting parsing.. Size: 15870
Using xml2js for smaller file
parseCOAXml called for file: 40. D25L30.XML, content length: 8652
Starting parsing.. Size: 8677
Using xml2js for smaller file
parseCOAXml called for file: 40. D25L40.XML, content length: 17270
Starting parsing.. Size: 17297
Using xml2js for smaller file
parseCOAXml called for file: 40. L1826002.XML, content length: 5444
Starting parsing.. Size: 5469
Using xml2js for smaller file
parseCOAXml called for file: 40. N25L35.XML, content length: 9756
Starting parsing.. Size: 9781
Using xml2js for smaller file
parseCOAXml called for file: 400. 5G03.XML, content length: 7496
Starting parsing.. Size: 7521
Using xml2js for smaller file
parseCOAXml called for file: 400. D24B29 MOXFLOX-DX EYE DROPS 5ML(SEMIOTICS).XML, content length: 18786
Starting parsing.. Size: 18813
Using xml2js for smaller file
parseCOAXml called for file: 400. D24H02.XML, content length: 9901
Starting parsing.. Size: 9926
Using xml2js for smaller file
parseCOAXml called for file: 400. N25F06.XML, content length: 19630
Starting parsing.. Size: 19657
Using xml2js for smaller file
parseCOAXml called for file: 400. N26B23_MOXICON-PD EYE DROPS 5ML.XML, content length: 19580
Starting parsing.. Size: 19615
Using xml2js for smaller file
parseCOAXml called for file: 401. D24B29 VALMOX - DX EYE DROPS 10ML.XML, content length: 18766
Starting parsing.. Size: 18793
Using xml2js for smaller file
parseCOAXml called for file: 401. D25G13.XML, content length: 11989
Starting parsing.. Size: 12014
Using xml2js for smaller file
parseCOAXml called for file: 401. N24H02.XML, content length: 8635
Starting parsing.. Size: 8660
Using xml2js for smaller file
parseCOAXml called for file: 401. N26B23_SCIMOX-PD EYE DROPS 5ML.XML, content length: 19599
Starting parsing.. Size: 19634
Using xml2js for smaller file
parseCOAXml called for file: 401. PS25075.XML, content length: 17766
Starting parsing.. Size: 17793
Using xml2js for smaller file
parseCOAXml called for file: 402. 25AM06.XML, content length: 19605
Starting parsing.. Size: 19632
Using xml2js for smaller file
parseCOAXml called for file: 402. D24C01.XML, content length: 16150
Starting parsing.. Size: 16177
Using xml2js for smaller file
parseCOAXml called for file: 402. D25G14.XML, content length: 8417
Starting parsing.. Size: 8442
Using xml2js for smaller file
parseCOAXml called for file: 402. N26B24.XML, content length: 19142
Starting parsing.. Size: 19175
Using xml2js for smaller file
parseCOAXml called for file: 402. PS24129.XML, content length: 7865
Starting parsing.. Size: 7890
Using xml2js for smaller file
parseCOAXml called for file: 403. D24C03 SCIMOX-PD EYE DROPS 5ML.XML, content length: 20018
Starting parsing.. Size: 20053
Using xml2js for smaller file
parseCOAXml called for file: 403. D25F09.XML, content length: 17266
Starting parsing.. Size: 17293
Using xml2js for smaller file
parseCOAXml called for file: 403. N26B25.XML, content length: 19143
Starting parsing.. Size: 19176
Using xml2js for smaller file
parseCOAXml called for file: 403. PS24130.XML, content length: 7865
Starting parsing.. Size: 7890
Using xml2js for smaller file
parseCOAXml called for file: 403. PS25101.XML, content length: 7747
Starting parsing.. Size: 7772
Using xml2js for smaller file
parseCOAXml called for file: 404. 25AM07.XML, content length: 7498
Starting parsing.. Size: 7523
Using xml2js for smaller file
parseCOAXml called for file: 404. D24C03 ZETAMOX PD EYE DROPS 10ML.XML, content length: 20006
Starting parsing.. Size: 20041
Using xml2js for smaller file
parseCOAXml called for file: 404. D24H03.XML, content length: 9473
Starting parsing.. Size: 9498
Using xml2js for smaller file
parseCOAXml called for file: 404. D25F10.XML, content length: 17299
Starting parsing.. Size: 17326
Using xml2js for smaller file
parseCOAXml called for file: 404. N26C01.XML, content length: 19142
Starting parsing.. Size: 19175
Using xml2js for smaller file
parseCOAXml called for file: 405. D24C04.XML, content length: 19289
Starting parsing.. Size: 19316
Using xml2js for smaller file
parseCOAXml called for file: 405. D25G15.XML, content length: 8684
Starting parsing.. Size: 8709
Using xml2js for smaller file
parseCOAXml called for file: 405. N24H03.XML, content length: 8489
Starting parsing.. Size: 8514
Using xml2js for smaller file
parseCOAXml called for file: 405. N26C02.XML, content length: 18415
Starting parsing.. Size: 18442
Using xml2js for smaller file
parseCOAXml called for file: 405. PS25076.XML, content length: 17766
Starting parsing.. Size: 17793
Using xml2js for smaller file
parseCOAXml called for file: 406. D24C05.XML, content length: 19386
Starting parsing.. Size: 19413
Using xml2js for smaller file
parseCOAXml called for file: 406. D25G16.XML, content length: 9603
Starting parsing.. Size: 9628
Using xml2js for smaller file
parseCOAXml called for file: 406. N24H04.XML, content length: 8424
Starting parsing.. Size: 8449
Using xml2js for smaller file
parseCOAXml called for file: 406. N26C03_NAKUSER 5ML.XML, content length: 19425
Starting parsing.. Size: 19458
Using xml2js for smaller file
parseCOAXml called for file: 406. PS25077.XML, content length: 17766
Starting parsing.. Size: 17793
Using xml2js for smaller file
parseCOAXml called for file: 407. 5F08.XML, content length: 17037
Starting parsing.. Size: 17064
Using xml2js for smaller file
parseCOAXml called for file: 407. D24C06 TRAVOPROST ED IP (GMSCL).XML, content length: 17291
Starting parsing.. Size: 17318
Using xml2js for smaller file
parseCOAXml called for file: 407. N25G10.XML, content length: 8637
Starting parsing.. Size: 8662
Using xml2js for smaller file
parseCOAXml called for file: 407. N26C03_TOBRAMYCIN + DEXAMETHASONE-TLG 5ML.XML, content length: 19484
Starting parsing.. Size: 19517
Using xml2js for smaller file
parseCOAXml called for file: 407. PS24131.XML, content length: 7865
Starting parsing.. Size: 7890
Using xml2js for smaller file
parseCOAXml called for file: 408. D24C06 TRAVIN EYE DROPS 3ML (BKCFREE).XML, content length: 32998
Starting parsing.. Size: 33025
Using xml2js for smaller file
parseCOAXml called for file: 408. D25F12.XML, content length: 16777
Starting parsing.. Size: 16804
Using xml2js for smaller file
parseCOAXml called for file: 408. N25G11.XML, content length: 8405
Starting parsing.. Size: 8430
Using xml2js for smaller file
parseCOAXml called for file: 408. N26C03_TOBRADUS-D EYE DROPS 5ML.XML, content length: 19432
Starting parsing.. Size: 19465
Using xml2js for smaller file
parseCOAXml called for file: 408. PS24132.XML, content length: 7865
Starting parsing.. Size: 7890
Using xml2js for smaller file
parseCOAXml called for file: 409. AI069.XML, content length: 5519
Starting parsing.. Size: 5544
Using xml2js for smaller file
parseCOAXml called for file: 409. D24C07.XML, content length: 19408
Starting parsing.. Size: 19435
Using xml2js for smaller file
parseCOAXml called for file: 409. D25F12.XML, content length: 16751
Starting parsing.. Size: 16778
Using xml2js for smaller file
parseCOAXml called for file: 409. N26C04.XML, content length: 18417
Starting parsing.. Size: 18444
Using xml2js for smaller file
parseCOAXml called for file: 409. PS25102.XML, content length: 7747
Starting parsing.. Size: 7772
Using xml2js for smaller file
parseCOAXml called for file: 41. 4B07.XML, content length: 17315
Starting parsing.. Size: 17352
Using xml2js for smaller file
parseCOAXml called for file: 41. 6C04_ENTRAK SOOTHE EYE OINTMENT 5GM.XML, content length: 16315
Starting parsing.. Size: 16352
Using xml2js for smaller file
parseCOAXml called for file: 41. D25L41.XML, content length: 16770
Starting parsing.. Size: 16797
Using xml2js for smaller file
parseCOAXml called for file: 41. N24D07.XML, content length: 9612
Starting parsing.. Size: 9637
Using xml2js for smaller file
parseCOAXml called for file: 41. N25F07 copy.XML, content length: 18498
Starting parsing.. Size: 18525
Using xml2js for smaller file
parseCOAXml called for file: 41. N25F07.XML, content length: 8466
Starting parsing.. Size: 8491
Using xml2js for smaller file
parseCOAXml called for file: 41. N25L20.XML, content length: 14983
Starting parsing.. Size: 15010
Using xml2js for smaller file
parseCOAXml called for file: 41. N25L23.XML, content length: 8963
Starting parsing.. Size: 8988
Using xml2js for smaller file
parseCOAXml called for file: 41. N26A03.XML, content length: 6665
Starting parsing.. Size: 6690
Using xml2js for smaller file
parseCOAXml called for file: 41. PS25226.XML, content length: 7747
Starting parsing.. Size: 7772
Using xml2js for smaller file
parseCOAXml called for file: 410. 4H02.XML, content length: 9578
Starting parsing.. Size: 9603
Using xml2js for smaller file
parseCOAXml called for file: 410. D24C08 TOBRASTAL-D ED 5ML GUINEE.XML, content length: 19642
Starting parsing.. Size: 19675
Using xml2js for smaller file
parseCOAXml called for file: 410. N26C05_SCILOT EYE DROPS 5ML.XML, content length: 19599
Starting parsing.. Size: 19632
Using xml2js for smaller file
parseCOAXml called for file: 410. PS25078.XML, content length: 17766
Starting parsing.. Size: 17793
Using xml2js for smaller file
parseCOAXml called for file: 410. PS25103.XML, content length: 7747
Starting parsing.. Size: 7772
Using xml2js for smaller file
parseCOAXml called for file: 411. 25AM08.XML, content length: 9582
Starting parsing.. Size: 9607
Using xml2js for smaller file
parseCOAXml called for file: 411. 5F09.XML, content length: 18600
Starting parsing.. Size: 18637
Using xml2js for smaller file
parseCOAXml called for file: 411. D24C08 TOBRADM EYE DROPS 5ML (YEMEN).XML, content length: 19616
Starting parsing.. Size: 19649
Using xml2js for smaller file
parseCOAXml called for file: 411. D24H06.XML, content length: 8639
Starting parsing.. Size: 8664
Using xml2js for smaller file
parseCOAXml called for file: 411. N26C05_LOTOP EYE DROPS 5ML.XML, content length: 19575
Starting parsing.. Size: 19608
Using xml2js for smaller file
parseCOAXml called for file: 412. 5F09.XML, content length: 18529
Starting parsing.. Size: 18566
Using xml2js for smaller file
parseCOAXml called for file: 412. 5G04.XML, content length: 9578
Starting parsing.. Size: 9603
Using xml2js for smaller file
parseCOAXml called for file: 412. D24C09.XML, content length: 16549
Starting parsing.. Size: 16576
Using xml2js for smaller file
parseCOAXml called for file: 412. N24H05.XML, content length: 8423
Starting parsing.. Size: 8448
Using xml2js for smaller file
parseCOAXml called for file: 412. N26C06_LOTESAFE EYE DROPS 5ML.XML, content length: 19497
Starting parsing.. Size: 19530
Using xml2js for smaller file
parseCOAXml called for file: 413. D24C10 MOXICON-LP EYE DROPS 5ML.XML, content length: 23331
Starting parsing.. Size: 23364
Using xml2js for smaller file
parseCOAXml called for file: 413. D25F13.XML, content length: 16758
Starting parsing.. Size: 16785
Using xml2js for smaller file
parseCOAXml called for file: 413. N26C07_LOTEGRAM EYE DROPS 5ML.XML, content length: 22920
Starting parsing.. Size: 22953
Using xml2js for smaller file
parseCOAXml called for file: 413. PS24133.XML, content length: 7865
Starting parsing.. Size: 7890
Using xml2js for smaller file
parseCOAXml called for file: 413. PS25104.XML, content length: 7747
Starting parsing.. Size: 7772
Using xml2js for smaller file
parseCOAXml called for file: 414. D24C10 VALMOX-LP EYE DROPS 5ML.XML, content length: 23324
Starting parsing.. Size: 23357
Using xml2js for smaller file
parseCOAXml called for file: 414. D25F13.XML, content length: 16761
Starting parsing.. Size: 16788
Using xml2js for smaller file
parseCOAXml called for file: 414. N26C07_MOKSEE-LP EYE DROPS 5ML.XML, content length: 22877
Starting parsing.. Size: 22910
Using xml2js for smaller file
parseCOAXml called for file: 414. PS24134.XML, content length: 7865
Starting parsing.. Size: 7890
Using xml2js for smaller file
parseCOAXml called for file: 414. PS25105.XML, content length: 7747
Starting parsing.. Size: 7772
Using xml2js for smaller file
parseCOAXml called for file: 415. 4H03.XML, content length: 9578
Starting parsing.. Size: 9603
Using xml2js for smaller file
parseCOAXml called for file: 415. D24C11 PRIMOX LP EYE DROPS 5ML(PRAXAN).XML, content length: 23349
Starting parsing.. Size: 23382
Using xml2js for smaller file
parseCOAXml called for file: 415. N25F09.XML, content length: 18366
Starting parsing.. Size: 18393
Using xml2js for smaller file
parseCOAXml called for file: 415. N26C07_TIGOMOX-LP EYE DROPS 5ML.XML, content length: 22926
Starting parsing.. Size: 22959
Using xml2js for smaller file
parseCOAXml called for file: 415. PS25106.XML, content length: 7747
Starting parsing.. Size: 7772
Using xml2js for smaller file
parseCOAXml called for file: 416. D24C11 MOKSEE-LP EYE DROPS 5ML.XML, content length: 23320
Starting parsing.. Size: 23353
Using xml2js for smaller file
parseCOAXml called for file: 416. D24H07.XML, content length: 9676
Starting parsing.. Size: 9701
Using xml2js for smaller file
parseCOAXml called for file: 416. N25G12.XML, content length: 8404
Starting parsing.. Size: 8429
Using xml2js for smaller file
parseCOAXml called for file: 416. N26C07_GENFOUR-LP EYE DROPS 2.5ML P.S..XML, content length: 22953
Starting parsing.. Size: 22986
Using xml2js for smaller file
parseCOAXml called for file: 416. PS25079.XML, content length: 17766
Starting parsing.. Size: 17793
Using xml2js for smaller file
parseCOAXml called for file: 417. D24C11 MIGHTYMOX-LP EYE DROPS 5ML PS.XML, content length: 23362
Starting parsing.. Size: 23395
Using xml2js for smaller file
parseCOAXml called for file: 417. D24H08.XML, content length: 8685
Starting parsing.. Size: 8710
Using xml2js for smaller file
parseCOAXml called for file: 417. N25G13.XML, content length: 8471
Starting parsing.. Size: 8496
Using xml2js for smaller file
parseCOAXml called for file: 417. N26C07_MOXICON-LP EYE DROPS 5ML.XML, content length: 22881
Starting parsing.. Size: 22914
Using xml2js for smaller file
parseCOAXml called for file: 417. PS25080.XML, content length: 17766
Starting parsing.. Size: 17793
Using xml2js for smaller file
parseCOAXml called for file: 418. 5F10.XML, content length: 18603
Starting parsing.. Size: 18642
Using xml2js for smaller file
parseCOAXml called for file: 418. D24C11 MIGHTYMOX-LP EYE DROPS 5ML.XML, content length: 23343
Starting parsing.. Size: 23376
Using xml2js for smaller file
parseCOAXml called for file: 418. IS0014H.XML, content length: 11345
Starting parsing.. Size: 11372
Using xml2js for smaller file
parseCOAXml called for file: 418. N26C07_OLIDROPS LP EYE DROPS 5ML.XML, content length: 22930
Starting parsing.. Size: 22963
Using xml2js for smaller file
parseCOAXml called for file: 418. PS25107.XML, content length: 7747
Starting parsing.. Size: 7772
Using xml2js for smaller file
parseCOAXml called for file: 419. D24C12 TIGOMOX-LP EYE DROPS 5ML.XML, content length: 23319
Starting parsing.. Size: 23352
Using xml2js for smaller file
parseCOAXml called for file: 419. D25F15.XML, content length: 14881
Starting parsing.. Size: 14908
Using xml2js for smaller file
parseCOAXml called for file: 419. D25G17.XML, content length: 10150
Starting parsing.. Size: 10175
Using xml2js for smaller file
parseCOAXml called for file: 419. N24H06.XML, content length: 8421
Starting parsing.. Size: 8446
Using xml2js for smaller file
parseCOAXml called for file: 419. N26C08.XML, content length: 18415
Starting parsing.. Size: 18442
Using xml2js for smaller file
parseCOAXml called for file: 42. 4B08 io limus.XML, content length: 16521
Starting parsing.. Size: 16558
Using xml2js for smaller file
parseCOAXml called for file: 42. 4D03.XML, content length: 8576
Starting parsing.. Size: 8601
Using xml2js for smaller file
parseCOAXml called for file: 42. 6A03.XML, content length: 8266
Starting parsing.. Size: 8291
Using xml2js for smaller file
parseCOAXml called for file: 42. 6C05.XML, content length: 13494
Starting parsing.. Size: 13521
Using xml2js for smaller file
parseCOAXml called for file: 42. D25F14 copy.XML, content length: 16788
Starting parsing.. Size: 16815
Using xml2js for smaller file
parseCOAXml called for file: 42. D25F14.XML, content length: 8381
Starting parsing.. Size: 8406
Using xml2js for smaller file
parseCOAXml called for file: 42. D25L31.XML, content length: 10823
Starting parsing.. Size: 10850
Using xml2js for smaller file
parseCOAXml called for file: 42. N25L20.XML, content length: 28706
Starting parsing.. Size: 28733
Using xml2js for smaller file
parseCOAXml called for file: 42. N25L34.XML, content length: 18262
Starting parsing.. Size: 18289
Using xml2js for smaller file
parseCOAXml called for file: 42. PS25227.XML, content length: 7747
Starting parsing.. Size: 7772
Using xml2js for smaller file
parseCOAXml called for file: 420. D24C12 MOXINEXT-LP EYE DROPS 5ML.XML, content length: 23324
Starting parsing.. Size: 23357
Using xml2js for smaller file
parseCOAXml called for file: 420. D25F15.XML, content length: 14875
Starting parsing.. Size: 14902
Using xml2js for smaller file
parseCOAXml called for file: 420. D25G18.XML, content length: 8823
Starting parsing.. Size: 8848
Using xml2js for smaller file
parseCOAXml called for file: 420. N26C09_CIPROCON EYE DROPS 5ML (ETHIOPIA).XML, content length: 18422
Starting parsing.. Size: 18449
Using xml2js for smaller file
parseCOAXml called for file: 420. PS24135.XML, content length: 7867
Starting parsing.. Size: 7892
Using xml2js for smaller file
parseCOAXml called for file: 421. 4H04.XML, content length: 7503
Starting parsing.. Size: 7528
Using xml2js for smaller file
parseCOAXml called for file: 421. D24C12 MOXIBLIZZ LP EYE DROPS 5ML.XML, content length: 23328
Starting parsing.. Size: 23361
Using xml2js for smaller file
parseCOAXml called for file: 421. D25F15.XML, content length: 14876
Starting parsing.. Size: 14903
Using xml2js for smaller file
parseCOAXml called for file: 421. I392.XML, content length: 8304
Starting parsing.. Size: 8329
Using xml2js for smaller file
parseCOAXml called for file: 421. N26C09_CIPRODUS EYE DROPS 5ML.XML, content length: 18367
Starting parsing.. Size: 18394
Using xml2js for smaller file
parseCOAXml called for file: 422. D24C14 MOXICON-DX EYE DROPS 5ML.XML, content length: 18751
Starting parsing.. Size: 18778
Using xml2js for smaller file
parseCOAXml called for file: 422. D24H09.XML, content length: 10632
Starting parsing.. Size: 10657
Using xml2js for smaller file
parseCOAXml called for file: 422. E5F01.XML, content length: 15844
Starting parsing.. Size: 15871
Using xml2js for smaller file
parseCOAXml called for file: 422. N25G14.XML, content length: 8471
Starting parsing.. Size: 8496
Using xml2js for smaller file
parseCOAXml called for file: 422. N26C09_CIPROCON EYE EAR DROPS 10ML (INDIANA).XML, content length: 30896
Starting parsing.. Size: 30923
Using xml2js for smaller file
parseCOAXml called for file: 423. D24C14 SCIMOX-DX EYE DROPS 5ML.XML, content length: 18768
Starting parsing.. Size: 18795
Using xml2js for smaller file
parseCOAXml called for file: 423. N25F10.XML, content length: 17269
Starting parsing.. Size: 17296
Using xml2js for smaller file
parseCOAXml called for file: 423. N26C09_CIPFLOX EED 5ML.XML, content length: 18377
Starting parsing.. Size: 18404
Using xml2js for smaller file
parseCOAXml called for file: 423. PS24136.XML, content length: 7870
Starting parsing.. Size: 7895
Using xml2js for smaller file
parseCOAXml called for file: 423. PS25108.XML, content length: 7747
Starting parsing.. Size: 7772
Using xml2js for smaller file
parseCOAXml called for file: 424. D24C16.XML, content length: 18714
Starting parsing.. Size: 18741
Using xml2js for smaller file
parseCOAXml called for file: 424. N25F10.XML, content length: 17255
Starting parsing.. Size: 17282
Using xml2js for smaller file
parseCOAXml called for file: 424. N26C10_AMFINAC CS EYE DROPS 5ML.XML, content length: 15841
Starting parsing.. Size: 15868
Using xml2js for smaller file
parseCOAXml called for file: 424. PS24137.XML, content length: 7870
Starting parsing.. Size: 7895
Using xml2js for smaller file
parseCOAXml called for file: 424. PS25109.XML, content length: 7747
Starting parsing.. Size: 7772
Using xml2js for smaller file
parseCOAXml called for file: 425. D24C17 LOTEBIL EYE DROPS 5ML.XML, content length: 19800
Starting parsing.. Size: 19833
Using xml2js for smaller file
parseCOAXml called for file: 425. D24H10.XML, content length: 10627
Starting parsing.. Size: 10652
Using xml2js for smaller file
parseCOAXml called for file: 425. I393.XML, content length: 8322
Starting parsing.. Size: 8347
Using xml2js for smaller file
parseCOAXml called for file: 425. N25F10.XML, content length: 17278
Starting parsing.. Size: 17305
Using xml2js for smaller file
parseCOAXml called for file: 425. N26C10_IO-NEPA CS EYE DROPS 5ML.XML, content length: 15850
Starting parsing.. Size: 15877
Using xml2js for smaller file
parseCOAXml called for file: 426. D24C17 LOTOP EYE DROPS 5ML.XML, content length: 19773
Starting parsing.. Size: 19806
Using xml2js for smaller file
parseCOAXml called for file: 426. N24H07.XML, content length: 8764
Starting parsing.. Size: 8789
Using xml2js for smaller file
parseCOAXml called for file: 426. N25F10.XML, content length: 17254
Starting parsing.. Size: 17281
Using xml2js for smaller file
parseCOAXml called for file: 426. N25G15.XML, content length: 9536
Starting parsing.. Size: 9561
Using xml2js for smaller file
parseCOAXml called for file: 426. N26C10_NEPFRE CS EYE DROPS 5ML.XML, content length: 15846
Starting parsing.. Size: 15873
Using xml2js for smaller file
parseCOAXml called for file: 427. 5F11.XML, content length: 36674
Starting parsing.. Size: 36721
Using xml2js for smaller file
parseCOAXml called for file: 427. D24C17 SCILOT EYE DROPS 5ML.XML, content length: 19800
Starting parsing.. Size: 19833
Using xml2js for smaller file
parseCOAXml called for file: 427. N24H08.XML, content length: 8684
Starting parsing.. Size: 8709
Using xml2js for smaller file
parseCOAXml called for file: 427. N26C11.XML, content length: 19640
Starting parsing.. Size: 19667
Using xml2js for smaller file
parseCOAXml called for file: 427. PS25110.XML, content length: 7747
Starting parsing.. Size: 7772
Using xml2js for smaller file
parseCOAXml called for file: 428. D24C17 L-TEL EYE DROPS 5ML(YASH OPTHO).XML, content length: 19807
Starting parsing.. Size: 19840
Using xml2js for smaller file
parseCOAXml called for file: 428. D25F17.XML, content length: 15923
Starting parsing.. Size: 15950
Using xml2js for smaller file
parseCOAXml called for file: 428. N26C12.XML, content length: 13776
Starting parsing.. Size: 13803
Using xml2js for smaller file
parseCOAXml called for file: 428. PS24138.XML, content length: 7865
Starting parsing.. Size: 7890
Using xml2js for smaller file
parseCOAXml called for file: 428. PS25111.XML, content length: 7747
Starting parsing.. Size: 7772
Using xml2js for smaller file
parseCOAXml called for file: 429. D24C17 LOPRED EYE DROPS 5ML.XML, content length: 19781
Starting parsing.. Size: 19814
Using xml2js for smaller file
parseCOAXml called for file: 429. D24H11.XML, content length: 10836
Starting parsing.. Size: 10863
Using xml2js for smaller file
parseCOAXml called for file: 429. D25F17.XML, content length: 15914
Starting parsing.. Size: 15941
Using xml2js for smaller file
parseCOAXml called for file: 429. D25G21.XML, content length: 8822
Starting parsing.. Size: 8847
Using xml2js for smaller file
parseCOAXml called for file: 429. N26C14_TOBAREST EYE DROPS 5ML.XML, content length: 17030
Starting parsing.. Size: 17057
Using xml2js for smaller file
parseCOAXml called for file: 43. 4B08.XML, content length: 16541
Starting parsing.. Size: 16578
Using xml2js for smaller file
parseCOAXml called for file: 43. 5D10.XML, content length: 8421
Starting parsing.. Size: 8446
Using xml2js for smaller file
parseCOAXml called for file: 43. 6C06.XML, content length: 18695
Starting parsing.. Size: 18732
Using xml2js for smaller file
parseCOAXml called for file: 43. D24D16.XML, content length: 8827
Starting parsing.. Size: 8852
Using xml2js for smaller file
parseCOAXml called for file: 43. D26A06.XML, content length: 10637
Starting parsing.. Size: 10664
Using xml2js for smaller file
parseCOAXml called for file: 43. I423.XML, content length: 8425
Starting parsing.. Size: 8450
Using xml2js for smaller file
parseCOAXml called for file: 43. N25F08 copy.XML, content length: 18356
Starting parsing.. Size: 18383
Using xml2js for smaller file
parseCOAXml called for file: 43. N25F08.XML, content length: 8550
Starting parsing.. Size: 8575
Using xml2js for smaller file
parseCOAXml called for file: 43. N25L20.XML, content length: 18423
Starting parsing.. Size: 18450
Using xml2js for smaller file
parseCOAXml called for file: 43. PS25225.XML, content length: 17766
Starting parsing.. Size: 17793
Using xml2js for smaller file
parseCOAXml called for file: 430. D24C18.XML, content length: 19776
Starting parsing.. Size: 19809
Using xml2js for smaller file
parseCOAXml called for file: 430. D25F17.XML, content length: 15922
Starting parsing.. Size: 15949
Using xml2js for smaller file
parseCOAXml called for file: 430. N24H09.XML, content length: 9637
Starting parsing.. Size: 9662
Using xml2js for smaller file
parseCOAXml called for file: 430. N25G16.XML, content length: 9756
Starting parsing.. Size: 9781
Using xml2js for smaller file
parseCOAXml called for file: 430. N26C14_TOBRINE EYE DROPS 5ML (ANIMED).XML, content length: 17026
Starting parsing.. Size: 17053
Using xml2js for smaller file
parseCOAXml called for file: 431. D24C19.XML, content length: 17292
Starting parsing.. Size: 17319
Using xml2js for smaller file
parseCOAXml called for file: 431. D25F18.XML, content length: 16080
Starting parsing.. Size: 16107
Using xml2js for smaller file
parseCOAXml called for file: 431. N26C14_TOBRINE EYEEAR DROPS 5ML.XML, content length: 17042
Starting parsing.. Size: 17069
Using xml2js for smaller file
parseCOAXml called for file: 431. PS24139.XML, content length: 7865
Starting parsing.. Size: 7890
Using xml2js for smaller file
parseCOAXml called for file: 431. PS25112.XML, content length: 7747
Starting parsing.. Size: 7772
Using xml2js for smaller file
parseCOAXml called for file: 432. D24C20 CONTIK EYE EAR DROPS 5ML.XML, content length: 13588
Starting parsing.. Size: 13615
Using xml2js for smaller file
parseCOAXml called for file: 432. D25G22.XML, content length: 9763
Starting parsing.. Size: 9788
Using xml2js for smaller file
parseCOAXml called for file: 432. E5F02.XML, content length: 15845
Starting parsing.. Size: 15872
Using xml2js for smaller file
parseCOAXml called for file: 432. N26C14_TOBRAMYCIN-TLG 5ML.XML, content length: 17049
Starting parsing.. Size: 17076
Using xml2js for smaller file
parseCOAXml called for file: 432.4H05.XML, content length: 7346
Starting parsing.. Size: 7371
Using xml2js for smaller file
parseCOAXml called for file: 433. D24C20 FLUCOP EYE EAR DROPS 5ML.XML, content length: 13589
Starting parsing.. Size: 13616
Using xml2js for smaller file
parseCOAXml called for file: 433. D24H12.XML, content length: 8511
Starting parsing.. Size: 8536
Using xml2js for smaller file
parseCOAXml called for file: 433. D25G23.XML, content length: 8734
Starting parsing.. Size: 8759
Using xml2js for smaller file
parseCOAXml called for file: 433. N25F11.XML, content length: 13782
Starting parsing.. Size: 13809
Using xml2js for smaller file
parseCOAXml called for file: 433. N26C15_SOLUNEP EYE DROPS 5ML.XML, content length: 20944
Starting parsing.. Size: 20977
Using xml2js for smaller file
parseCOAXml called for file: 434. D24C21.XML, content length: 17330
Starting parsing.. Size: 17363
Using xml2js for smaller file
parseCOAXml called for file: 434. D24H13.XML, content length: 8664
Starting parsing.. Size: 8689
Using xml2js for smaller file
parseCOAXml called for file: 434. I394.XML, content length: 8427
Starting parsing.. Size: 8452
Using xml2js for smaller file
parseCOAXml called for file: 434. N26C15_IO-NEPA EYE DROPS 5ML.XML, content length: 32662
Starting parsing.. Size: 32701
Using xml2js for smaller file
parseCOAXml called for file: 434. PS25081.XML, content length: 17766
Starting parsing.. Size: 17793
Using xml2js for smaller file
parseCOAXml called for file: 435. D24C22.XML, content length: 17333
Starting parsing.. Size: 17366
Using xml2js for smaller file
parseCOAXml called for file: 435. N24H10.XML, content length: 9666
Starting parsing.. Size: 9691
Using xml2js for smaller file
parseCOAXml called for file: 435. N26C15_NEFAMAX EYE DROPS 5ML.XML, content length: 20940
Starting parsing.. Size: 20973
Using xml2js for smaller file
parseCOAXml called for file: 435. PS25082.XML, content length: 17766
Starting parsing.. Size: 17793
Using xml2js for smaller file
parseCOAXml called for file: 435. PS25113.XML, content length: 7747
Starting parsing.. Size: 7772
Using xml2js for smaller file
parseCOAXml called for file: 436. D24C23.XML, content length: 17331
Starting parsing.. Size: 17364
Using xml2js for smaller file
parseCOAXml called for file: 436. D25F20.XML, content length: 16105
Starting parsing.. Size: 16132
Using xml2js for smaller file
parseCOAXml called for file: 436. N24H11.XML, content length: 8531
Starting parsing.. Size: 8556
Using xml2js for smaller file
parseCOAXml called for file: 436. N26C15_NEYPAC EYE DROPS 2.5ML P.S..XML, content length: 20957
Starting parsing.. Size: 20990
Using xml2js for smaller file
parseCOAXml called for file: 436. PS25114.XML, content length: 7747
Starting parsing.. Size: 7772
Using xml2js for smaller file
parseCOAXml called for file: 437. D24C24.XML, content length: 17325
Starting parsing.. Size: 17358
Using xml2js for smaller file
parseCOAXml called for file: 437. D24H14.XML, content length: 9582
Starting parsing.. Size: 9607
Using xml2js for smaller file
parseCOAXml called for file: 437. D25F20.XML, content length: 16081
Starting parsing.. Size: 16108
Using xml2js for smaller file
parseCOAXml called for file: 437. D25G24.XML, content length: 8651
Starting parsing.. Size: 8676
Using xml2js for smaller file
parseCOAXml called for file: 437. N26C16.XML, content length: 20981
Starting parsing.. Size: 21014
Using xml2js for smaller file
parseCOAXml called for file: 438. D24C25 INEPAC EYE DROPS 5ML.XML, content length: 17319
Starting parsing.. Size: 17352
Using xml2js for smaller file
parseCOAXml called for file: 438. D25F20.XML, content length: 16108
Starting parsing.. Size: 16135
Using xml2js for smaller file
parseCOAXml called for file: 438. N24H12.xml, content length: 8681
Starting parsing.. Size: 8706
Using xml2js for smaller file
parseCOAXml called for file: 438. N25G17.XML, content length: 8639
Starting parsing.. Size: 8664
Using xml2js for smaller file
parseCOAXml called for file: 438. N26C17.XML, content length: 20942
Starting parsing.. Size: 20975
Using xml2js for smaller file
parseCOAXml called for file: 439. D24C25 AMFINAC EYE DROPS 5ML.XML, content length: 17326
Starting parsing.. Size: 17359
Using xml2js for smaller file
parseCOAXml called for file: 439. D25F20.XML, content length: 16074
Starting parsing.. Size: 16101
Using xml2js for smaller file
parseCOAXml called for file: 439. N26C18_NEFAWAVE EYE DROPS 5ML.XML, content length: 20929
Starting parsing.. Size: 20962
Using xml2js for smaller file
parseCOAXml called for file: 439. RI494.XML, content length: 8391
Starting parsing.. Size: 8416
Using xml2js for smaller file
parseCOAXml called for file: 439. UC25004.XML, content length: 6542
Starting parsing.. Size: 6567
Using xml2js for smaller file
parseCOAXml called for file: 44. 4B09.XML, content length: 17454
Starting parsing.. Size: 17491
Using xml2js for smaller file
parseCOAXml called for file: 44. 6C07.XML, content length: 20491
Starting parsing.. Size: 20528
Using xml2js for smaller file
parseCOAXml called for file: 44. D24D17.XML, content length: 8431
Starting parsing.. Size: 8456
Using xml2js for smaller file
parseCOAXml called for file: 44. D25F16 copy.XML, content length: 18448
Starting parsing.. Size: 18475
Using xml2js for smaller file
parseCOAXml called for file: 44. D25F16.XML, content length: 8553
Starting parsing.. Size: 8578
Using xml2js for smaller file
parseCOAXml called for file: 44. D25L42.XML, content length: 19345
Starting parsing.. Size: 19372
Using xml2js for smaller file
parseCOAXml called for file: 44. D26A07.XML, content length: 8683
Starting parsing.. Size: 8708
Using xml2js for smaller file
parseCOAXml called for file: 44. N25F19.XML, content length: 10149
Starting parsing.. Size: 10174
Using xml2js for smaller file
parseCOAXml called for file: 44. N25L20.XML, content length: 15009
Starting parsing.. Size: 15036
Using xml2js for smaller file
parseCOAXml called for file: 44. N25L24.XML, content length: 9743
Starting parsing.. Size: 9768
Using xml2js for smaller file
parseCOAXml called for file: 440. D24C25 VALNEP EYE DROPS 5ML  (SOC).XML, content length: 17325
Starting parsing.. Size: 17358
Using xml2js for smaller file
  ...4500 COA files processed (created 4487)
parseCOAXml called for file: 440. D25F20.XML, content length: 16095
Starting parsing.. Size: 16122
Using xml2js for smaller file
parseCOAXml called for file: 440. D25G25.XML, content length: 8652
Starting parsing.. Size: 8677
Using xml2js for smaller file
parseCOAXml called for file: 440. N24H13.XML, content length: 8531
Starting parsing.. Size: 8556
Using xml2js for smaller file
parseCOAXml called for file: 440. N26C18_IO-NEPA EYE DROPS 5ML.XML, content length: 32647
Starting parsing.. Size: 32686
Using xml2js for smaller file
parseCOAXml called for file: 441. D24C26 NAPHORID EYE DROPS 10ML(NEXTWAVE).XML, content length: 22879
Starting parsing.. Size: 22906
Using xml2js for smaller file
parseCOAXml called for file: 441. I395.XML, content length: 8427
Starting parsing.. Size: 8452
Using xml2js for smaller file
parseCOAXml called for file: 441. N26C18_SCINEP EYE DROPS 5ML.XML, content length: 20940
Starting parsing.. Size: 20973
Using xml2js for smaller file
parseCOAXml called for file: 441. PS25083.XML, content length: 17765
Starting parsing.. Size: 17792
Using xml2js for smaller file
parseCOAXml called for file: 441. RI495.XML, content length: 8391
Starting parsing.. Size: 8416
Using xml2js for smaller file
parseCOAXml called for file: 442. 4H06.XML, content length: 9591
Starting parsing.. Size: 9616
Using xml2js for smaller file
parseCOAXml called for file: 442. D24C26 FRINZY-PLUS EYE DROPS 10ML.XML, content length: 22886
Starting parsing.. Size: 22913
Using xml2js for smaller file
parseCOAXml called for file: 442. N25G18.XML, content length: 8466
Starting parsing.. Size: 8491
Using xml2js for smaller file
parseCOAXml called for file: 442. N26C18_ASTANAC EYE DROPS 5ML.XML, content length: 20926
Starting parsing.. Size: 20959
Using xml2js for smaller file
parseCOAXml called for file: 442. PS25084.XML, content length: 17766
Starting parsing.. Size: 17793
Using xml2js for smaller file
parseCOAXml called for file: 443. D24C27.XML, content length: 17919
Starting parsing.. Size: 17946
Using xml2js for smaller file
parseCOAXml called for file: 443. D25F21.XML, content length: 20380
Starting parsing.. Size: 20407
Using xml2js for smaller file
parseCOAXml called for file: 443. D25G26.XML, content length: 8863
Starting parsing.. Size: 8888
Using xml2js for smaller file
parseCOAXml called for file: 443. N26C18_NEPACUBE EYE DROPS 5ML.XML, content length: 20929
Starting parsing.. Size: 20962
Using xml2js for smaller file
parseCOAXml called for file: 443.B4H01.XML, content length: 6715
Starting parsing.. Size: 6740
Using xml2js for smaller file
parseCOAXml called for file: 444 D24C28.XML, content length: 17918
Starting parsing.. Size: 17945
Using xml2js for smaller file
parseCOAXml called for file: 444. E5F03.XML, content length: 15842
Starting parsing.. Size: 15869
Using xml2js for smaller file
parseCOAXml called for file: 444. L1825007.XML, content length: 5501
Starting parsing.. Size: 5526
Using xml2js for smaller file
parseCOAXml called for file: 444. N24H14.XML, content length: 9612
Starting parsing.. Size: 9637
Using xml2js for smaller file
parseCOAXml called for file: 444. N26C19_INEPAC EYE DROPS 5ML.XML, content length: 20948
Starting parsing.. Size: 20981
Using xml2js for smaller file
parseCOAXml called for file: 445. D24C29.XML, content length: 17919
Starting parsing.. Size: 17946
Using xml2js for smaller file
parseCOAXml called for file: 445. I380.XML, content length: 15421
Starting parsing.. Size: 15448
Using xml2js for smaller file
parseCOAXml called for file: 445. N25G19.XML, content length: 13796
Starting parsing.. Size: 13821
Using xml2js for smaller file
parseCOAXml called for file: 445. N26C19_VALNEP EYE DROPS 5ML.XML, content length: 20954
Starting parsing.. Size: 20987
Using xml2js for smaller file
parseCOAXml called for file: 445. RI496.XML, content length: 8390
Starting parsing.. Size: 8415
Using xml2js for smaller file
parseCOAXml called for file: 446. D24C30.XML, content length: 17918
Starting parsing.. Size: 17945
Using xml2js for smaller file
parseCOAXml called for file: 446. L1825008.XML, content length: 5501
Starting parsing.. Size: 5526
Using xml2js for smaller file
parseCOAXml called for file: 446. N25F12.XML, content length: 13771
Starting parsing.. Size: 13798
Using xml2js for smaller file
parseCOAXml called for file: 446. N26C19_NAYL EYE DROPS 5ML.XML, content length: 20931
Starting parsing.. Size: 20964
Using xml2js for smaller file
parseCOAXml called for file: 446. RI497.XML, content length: 8390
Starting parsing.. Size: 8415
Using xml2js for smaller file
parseCOAXml called for file: 447. B4H02.XML, content length: 5582
Starting parsing.. Size: 5607
Using xml2js for smaller file
parseCOAXml called for file: 447. D24C31.XML, content length: 17918
Starting parsing.. Size: 17945
Using xml2js for smaller file
parseCOAXml called for file: 447. N25F12.XML, content length: 13789
Starting parsing.. Size: 13816
Using xml2js for smaller file
parseCOAXml called for file: 447. N25G20.XML, content length: 13796
Starting parsing.. Size: 13821
Using xml2js for smaller file
parseCOAXml called for file: 447. N26C19_NEPACOM EYE DROPS 5ML.XML, content length: 20952
Starting parsing.. Size: 20985
Using xml2js for smaller file
parseCOAXml called for file: 448. D24C32.XML, content length: 16125
Starting parsing.. Size: 16152
Using xml2js for smaller file
parseCOAXml called for file: 448. N24H15.XML, content length: 9612
Starting parsing.. Size: 9637
Using xml2js for smaller file
parseCOAXml called for file: 448. N25G21.XML, content length: 13795
Starting parsing.. Size: 13820
Using xml2js for smaller file
parseCOAXml called for file: 448. N26C19_IO-NEPA EYE DROPS 5ML.XML, content length: 32663
Starting parsing.. Size: 32702
Using xml2js for smaller file
parseCOAXml called for file: 448. PS24173.XML, content length: 7865
Starting parsing.. Size: 7890
Using xml2js for smaller file
parseCOAXml called for file: 448. PS25085.XML, content length: 17766
Starting parsing.. Size: 17793
Using xml2js for smaller file
parseCOAXml called for file: 449. D24C33.XML, content length: 19624
Starting parsing.. Size: 19651
Using xml2js for smaller file
parseCOAXml called for file: 449. D25F22.XML, content length: 20359
Starting parsing.. Size: 20386
Using xml2js for smaller file
parseCOAXml called for file: 449. GP166.XML, content length: 8716
Starting parsing.. Size: 8741
Using xml2js for smaller file
parseCOAXml called for file: 449. N26C20.XML, content length: 19640
Starting parsing.. Size: 19667
Using xml2js for smaller file
parseCOAXml called for file: 449. RI498.XML, content length: 8390
Starting parsing.. Size: 8415
Using xml2js for smaller file
parseCOAXml called for file: 45. 4B10.XML, content length: 17454
Starting parsing.. Size: 17491
Using xml2js for smaller file
parseCOAXml called for file: 45. 6C08.XML, content length: 13494
Starting parsing.. Size: 13521
Using xml2js for smaller file
parseCOAXml called for file: 45. D25F19 copy.XML, content length: 21780
Starting parsing.. Size: 21809
Using xml2js for smaller file
parseCOAXml called for file: 45. D25F19.XML, content length: 8548
Starting parsing.. Size: 8573
Using xml2js for smaller file
parseCOAXml called for file: 45. D25H13.XML, content length: 9501
Starting parsing.. Size: 9526
Using xml2js for smaller file
parseCOAXml called for file: 45. D25L42.XML, content length: 19303
Starting parsing.. Size: 19330
Using xml2js for smaller file
parseCOAXml called for file: 45. GP171.XML, content length: 8718
Starting parsing.. Size: 8743
Using xml2js for smaller file
parseCOAXml called for file: 45. N24D08.XML, content length: 8736
Starting parsing.. Size: 8761
Using xml2js for smaller file
parseCOAXml called for file: 45. PS25209.XML, content length: 17766
Starting parsing.. Size: 17793
Using xml2js for smaller file
parseCOAXml called for file: 45. PS25213.XML, content length: 7747
Starting parsing.. Size: 7772
Using xml2js for smaller file
parseCOAXml called for file: 450. D24C34 TIMOGRIP-B EYE DROPS 5ML.XML, content length: 16266
Starting parsing.. Size: 16293
Using xml2js for smaller file
parseCOAXml called for file: 450. D24H15.XML, content length: 9454
Starting parsing.. Size: 9479
Using xml2js for smaller file
parseCOAXml called for file: 450. D25F23.XML, content length: 20355
Starting parsing.. Size: 20382
Using xml2js for smaller file
parseCOAXml called for file: 450. I396.XML, content length: 7244
Starting parsing.. Size: 7269
Using xml2js for smaller file
parseCOAXml called for file: 450. N26C21.XML, content length: 19642
Starting parsing.. Size: 19669
Using xml2js for smaller file
parseCOAXml called for file: 451. D24C34 GLAUCOFF T 5ML(TAJIKISTAN-EVOLET).XML, content length: 17333
Starting parsing.. Size: 17360
Using xml2js for smaller file
parseCOAXml called for file: 451. D25F24.XML, content length: 18457
Starting parsing.. Size: 18484
Using xml2js for smaller file
parseCOAXml called for file: 451. N24H16.XML, content length: 9844
Starting parsing.. Size: 9869
Using xml2js for smaller file
parseCOAXml called for file: 451. N25G22.XML, content length: 9617
Starting parsing.. Size: 9642
Using xml2js for smaller file
parseCOAXml called for file: 451. N26C22.XML, content length: 17975
Starting parsing.. Size: 18002
Using xml2js for smaller file
parseCOAXml called for file: 452. 4H08.XML, content length: 9578
Starting parsing.. Size: 9603
Using xml2js for smaller file
parseCOAXml called for file: 452. D24C35 MOXIBLIZZ-T EYE DROPS 5ML.XML, content length: 18626
Starting parsing.. Size: 18653
Using xml2js for smaller file
parseCOAXml called for file: 452. D25F24.XML, content length: 18472
Starting parsing.. Size: 18499
Using xml2js for smaller file
parseCOAXml called for file: 452. GP167.XML, content length: 8717
Starting parsing.. Size: 8742
Using xml2js for smaller file
parseCOAXml called for file: 452. N26C23.XML, content length: 17975
Starting parsing.. Size: 18002
Using xml2js for smaller file
parseCOAXml called for file: 453. B4H03.XML, content length: 5577
Starting parsing.. Size: 5602
Using xml2js for smaller file
parseCOAXml called for file: 453. D24C35 MOXICON-T EYE DROPS 5ML.XML, content length: 18621
Starting parsing.. Size: 18648
Using xml2js for smaller file
parseCOAXml called for file: 453. D25F25.XML, content length: 18193
Starting parsing.. Size: 18220
Using xml2js for smaller file
parseCOAXml called for file: 453. N25G23.XML, content length: 9538
Starting parsing.. Size: 9563
Using xml2js for smaller file
parseCOAXml called for file: 453. N26C24.XML, content length: 17976
Starting parsing.. Size: 18003
Using xml2js for smaller file
parseCOAXml called for file: 454. 25AM09.XML, content length: 9846
Starting parsing.. Size: 9871
Using xml2js for smaller file
parseCOAXml called for file: 454. D24C36.XML, content length: 18366
Starting parsing.. Size: 18393
Using xml2js for smaller file
parseCOAXml called for file: 454. D24H16.XML, content length: 9448
Starting parsing.. Size: 9473
Using xml2js for smaller file
parseCOAXml called for file: 454. D25F25.XML, content length: 18202
Starting parsing.. Size: 18229
Using xml2js for smaller file
parseCOAXml called for file: 454. N26C25.XML, content length: 17978
Starting parsing.. Size: 18005
Using xml2js for smaller file
parseCOAXml called for file: 455. 5G05.XML, content length: 8360
Starting parsing.. Size: 8385
Using xml2js for smaller file
parseCOAXml called for file: 455. D24C37.XML, content length: 14939
Starting parsing.. Size: 14966
Using xml2js for smaller file
parseCOAXml called for file: 455. I381.XML, content length: 15375
Starting parsing.. Size: 15402
Using xml2js for smaller file
parseCOAXml called for file: 455. IS0024H.XML, content length: 10441
Starting parsing.. Size: 10468
Using xml2js for smaller file
parseCOAXml called for file: 455. N26C26.XML, content length: 17976
Starting parsing.. Size: 18003
Using xml2js for smaller file
parseCOAXml called for file: 456. 24AM14.XML, content length: 9855
Starting parsing.. Size: 9880
Using xml2js for smaller file
parseCOAXml called for file: 456. D24C38 TOBANEXT EYE DROPS 5ML.XML, content length: 17183
Starting parsing.. Size: 17210
Using xml2js for smaller file
parseCOAXml called for file: 456. HI25G02.XML, content length: 5583
Starting parsing.. Size: 5608
Using xml2js for smaller file
parseCOAXml called for file: 456. N25F13.XML, content length: 17861
Starting parsing.. Size: 17894
Using xml2js for smaller file
parseCOAXml called for file: 456. N26D01.XML, content length: 18510
Starting parsing.. Size: 18537
Using xml2js for smaller file
parseCOAXml called for file: 457. 25AM10.XML, content length: 9837
Starting parsing.. Size: 9862
Using xml2js for smaller file
parseCOAXml called for file: 457. 4H09.XML, content length: 8574
Starting parsing.. Size: 8599
Using xml2js for smaller file
parseCOAXml called for file: 457. D24C38 TOBRAMYCIN OPH SOL USP(SAMOSPHARMA.XML, content length: 17238
Starting parsing.. Size: 17265
Using xml2js for smaller file
parseCOAXml called for file: 457. N26D02.XML, content length: 24775
Starting parsing.. Size: 24808
Using xml2js for smaller file
parseCOAXml called for file: 457. PS25086.XML, content length: 17766
Starting parsing.. Size: 17793
Using xml2js for smaller file
parseCOAXml called for file: 458. 5G06.XML, content length: 8360
Starting parsing.. Size: 8385
Using xml2js for smaller file
parseCOAXml called for file: 458. D24C39 RICHARGE EYE DROPS 10ML.XML, content length: 17776
Starting parsing.. Size: 17803
Using xml2js for smaller file
parseCOAXml called for file: 458. D24H17.XML, content length: 9448
Starting parsing.. Size: 9473
Using xml2js for smaller file
parseCOAXml called for file: 458. N26D03_DORZY-T EYE DROPS 5ML (ETHIOPIA).XML, content length: 24775
Starting parsing.. Size: 24808
Using xml2js for smaller file
parseCOAXml called for file: 458. PS25087.XML, content length: 17766
Starting parsing.. Size: 17793
Using xml2js for smaller file
parseCOAXml called for file: 459. B5G01.XML, content length: 5581
Starting parsing.. Size: 5606
Using xml2js for smaller file
parseCOAXml called for file: 459. D24C39 LUBRISKY EYE DROPS 10ML.XML, content length: 17779
Starting parsing.. Size: 17806
Using xml2js for smaller file
parseCOAXml called for file: 459. D24H18.XML, content length: 9456
Starting parsing.. Size: 9481
Using xml2js for smaller file
parseCOAXml called for file: 459. D25F26.XML, content length: 15832
Starting parsing.. Size: 15859
Using xml2js for smaller file
parseCOAXml called for file: 459. N26D03_DORZOLA PLUS VISION 5ML.XML, content length: 23481
Starting parsing.. Size: 23508
Using xml2js for smaller file
parseCOAXml called for file: 46. 4B11.XML, content length: 17454
Starting parsing.. Size: 17491
Using xml2js for smaller file
parseCOAXml called for file: 46. 5K15.XML, content length: 8421
Starting parsing.. Size: 8446
Using xml2js for smaller file
parseCOAXml called for file: 46. 5L08.XML, content length: 13503
Starting parsing.. Size: 13530
Using xml2js for smaller file
parseCOAXml called for file: 46. 6C09_HYPE-6 EYE OINTMENT 5GM.XML, content length: 17004
Starting parsing.. Size: 17039
Using xml2js for smaller file
parseCOAXml called for file: 46. D25L43.XML, content length: 19345
Starting parsing.. Size: 19372
Using xml2js for smaller file
parseCOAXml called for file: 46. N24D09.XML, content length: 8291
Starting parsing.. Size: 8316
Using xml2js for smaller file
parseCOAXml called for file: 46. N25F16 copy.XML, content length: 16303
Starting parsing.. Size: 16330
Using xml2js for smaller file
parseCOAXml called for file: 46. N25F16.XML, content length: 8721
Starting parsing.. Size: 8746
Using xml2js for smaller file
parseCOAXml called for file: 46. N26A04.XML, content length: 8467
Starting parsing.. Size: 8492
Using xml2js for smaller file
parseCOAXml called for file: 46. PS25214.XML, content length: 7747
Starting parsing.. Size: 7772
Using xml2js for smaller file
parseCOAXml called for file: 460. 5G07.XML, content length: 8568
Starting parsing.. Size: 8593
Using xml2js for smaller file
parseCOAXml called for file: 460. D24D01.XML, content length: 32315
Starting parsing.. Size: 32342
Using xml2js for smaller file
parseCOAXml called for file: 460. D24H19.XML, content length: 10664
Starting parsing.. Size: 10689
Using xml2js for smaller file
parseCOAXml called for file: 460. D25F26.XML, content length: 15841
Starting parsing.. Size: 15868
Using xml2js for smaller file
parseCOAXml called for file: 460. N26D04.XML, content length: 15932
Starting parsing.. Size: 15959
Using xml2js for smaller file
parseCOAXml called for file: 461. B5G02.XML, content length: 6769
Starting parsing.. Size: 6794
Using xml2js for smaller file
parseCOAXml called for file: 461. D24D02 SCIFRESH EYE DROPS 10ML.XML, content length: 17801
Starting parsing.. Size: 17828
Using xml2js for smaller file
parseCOAXml called for file: 461. D25F27.XML, content length: 22872
Starting parsing.. Size: 22907
Using xml2js for smaller file
parseCOAXml called for file: 461. HI24H01.XML, content length: 5579
Starting parsing.. Size: 5604
Using xml2js for smaller file
parseCOAXml called for file: 461. N26D05.XML, content length: 18988
Starting parsing.. Size: 19021
Using xml2js for smaller file
parseCOAXml called for file: 462. D24D02 GENLUBE EYE DROPS 10ML.XML, content length: 17774
Starting parsing.. Size: 17801
Using xml2js for smaller file
parseCOAXml called for file: 462. E5F04.XML, content length: 19441
Starting parsing.. Size: 19468
Using xml2js for smaller file
parseCOAXml called for file: 462. N24H17.XML, content length: 8526
Starting parsing.. Size: 8551
Using xml2js for smaller file
parseCOAXml called for file: 462. N25G24.XML, content length: 9605
Starting parsing.. Size: 9630
Using xml2js for smaller file
parseCOAXml called for file: 462. N26D06.XML, content length: 18987
Starting parsing.. Size: 19020
Using xml2js for smaller file
parseCOAXml called for file: 463. D24D03 AQUASOOTHE EYE DROPS 10ML.XML, content length: 17806
Starting parsing.. Size: 17833
Using xml2js for smaller file
parseCOAXml called for file: 463. D24H20.xml, content length: 8736
Starting parsing.. Size: 8761
Using xml2js for smaller file
parseCOAXml called for file: 463. I382.XML, content length: 19379
Starting parsing.. Size: 19406
Using xml2js for smaller file
parseCOAXml called for file: 463. N25G25.XML, content length: 9848
Starting parsing.. Size: 9873
Using xml2js for smaller file
parseCOAXml called for file: 463. N26D07.XML, content length: 13450
Starting parsing.. Size: 13477
Using xml2js for smaller file
parseCOAXml called for file: 464. AI075.XML, content length: 5548
Starting parsing.. Size: 5573
Using xml2js for smaller file
parseCOAXml called for file: 464. D24D03 BIOQFRESH EYE DROPS 10ML.XML, content length: 17783
Starting parsing.. Size: 17810
Using xml2js for smaller file
parseCOAXml called for file: 464. D24H21.XML, content length: 8655
Starting parsing.. Size: 8680
Using xml2js for smaller file
parseCOAXml called for file: 464. N25F14.XML, content length: 17861
Starting parsing.. Size: 17894
Using xml2js for smaller file
parseCOAXml called for file: 464. PS26001.XML, content length: 17767
Starting parsing.. Size: 17794
Using xml2js for smaller file
parseCOAXml called for file: 465. D24D03 LUMIBLINK EYE DROPS 10ML.XML, content length: 17803
Starting parsing.. Size: 17830
Using xml2js for smaller file
parseCOAXml called for file: 465. GP158.XML, content length: 8714
Starting parsing.. Size: 8739
Using xml2js for smaller file
parseCOAXml called for file: 465. N25G26.XML, content length: 9706
Starting parsing.. Size: 9731
Using xml2js for smaller file
parseCOAXml called for file: 465. PS25088.XML, content length: 17767
Starting parsing.. Size: 17794
Using xml2js for smaller file
parseCOAXml called for file: 465. PS26002.XML, content length: 17766
Starting parsing.. Size: 17793
Using xml2js for smaller file
parseCOAXml called for file: 466. 5G08.XML, content length: 8571
Starting parsing.. Size: 8596
Using xml2js for smaller file
parseCOAXml called for file: 466. D24D04 IO-LUBE GEL EYE DROPS 10ML.XML, content length: 17790
Starting parsing.. Size: 17817
Using xml2js for smaller file
parseCOAXml called for file: 466. N24H19.XML, content length: 8578
Starting parsing.. Size: 8603
Using xml2js for smaller file
parseCOAXml called for file: 466. PS25089.XML, content length: 17766
Starting parsing.. Size: 17793
Using xml2js for smaller file
parseCOAXml called for file: 466. PS26003.XML, content length: 17766
Starting parsing.. Size: 17793
Using xml2js for smaller file
parseCOAXml called for file: 467. 4H11.XML, content length: 9578
Starting parsing.. Size: 9603
Using xml2js for smaller file
parseCOAXml called for file: 467. D24D04 CELLUCON PLUS EYE DROPS 10ML.XML, content length: 17794
Starting parsing.. Size: 17821
Using xml2js for smaller file
parseCOAXml called for file: 467. D25F28.XML, content length: 15944
Starting parsing.. Size: 15971
Using xml2js for smaller file
parseCOAXml called for file: 467. D25G30.XML, content length: 8660
Starting parsing.. Size: 8685
Using xml2js for smaller file
parseCOAXml called for file: 467. PS26004.XML, content length: 17766
Starting parsing.. Size: 17793
Using xml2js for smaller file
parseCOAXml called for file: 468.  D25F29.XML, content length: 33508
Starting parsing.. Size: 33535
Using xml2js for smaller file
parseCOAXml called for file: 468. D24D04 RICHARGE GEL EYE DROPS 10ML.XML, content length: 17788
Starting parsing.. Size: 17815
Using xml2js for smaller file
parseCOAXml called for file: 468. D24H22.XML, content length: 8647
Starting parsing.. Size: 8672
Using xml2js for smaller file
parseCOAXml called for file: 468. L1825009.XML, content length: 7392
Starting parsing.. Size: 7417
Using xml2js for smaller file
parseCOAXml called for file: 468. PS26005.XML, content length: 17903
Starting parsing.. Size: 17930
Using xml2js for smaller file
parseCOAXml called for file: 469. D24D05 NEOFRESH EYE DROPS 10ML(NEOVISION).XML, content length: 17930
Starting parsing.. Size: 17957
Using xml2js for smaller file
parseCOAXml called for file: 469. D25F29.XML, content length: 19156
Starting parsing.. Size: 19183
Using xml2js for smaller file
parseCOAXml called for file: 469. N24H20.XML, content length: 8880
Starting parsing.. Size: 8905
Using xml2js for smaller file
parseCOAXml called for file: 469. N25G27.XML, content length: 9704
Starting parsing.. Size: 9729
Using xml2js for smaller file
parseCOAXml called for file: 469. PS26006.XML, content length: 17896
Starting parsing.. Size: 17923
Using xml2js for smaller file
parseCOAXml called for file: 47. 4B12.XML, content length: 13510
Starting parsing.. Size: 13537
Using xml2js for smaller file
parseCOAXml called for file: 47. 4D04.XML, content length: 8415
Starting parsing.. Size: 8440
Using xml2js for smaller file
parseCOAXml called for file: 47. 5L12.XML, content length: 8589
Starting parsing.. Size: 8614
Using xml2js for smaller file
parseCOAXml called for file: 47. 6C09_HYPER-I EYE OINTMENT 5GM.XML, content length: 17010
Starting parsing.. Size: 17045
Using xml2js for smaller file
parseCOAXml called for file: 47. D25F33 copy.XML, content length: 16951
Starting parsing.. Size: 16978
Using xml2js for smaller file
parseCOAXml called for file: 47. D25F33.XML, content length: 8782
Starting parsing.. Size: 8807
Using xml2js for smaller file
parseCOAXml called for file: 47. D25L28.XML, content length: 18315
Starting parsing.. Size: 18342
Using xml2js for smaller file
parseCOAXml called for file: 47. D25L43.XML, content length: 19351
Starting parsing.. Size: 19378
Using xml2js for smaller file
parseCOAXml called for file: 47. D26A08.XML, content length: 8429
Starting parsing.. Size: 8454
Using xml2js for smaller file
parseCOAXml called for file: 47. N25K26.XML, content length: 8677
Starting parsing.. Size: 8702
Using xml2js for smaller file
parseCOAXml called for file: 470. 4H12.XML, content length: 9580
Starting parsing.. Size: 9605
Using xml2js for smaller file
parseCOAXml called for file: 470. D24D05 NEOFRESH ED 10ML PS (NEOVISION).XML, content length: 17933
Starting parsing.. Size: 17960
Using xml2js for smaller file
parseCOAXml called for file: 470. D25F29.XML, content length: 19173
Starting parsing.. Size: 19200
Using xml2js for smaller file
parseCOAXml called for file: 470. N25G28.XML, content length: 9704
Starting parsing.. Size: 9729
Using xml2js for smaller file
parseCOAXml called for file: 470. PS26007_PROCAINE,STRE SULFA,HYDRO(SALE).XML, content length: 17889
Starting parsing.. Size: 17916
Using xml2js for smaller file
parseCOAXml called for file: 471. 5G09.XML, content length: 8582
Starting parsing.. Size: 8607
Using xml2js for smaller file
parseCOAXml called for file: 471. D24D06.XML, content length: 17896
Starting parsing.. Size: 17923
Using xml2js for smaller file
parseCOAXml called for file: 471. D24H23.XML, content length: 8865
Starting parsing.. Size: 8890
Using xml2js for smaller file
parseCOAXml called for file: 471. D25F29.XML, content length: 19154
Starting parsing.. Size: 19181
Using xml2js for smaller file
parseCOAXml called for file: 471. PS26007_PROCAINE,STRE SULFA,HYDRO(MH GOVT).XML, content length: 17900
Starting parsing.. Size: 17927
Using xml2js for smaller file
parseCOAXml called for file: 472. D24D07.XML, content length: 17909
Starting parsing.. Size: 17936
Using xml2js for smaller file
parseCOAXml called for file: 472. D25F29.XML, content length: 19152
Starting parsing.. Size: 19179
Using xml2js for smaller file
parseCOAXml called for file: 472. D25G31.XML, content length: 9896
Starting parsing.. Size: 9921
Using xml2js for smaller file
parseCOAXml called for file: 472. GP159.XML, content length: 8713
Starting parsing.. Size: 8738
Using xml2js for smaller file
parseCOAXml called for file: 472. PS26007_PROCAINE,STRE SULFA,HYDRO(GUJ GOVT).XML, content length: 17890
Starting parsing.. Size: 17917
Using xml2js for smaller file
parseCOAXml called for file: 473. D24D08.XML, content length: 17996
Starting parsing.. Size: 18023
Using xml2js for smaller file
parseCOAXml called for file: 473. I383.XML, content length: 19374
Starting parsing.. Size: 19401
Using xml2js for smaller file
parseCOAXml called for file: 473. L1825010.XML, content length: 7395
Starting parsing.. Size: 7420
Using xml2js for smaller file
parseCOAXml called for file: 473. N24H21.XML, content length: 9569
Starting parsing.. Size: 9594
Using xml2js for smaller file
parseCOAXml called for file: 473. PS26008.XML, content length: 17766
Starting parsing.. Size: 17793
Using xml2js for smaller file
parseCOAXml called for file: 474. D24D09 OPTIFRRESH PLUS ED 10ML(UGANDA).XML, content length: 17970
Starting parsing.. Size: 17997
Using xml2js for smaller file
parseCOAXml called for file: 474. D24H24.XML, content length: 8420
Starting parsing.. Size: 8445
Using xml2js for smaller file
parseCOAXml called for file: 474. N25F15.XML, content length: 17863
Starting parsing.. Size: 17896
Using xml2js for smaller file
parseCOAXml called for file: 474. N25G29.XML, content length: 8805
Starting parsing.. Size: 8830
Using xml2js for smaller file
parseCOAXml called for file: 474. PS26009.XML, content length: 17767
Starting parsing.. Size: 17794
Using xml2js for smaller file
parseCOAXml called for file: 475. D24D09 KERALUBE EYE DROPS 10ML.XML, content length: 17950
Starting parsing.. Size: 17977
Using xml2js for smaller file
parseCOAXml called for file: 475. D24H25.XML, content length: 6505
Starting parsing.. Size: 6530
Using xml2js for smaller file
parseCOAXml called for file: 475. N25G30.XML, content length: 10417
Starting parsing.. Size: 10444
Using xml2js for smaller file
parseCOAXml called for file: 475. PS25090.XML, content length: 17767
Starting parsing.. Size: 17794
Using xml2js for smaller file
parseCOAXml called for file: 475. PS26010.XML, content length: 17766
Starting parsing.. Size: 17793
Using xml2js for smaller file
parseCOAXml called for file: 476. 4H14.XML, content length: 8577
Starting parsing.. Size: 8602
Using xml2js for smaller file
parseCOAXml called for file: 476. 5G10.XML, content length: 5307
Starting parsing.. Size: 5332
Using xml2js for smaller file
parseCOAXml called for file: 476. D24D10.XML, content length: 17969
Starting parsing.. Size: 17996
Using xml2js for smaller file
parseCOAXml called for file: 476. D25F30.XML, content length: 16745
Starting parsing.. Size: 16772
Using xml2js for smaller file
parseCOAXml called for file: 476. PS26011.XML, content length: 17766
Starting parsing.. Size: 17793
Using xml2js for smaller file
parseCOAXml called for file: 477. D24D11  DORZY EYE DROPS 5ML (ANGOLA).XML, content length: 18881
Starting parsing.. Size: 18908
Using xml2js for smaller file
parseCOAXml called for file: 477. D25F30.XML, content length: 16763
Starting parsing.. Size: 16790
Using xml2js for smaller file
parseCOAXml called for file: 477. L1825011.XML, content length: 7394
Starting parsing.. Size: 7419
Using xml2js for smaller file
parseCOAXml called for file: 477. N24H22.XML, content length: 8880
Starting parsing.. Size: 8905
Using xml2js for smaller file
parseCOAXml called for file: 477. PS26012.XML, content length: 17766
Starting parsing.. Size: 17793
Using xml2js for smaller file
parseCOAXml called for file: 478. D24D11 DORTAS EYE DROPS 5ML (INTAS TP).XML, content length: 17611
Starting parsing.. Size: 17638
Using xml2js for smaller file
parseCOAXml called for file: 478. D25F30.XML, content length: 16760
Starting parsing.. Size: 16787
Using xml2js for smaller file
parseCOAXml called for file: 478. N25G31.XML, content length: 9857
Starting parsing.. Size: 9882
Using xml2js for smaller file
parseCOAXml called for file: 478. PS26013.XML, content length: 17766
Starting parsing.. Size: 17793
Using xml2js for smaller file
parseCOAXml called for file: 478. PZ24004.XML, content length: 7754
Starting parsing.. Size: 7779
Using xml2js for smaller file
parseCOAXml called for file: 479. 25AM11.XML, content length: 9583
Starting parsing.. Size: 9608
Using xml2js for smaller file
parseCOAXml called for file: 479. D24D12.XML, content length: 22579
Starting parsing.. Size: 22606
Using xml2js for smaller file
parseCOAXml called for file: 479. D24H26.XML, content length: 8664
Starting parsing.. Size: 8689
Using xml2js for smaller file
parseCOAXml called for file: 479. E5F05.XML, content length: 19440
Starting parsing.. Size: 19467
Using xml2js for smaller file
parseCOAXml called for file: 479. PS26014.XML, content length: 17765
Starting parsing.. Size: 17792
Using xml2js for smaller file
parseCOAXml called for file: 48. 4B13.XML, content length: 13542
Starting parsing.. Size: 13569
Using xml2js for smaller file
parseCOAXml called for file: 48. 6C10.XML, content length: 16714
Starting parsing.. Size: 16751
Using xml2js for smaller file
parseCOAXml called for file: 48. D24D18.XML, content length: 8637
Starting parsing.. Size: 8662
Using xml2js for smaller file
parseCOAXml called for file: 48. D25B26.XML, content length: 9509
Starting parsing.. Size: 9534
Using xml2js for smaller file
parseCOAXml called for file: 48. D25F34 copy.XML, content length: 13585
Starting parsing.. Size: 13612
Using xml2js for smaller file
parseCOAXml called for file: 48. D25F34.XML, content length: 8461
Starting parsing.. Size: 8486
Using xml2js for smaller file
parseCOAXml called for file: 48. D25L28.XML, content length: 18319
Starting parsing.. Size: 18346
Using xml2js for smaller file
parseCOAXml called for file: 48. D25L43.XML, content length: 19158
Starting parsing.. Size: 19185
Using xml2js for smaller file
parseCOAXml called for file: 48. D26A09.XML, content length: 9450
Starting parsing.. Size: 9475
Using xml2js for smaller file
parseCOAXml called for file: 48. N25L25.XML, content length: 9739
Starting parsing.. Size: 9764
Using xml2js for smaller file
parseCOAXml called for file: 480. 4H15.XML, content length: 8309
Starting parsing.. Size: 8334
Using xml2js for smaller file
parseCOAXml called for file: 480. D24D13 DORZIP-T EYE DROPS 5ML(BKC).XML, content length: 22670
Starting parsing.. Size: 22697
Using xml2js for smaller file
parseCOAXml called for file: 480. D25G32.XML, content length: 9798
Starting parsing.. Size: 9823
Using xml2js for smaller file
parseCOAXml called for file: 480. I384.XML, content length: 15003
Starting parsing.. Size: 15030
Using xml2js for smaller file
parseCOAXml called for file: 480. PS26015.XML, content length: 17766
Starting parsing.. Size: 17793
Using xml2js for smaller file
parseCOAXml called for file: 481. D24D13 DORZY-T EYE DROPS 5ML (RWANDA ).XML, content length: 22683
Starting parsing.. Size: 22710
Using xml2js for smaller file
parseCOAXml called for file: 481. D25G33.XML, content length: 9801
Starting parsing.. Size: 9826
Using xml2js for smaller file
parseCOAXml called for file: 481. L1824007.XML, content length: 5441
Starting parsing.. Size: 5466
Using xml2js for smaller file
parseCOAXml called for file: 481. N25F17.XML, content length: 16372
Starting parsing.. Size: 16399
Using xml2js for smaller file
parseCOAXml called for file: 481. PS26016.XML, content length: 17766
Starting parsing.. Size: 17793
Using xml2js for smaller file
  ...4750 COA files processed (created 4737)
parseCOAXml called for file: 482. D24D13 DORZY-T EYE DROPS 5ML(BKC).XML, content length: 41547
Starting parsing.. Size: 41574
Using xml2js for smaller file
parseCOAXml called for file: 482. N24H23.XML, content length: 8880
Starting parsing.. Size: 8905
Using xml2js for smaller file
parseCOAXml called for file: 482. N25G32.XML, content length: 9639
Starting parsing.. Size: 9664
Using xml2js for smaller file
parseCOAXml called for file: 482. PS25091.XML, content length: 17768
Starting parsing.. Size: 17795
Using xml2js for smaller file
parseCOAXml called for file: 482. PS26017.XML, content length: 17766
Starting parsing.. Size: 17793
Using xml2js for smaller file
parseCOAXml called for file: 483. 4H16.XML, content length: 7595
Starting parsing.. Size: 7620
Using xml2js for smaller file
parseCOAXml called for file: 483. D24D13 DORZY-T EYE DROPS 5ML (ANGOLA ).XML, content length: 24009
Starting parsing.. Size: 24036
Using xml2js for smaller file
parseCOAXml called for file: 483. D25H02.XML, content length: 8423
Starting parsing.. Size: 8448
Using xml2js for smaller file
parseCOAXml called for file: 483. PS25092.XML, content length: 17767
Starting parsing.. Size: 17794
Using xml2js for smaller file
parseCOAXml called for file: 483. PS26018.XML, content length: 17765
Starting parsing.. Size: 17792
Using xml2js for smaller file
parseCOAXml called for file: 484. D24D14.XML, content length: 17888
Starting parsing.. Size: 17919
Using xml2js for smaller file
parseCOAXml called for file: 484. D24H27.XML, content length: 8659
Starting parsing.. Size: 8684
Using xml2js for smaller file
parseCOAXml called for file: 484. D25F31.XML, content length: 18032
Starting parsing.. Size: 18059
Using xml2js for smaller file
parseCOAXml called for file: 484. N25H01.XML, content length: 9461
Starting parsing.. Size: 9486
Using xml2js for smaller file
parseCOAXml called for file: 484. PS26019.XML, content length: 17766
Starting parsing.. Size: 17793
Using xml2js for smaller file
parseCOAXml called for file: 485. 5H01.XML, content length: 9575
Starting parsing.. Size: 9600
Using xml2js for smaller file
parseCOAXml called for file: 485. D24D15 TOBAREST-LP EYE DROPS 5ML.XML, content length: 19933
Starting parsing.. Size: 19968
Using xml2js for smaller file
parseCOAXml called for file: 485. D25F32.XML, content length: 19607
Starting parsing.. Size: 19634
Using xml2js for smaller file
parseCOAXml called for file: 485. N24H24.XML, content length: 8471
Starting parsing.. Size: 8496
Using xml2js for smaller file
parseCOAXml called for file: 485. PS26020.XML, content length: 17764
Starting parsing.. Size: 17791
Using xml2js for smaller file
parseCOAXml called for file: 486. D24D15 TOBAPREC-LP EYE DROPS 5ML.XML, content length: 19952
Starting parsing.. Size: 19987
Using xml2js for smaller file
parseCOAXml called for file: 486. D24I01.XML, content length: 8658
Starting parsing.. Size: 8683
Using xml2js for smaller file
parseCOAXml called for file: 486. D25F32.XML, content length: 19607
Starting parsing.. Size: 19634
Using xml2js for smaller file
parseCOAXml called for file: 486. D25H03.XML, content length: 8652
Starting parsing.. Size: 8677
Using xml2js for smaller file
parseCOAXml called for file: 486. PS26021.XML, content length: 17768
Starting parsing.. Size: 17795
Using xml2js for smaller file
parseCOAXml called for file: 487. D24D15 TOBRINE-LP EYE DROPS 5ML.XML, content length: 19930
Starting parsing.. Size: 19965
Using xml2js for smaller file
parseCOAXml called for file: 487. D25F32.XML, content length: 19579
Starting parsing.. Size: 19606
Using xml2js for smaller file
parseCOAXml called for file: 487. N24I01.XML, content length: 8462
Starting parsing.. Size: 8487
Using xml2js for smaller file
parseCOAXml called for file: 487. N25H02.XML, content length: 8679
Starting parsing.. Size: 8704
Using xml2js for smaller file
parseCOAXml called for file: 487. PS26022.XML, content length: 17766
Starting parsing.. Size: 17793
Using xml2js for smaller file
parseCOAXml called for file: 488. D24D16.XML, content length: 18662
Starting parsing.. Size: 18689
Using xml2js for smaller file
parseCOAXml called for file: 488. D25H04.XML, content length: 8849
Starting parsing.. Size: 8874
Using xml2js for smaller file
parseCOAXml called for file: 488. E5F06.XML, content length: 19441
Starting parsing.. Size: 19468
Using xml2js for smaller file
parseCOAXml called for file: 488. N24I02.XML, content length: 8465
Starting parsing.. Size: 8490
Using xml2js for smaller file
parseCOAXml called for file: 488. PS26023.XML, content length: 17788
Starting parsing.. Size: 17815
Using xml2js for smaller file
parseCOAXml called for file: 489. D24D17.XML, content length: 16761
Starting parsing.. Size: 16788
Using xml2js for smaller file
parseCOAXml called for file: 489. I385.XML, content length: 15003
Starting parsing.. Size: 15030
Using xml2js for smaller file
parseCOAXml called for file: 489. PS24140.XML, content length: 7865
Starting parsing.. Size: 7890
Using xml2js for smaller file
parseCOAXml called for file: 489. PS25115.XML, content length: 7747
Starting parsing.. Size: 7772
Using xml2js for smaller file
parseCOAXml called for file: 489. PS26024.XML, content length: 17766
Starting parsing.. Size: 17793
Using xml2js for smaller file
parseCOAXml called for file: 49. 4C01.XML, content length: 19988
Starting parsing.. Size: 20025
Using xml2js for smaller file
parseCOAXml called for file: 49. 6C11.XML, content length: 13483
Starting parsing.. Size: 13510
Using xml2js for smaller file
parseCOAXml called for file: 49. D24D19.XML, content length: 10658
Starting parsing.. Size: 10683
Using xml2js for smaller file
parseCOAXml called for file: 49. D25C33.XML, content length: 8678
Starting parsing.. Size: 8703
Using xml2js for smaller file
parseCOAXml called for file: 49. D25F44 copy.XML, content length: 20385
Starting parsing.. Size: 20412
Using xml2js for smaller file
parseCOAXml called for file: 49. D25F44.XML, content length: 8427
Starting parsing.. Size: 8452
Using xml2js for smaller file
parseCOAXml called for file: 49. D25L29.XML, content length: 20962
Starting parsing.. Size: 20995
Using xml2js for smaller file
parseCOAXml called for file: 49. I424.XML, content length: 19443
Starting parsing.. Size: 19476
Using xml2js for smaller file
parseCOAXml called for file: 49. N25L26.XML, content length: 9740
Starting parsing.. Size: 9765
Using xml2js for smaller file
parseCOAXml called for file: 49. N26A05.XML, content length: 9695
Starting parsing.. Size: 9720
Using xml2js for smaller file
parseCOAXml called for file: 490. 4I02.XML, content length: 9534
Starting parsing.. Size: 9559
Using xml2js for smaller file
parseCOAXml called for file: 490. D24D18.XML, content length: 16767
Starting parsing.. Size: 16794
Using xml2js for smaller file
parseCOAXml called for file: 490. D25H06.XML, content length: 8651
Starting parsing.. Size: 8676
Using xml2js for smaller file
parseCOAXml called for file: 490. N25F18.XML, content length: 19597
Starting parsing.. Size: 19632
Using xml2js for smaller file
parseCOAXml called for file: 490. PS26025.XML, content length: 17764
Starting parsing.. Size: 17791
Using xml2js for smaller file
parseCOAXml called for file: 491. B4I01.XML, content length: 6747
Starting parsing.. Size: 6772
Using xml2js for smaller file
parseCOAXml called for file: 491. D24D19 CLEARSPAN EYE DROPS 10ML.XML, content length: 18500
Starting parsing.. Size: 18527
Using xml2js for smaller file
parseCOAXml called for file: 491. N25F18.XML, content length: 19583
Starting parsing.. Size: 19618
Using xml2js for smaller file
parseCOAXml called for file: 491. N25H03.XML, content length: 9748
Starting parsing.. Size: 9773
Using xml2js for smaller file
parseCOAXml called for file: 491. PS26026.XML, content length: 17766
Starting parsing.. Size: 17793
Using xml2js for smaller file
parseCOAXml called for file: 492. D24D19 NFM PLUS EYE DROPS 10ML.XML, content length: 18498
Starting parsing.. Size: 18525
Using xml2js for smaller file
parseCOAXml called for file: 492. D24I02.XML, content length: 8659
Starting parsing.. Size: 8684
Using xml2js for smaller file
parseCOAXml called for file: 492. N25F19.XML, content length: 24834
Starting parsing.. Size: 24867
Using xml2js for smaller file
parseCOAXml called for file: 492. PS25116.XML, content length: 7747
Starting parsing.. Size: 7772
Using xml2js for smaller file
parseCOAXml called for file: 492. PS26027.XML, content length: 17762
Starting parsing.. Size: 17789
Using xml2js for smaller file
parseCOAXml called for file: 493. 5H03.XML, content length: 7243
Starting parsing.. Size: 7268
Using xml2js for smaller file
parseCOAXml called for file: 493. D24D20.XML, content length: 32230
Starting parsing.. Size: 32257
Using xml2js for smaller file
parseCOAXml called for file: 493. N24I03.XML, content length: 8718
Starting parsing.. Size: 8743
Using xml2js for smaller file
parseCOAXml called for file: 493. PS25093.XML, content length: 17766
Starting parsing.. Size: 17793
Using xml2js for smaller file
parseCOAXml called for file: 493. PS26028.XML, content length: 17766
Starting parsing.. Size: 17793
Using xml2js for smaller file
parseCOAXml called for file: 494. 4I03.XML, content length: 9534
Starting parsing.. Size: 9559
Using xml2js for smaller file
parseCOAXml called for file: 494. D24D21 BTCURE EYE DROPS 5ML(SOC).XML, content length: 16272
Starting parsing.. Size: 16299
Using xml2js for smaller file
parseCOAXml called for file: 494. D25H07.XML, content length: 8651
Starting parsing.. Size: 8676
Using xml2js for smaller file
parseCOAXml called for file: 494. E5F07.XML, content length: 16193
Starting parsing.. Size: 16220
Using xml2js for smaller file
parseCOAXml called for file: 494. PS26029.XML, content length: 17766
Starting parsing.. Size: 17793
Using xml2js for smaller file
parseCOAXml called for file: 495. D24D21 BT PREC EYE DROPS 5ML-SOC.XML, content length: 16296
Starting parsing.. Size: 16323
Using xml2js for smaller file
parseCOAXml called for file: 495. D24I03.XML, content length: 9785
Starting parsing.. Size: 9810
Using xml2js for smaller file
parseCOAXml called for file: 495. N25H04.XML, content length: 10624
Starting parsing.. Size: 10649
Using xml2js for smaller file
parseCOAXml called for file: 495. PS25094.XML, content length: 17768
Starting parsing.. Size: 17795
Using xml2js for smaller file
parseCOAXml called for file: 495. PS26030.XML, content length: 17792
Starting parsing.. Size: 17819
Using xml2js for smaller file
parseCOAXml called for file: 496. D24D21 BRIMOLAST-T EYE DROPS 5ML(SOC).XML, content length: 16303
Starting parsing.. Size: 16330
Using xml2js for smaller file
parseCOAXml called for file: 496. D25F35.XML, content length: 36183
Starting parsing.. Size: 36212
Using xml2js for smaller file
parseCOAXml called for file: 496. N24I04.XML, content length: 8627
Starting parsing.. Size: 8652
Using xml2js for smaller file
parseCOAXml called for file: 496. PS25117.XML, content length: 7747
Starting parsing.. Size: 7772
Using xml2js for smaller file
parseCOAXml called for file: 496. PS26031.XML, content length: 17767
Starting parsing.. Size: 17794
Using xml2js for smaller file
parseCOAXml called for file: 497. 4I04.XML, content length: 5819
Starting parsing.. Size: 5844
Using xml2js for smaller file
parseCOAXml called for file: 497. D24D22  IO-NATA EYE DROPS 5ML.(INDIANA).XML, content length: 17173
Starting parsing.. Size: 17206
Using xml2js for smaller file
parseCOAXml called for file: 497. D25F36.XML, content length: 18218
Starting parsing.. Size: 18245
Using xml2js for smaller file
parseCOAXml called for file: 497. PS25118.XML, content length: 7747
Starting parsing.. Size: 7772
Using xml2js for smaller file
parseCOAXml called for file: 497. PS26032.XML, content length: 17766
Starting parsing.. Size: 17793
Using xml2js for smaller file
parseCOAXml called for file: 498. B4I02.XML, content length: 5577
Starting parsing.. Size: 5602
Using xml2js for smaller file
parseCOAXml called for file: 498. D24D22 SCINATA EYE DROPS 5ML.XML, content length: 17168
Starting parsing.. Size: 17201
Using xml2js for smaller file
parseCOAXml called for file: 498. D25F36.XML, content length: 18200
Starting parsing.. Size: 18227
Using xml2js for smaller file
parseCOAXml called for file: 498. D25H10.XML, content length: 9775
Starting parsing.. Size: 9800
Using xml2js for smaller file
parseCOAXml called for file: 498. PS26033.XML, content length: 17766
Starting parsing.. Size: 17793
Using xml2js for smaller file
parseCOAXml called for file: 499. D24D23 GATICON-HS EYE DROPS 5ML.XML, content length: 15991
Starting parsing.. Size: 16018
Using xml2js for smaller file
parseCOAXml called for file: 499. D24I04.XML, content length: 8405
Starting parsing.. Size: 8430
Using xml2js for smaller file
parseCOAXml called for file: 499. E5F08.XML, content length: 16193
Starting parsing.. Size: 16220
Using xml2js for smaller file
parseCOAXml called for file: 499. I397.XML, content length: 8320
Starting parsing.. Size: 8345
Using xml2js for smaller file
parseCOAXml called for file: 499. PS26034.XML, content length: 17766
Starting parsing.. Size: 17793
Using xml2js for smaller file
parseCOAXml called for file: 5. 24AM05.XML, content length: 17076
Starting parsing.. Size: 17103
Using xml2js for smaller file
parseCOAXml called for file: 5. 26AM05.XML, content length: 15939
Starting parsing.. Size: 15966
Using xml2js for smaller file
parseCOAXml called for file: 5. D24D03.XML, content length: 8658
Starting parsing.. Size: 8683
Using xml2js for smaller file
parseCOAXml called for file: 5. D25L35.XML, content length: 8677
Starting parsing.. Size: 8702
Using xml2js for smaller file
parseCOAXml called for file: 5. I450.XML, content length: 7347
Starting parsing.. Size: 7372
Using xml2js for smaller file
parseCOAXml called for file: 5. N25L12.XML, content length: 18325
Starting parsing.. Size: 18358
Using xml2js for smaller file
parseCOAXml called for file: 5. N25L13 copy.XML, content length: 20398
Starting parsing.. Size: 20425
Using xml2js for smaller file
parseCOAXml called for file: 5. N25L13.XML, content length: 8507
Starting parsing.. Size: 8532
Using xml2js for smaller file
parseCOAXml called for file: 5. N25L27.XML, content length: 19481
Starting parsing.. Size: 19514
Using xml2js for smaller file
parseCOAXml called for file: 5. PS25207.XML, content length: 7747
Starting parsing.. Size: 7772
Using xml2js for smaller file
parseCOAXml called for file: 50. 4C02.XML, content length: 21156
Starting parsing.. Size: 21193
Using xml2js for smaller file
parseCOAXml called for file: 50. 6A05.XML, content length: 8266
Starting parsing.. Size: 8291
Using xml2js for smaller file
parseCOAXml called for file: 50. 6C12.XML, content length: 19639
Starting parsing.. Size: 19674
Using xml2js for smaller file
parseCOAXml called for file: 50. D25L29.XML, content length: 20972
Starting parsing.. Size: 21005
Using xml2js for smaller file
parseCOAXml called for file: 50. N24D10.XML, content length: 8639
Starting parsing.. Size: 8664
Using xml2js for smaller file
parseCOAXml called for file: 50. N25F21 copy.XML, content length: 17157
Starting parsing.. Size: 17190
Using xml2js for smaller file
parseCOAXml called for file: 50. N25F21.XML, content length: 8616
Starting parsing.. Size: 8641
Using xml2js for smaller file
parseCOAXml called for file: 50. N25L35.XML, content length: 19644
Starting parsing.. Size: 19671
Using xml2js for smaller file
parseCOAXml called for file: 50. PS25215.XML, content length: 7747
Starting parsing.. Size: 7772
Using xml2js for smaller file
parseCOAXml called for file: 500. D24D23 GATEX EYE DROPS 5ML.XML, content length: 15990
Starting parsing.. Size: 16017
Using xml2js for smaller file
parseCOAXml called for file: 500. D24I05.XML, content length: 9643
Starting parsing.. Size: 9668
Using xml2js for smaller file
parseCOAXml called for file: 500. N25H05.XML, content length: 9670
Starting parsing.. Size: 9695
Using xml2js for smaller file
parseCOAXml called for file: 500. PS25095.XML, content length: 17768
Starting parsing.. Size: 17795
Using xml2js for smaller file
parseCOAXml called for file: 500. PS26035.XML, content length: 17765
Starting parsing.. Size: 17792
Using xml2js for smaller file
parseCOAXml called for file: 501. D24D23 GATIFREE-HS EYE DROPS 5ML.XML, content length: 15999
Starting parsing.. Size: 16026
Using xml2js for smaller file
parseCOAXml called for file: 501. D25F37.XML, content length: 15948
Starting parsing.. Size: 15975
Using xml2js for smaller file
parseCOAXml called for file: 501. N24I05.XML, content length: 8469
Starting parsing.. Size: 8494
Using xml2js for smaller file
parseCOAXml called for file: 501. PS25119.XML, content length: 7747
Starting parsing.. Size: 7772
Using xml2js for smaller file
parseCOAXml called for file: 502. 4I05.XML, content length: 7303
Starting parsing.. Size: 7328
Using xml2js for smaller file
parseCOAXml called for file: 502. D24D24 PARACON EYE DROPS 5ML.XML, content length: 14868
Starting parsing.. Size: 14895
Using xml2js for smaller file
parseCOAXml called for file: 502. D25F37.XML, content length: 15912
Starting parsing.. Size: 15939
Using xml2js for smaller file
parseCOAXml called for file: 502. PS25120.XML, content length: 7747
Starting parsing.. Size: 7772
Using xml2js for smaller file
parseCOAXml called for file: 503. D24D24 HYDROCAIN EYE DROPS 5ML.XML, content length: 14876
Starting parsing.. Size: 14903
Using xml2js for smaller file
parseCOAXml called for file: 503. D25F37.XML, content length: 15945
Starting parsing.. Size: 15972
Using xml2js for smaller file
parseCOAXml called for file: 503. D25H11.XML, content length: 9773
Starting parsing.. Size: 9798
Using xml2js for smaller file
parseCOAXml called for file: 503. L1824008.XML, content length: 5441
Starting parsing.. Size: 5466
Using xml2js for smaller file
parseCOAXml called for file: 504. D24D25.XML, content length: 34564
Starting parsing.. Size: 34603
Using xml2js for smaller file
parseCOAXml called for file: 504. D25F38.XML, content length: 17044
Starting parsing.. Size: 17071
Using xml2js for smaller file
parseCOAXml called for file: 504. D25H12.XML, content length: 9511
Starting parsing.. Size: 9536
Using xml2js for smaller file
parseCOAXml called for file: 504. N24I07.XML, content length: 8968
Starting parsing.. Size: 8993
Using xml2js for smaller file
parseCOAXml called for file: 505. D24D26.XML, content length: 18481
Starting parsing.. Size: 18514
Using xml2js for smaller file
parseCOAXml called for file: 505. D24I06.XML, content length: 8427
Starting parsing.. Size: 8452
Using xml2js for smaller file
parseCOAXml called for file: 505. E5F09.XML, content length: 16194
Starting parsing.. Size: 16221
Using xml2js for smaller file
parseCOAXml called for file: 505. I398.XML, content length: 8320
Starting parsing.. Size: 8345
Using xml2js for smaller file
parseCOAXml called for file: 506. D24D27.XML, content length: 29924
Starting parsing.. Size: 29951
Using xml2js for smaller file
parseCOAXml called for file: 506. D24I07.XML, content length: 8607
Starting parsing.. Size: 8632
Using xml2js for smaller file
parseCOAXml called for file: 506. N25H06.XML, content length: 8437
Starting parsing.. Size: 8462
Using xml2js for smaller file
parseCOAXml called for file: 506. PS25096.XML, content length: 17766
Starting parsing.. Size: 17793
Using xml2js for smaller file
parseCOAXml called for file: 507. D24D28.XML, content length: 26525
Starting parsing.. Size: 26552
Using xml2js for smaller file
parseCOAXml called for file: 507. D25F39.XML, content length: 14674
Starting parsing.. Size: 14701
Using xml2js for smaller file
parseCOAXml called for file: 507. N24I08.XML, content length: 8968
Starting parsing.. Size: 8993
Using xml2js for smaller file
parseCOAXml called for file: 507. PS25121.XML, content length: 7747
Starting parsing.. Size: 7772
Using xml2js for smaller file
parseCOAXml called for file: 508. D24D29.XML, content length: 19996
Starting parsing.. Size: 20031
Using xml2js for smaller file
parseCOAXml called for file: 508. D24I08.XML, content length: 6650
Starting parsing.. Size: 6675
Using xml2js for smaller file
parseCOAXml called for file: 508. D25F39.XML, content length: 14701
Starting parsing.. Size: 14728
Using xml2js for smaller file
parseCOAXml called for file: 508. PS25122.XML, content length: 7747
Starting parsing.. Size: 7772
Using xml2js for smaller file
parseCOAXml called for file: 509. 5H04.XML, content length: 7302
Starting parsing.. Size: 7327
Using xml2js for smaller file
parseCOAXml called for file: 509. D24D30 HYLOPANTA EYE DROPS 5ML.XML, content length: 16117
Starting parsing.. Size: 16144
Using xml2js for smaller file
parseCOAXml called for file: 509. D24I09.XML, content length: 6650
Starting parsing.. Size: 6675
Using xml2js for smaller file
parseCOAXml called for file: 509. D25F40.XML, content length: 16172
Starting parsing.. Size: 16205
Using xml2js for smaller file
parseCOAXml called for file: 51. 4C03.XML, content length: 17575
Starting parsing.. Size: 17612
Using xml2js for smaller file
parseCOAXml called for file: 51. 5D01.XML, content length: 7246
Starting parsing.. Size: 7271
Using xml2js for smaller file
parseCOAXml called for file: 51. 5F15 copy.XML, content length: 19458
Starting parsing.. Size: 19495
Using xml2js for smaller file
parseCOAXml called for file: 51. 5F15.XML, content length: 8318
Starting parsing.. Size: 8343
Using xml2js for smaller file
parseCOAXml called for file: 51. 6C13.XML, content length: 17538
Starting parsing.. Size: 17575
Using xml2js for smaller file
parseCOAXml called for file: 51. B6A01.XML, content length: 5580
Starting parsing.. Size: 5605
Using xml2js for smaller file
parseCOAXml called for file: 51. PS24059.XML, content length: 7865
Starting parsing.. Size: 7890
Using xml2js for smaller file
parseCOAXml called for file: 51. PS25210.XML, content length: 17766
Starting parsing.. Size: 17793
Using xml2js for smaller file
parseCOAXml called for file: 51. PS25226.XML, content length: 17766
Starting parsing.. Size: 17793
Using xml2js for smaller file
parseCOAXml called for file: 510. 4I06.XML, content length: 7328
Starting parsing.. Size: 7353
Using xml2js for smaller file
parseCOAXml called for file: 510. D24D30 HYQUE EYE DROPS 10ML.XML, content length: 16111
Starting parsing.. Size: 16138
Using xml2js for smaller file
parseCOAXml called for file: 510. D25H14.XML, content length: 8665
Starting parsing.. Size: 8690
Using xml2js for smaller file
parseCOAXml called for file: 510. PZ25003.XML, content length: 17765
Starting parsing.. Size: 17792
Using xml2js for smaller file
parseCOAXml called for file: 511. 5F12.XML, content length: 15666
Starting parsing.. Size: 15693
Using xml2js for smaller file
parseCOAXml called for file: 511. D24D31 CATASTOP EYE DROPS 10ML.XML, content length: 14711
Starting parsing.. Size: 14738
Using xml2js for smaller file
parseCOAXml called for file: 511. D24I10.XML, content length: 9564
Starting parsing.. Size: 9589
Using xml2js for smaller file
parseCOAXml called for file: 511. N25H07.XML, content length: 9898
Starting parsing.. Size: 9923
Using xml2js for smaller file
parseCOAXml called for file: 512. D24D31 IO-CAT EYE DROPS 10ML.XML, content length: 14684
Starting parsing.. Size: 14711
Using xml2js for smaller file
parseCOAXml called for file: 512. D24I11.XML, content length: 9676
Starting parsing.. Size: 9701
Using xml2js for smaller file
parseCOAXml called for file: 512. D25F41.XML, content length: 17308
Starting parsing.. Size: 17335
Using xml2js for smaller file
parseCOAXml called for file: 512. PS25123.XML, content length: 7747
Starting parsing.. Size: 7772
Using xml2js for smaller file
parseCOAXml called for file: 513. D24D32 HEXA EYE DROPS 10ML(PRAXAN).XML, content length: 16145
Starting parsing.. Size: 16172
Using xml2js for smaller file
parseCOAXml called for file: 513. D24I12.XML, content length: 8714
Starting parsing.. Size: 8739
Using xml2js for smaller file
parseCOAXml called for file: 513. D25F41.XML, content length: 17307
Starting parsing.. Size: 17334
Using xml2js for smaller file
parseCOAXml called for file: 513. PS25124.XML, content length: 7747
Starting parsing.. Size: 7772
Using xml2js for smaller file
parseCOAXml called for file: 514. B5H01.XML, content length: 5581
Starting parsing.. Size: 5606
Using xml2js for smaller file
parseCOAXml called for file: 514. D24D32 SOHYL EYE DROPS 10ML.XML, content length: 16118
Starting parsing.. Size: 16145
Using xml2js for smaller file
parseCOAXml called for file: 514. D24I13.XML, content length: 10791
Starting parsing.. Size: 10818
Using xml2js for smaller file
parseCOAXml called for file: 514. D25F41.XML, content length: 17306
Starting parsing.. Size: 17333
Using xml2js for smaller file
parseCOAXml called for file: 514. RI531.XML, content length: 15600
Starting parsing.. Size: 15627
Using xml2js for smaller file
parseCOAXml called for file: 515. 5H05.XML, content length: 8569
Starting parsing.. Size: 8594
Using xml2js for smaller file
parseCOAXml called for file: 515. D24D33.XML, content length: 16146
Starting parsing.. Size: 16173
Using xml2js for smaller file
parseCOAXml called for file: 515. D25F41.XML, content length: 17314
Starting parsing.. Size: 17341
Using xml2js for smaller file
parseCOAXml called for file: 515. HI24I01.XML, content length: 5579
Starting parsing.. Size: 5604
Using xml2js for smaller file
parseCOAXml called for file: 515. RI532.XML, content length: 15600
Starting parsing.. Size: 15627
Using xml2js for smaller file
parseCOAXml called for file: 516. D24D34.XML, content length: 32316
Starting parsing.. Size: 32343
Using xml2js for smaller file
parseCOAXml called for file: 516. D25F41.XML, content length: 17331
Starting parsing.. Size: 17358
Using xml2js for smaller file
parseCOAXml called for file: 516. L1825012.XML, content length: 5444
Starting parsing.. Size: 5469
Using xml2js for smaller file
parseCOAXml called for file: 516. N24I09.XML, content length: 8372
Starting parsing.. Size: 8397
Using xml2js for smaller file
parseCOAXml called for file: 516. RI533.XML, content length: 15600
Starting parsing.. Size: 15627
Using xml2js for smaller file
parseCOAXml called for file: 517. 5F13.XML, content length: 16439
Starting parsing.. Size: 16476
Using xml2js for smaller file
parseCOAXml called for file: 517. D24D35 MYSTIC GREEN EYE DROPS 10ML.XML, content length: 17788
Starting parsing.. Size: 17815
Using xml2js for smaller file
parseCOAXml called for file: 517. D24I14.XML, content length: 8684
Starting parsing.. Size: 8709
Using xml2js for smaller file
parseCOAXml called for file: 517. D24J20 OPTIFRRESH EYE DROPS 10ML.XML, content length: 33433
Starting parsing.. Size: 33460
Using xml2js for smaller file
parseCOAXml called for file: 517. N25H08.XML, content length: 10629
Starting parsing.. Size: 10656
Using xml2js for smaller file
parseCOAXml called for file: 517. RI534.XML, content length: 15600
Starting parsing.. Size: 15627
Using xml2js for smaller file
parseCOAXml called for file: 518. A042.XML, content length: 16377
Starting parsing.. Size: 16414
Using xml2js for smaller file
parseCOAXml called for file: 518. D24D35 IO-LUBE EYE DROPS 15ML.XML, content length: 17781
Starting parsing.. Size: 17808
Using xml2js for smaller file
parseCOAXml called for file: 518. D24I15.XML, content length: 8682
Starting parsing.. Size: 8707
Using xml2js for smaller file
parseCOAXml called for file: 518. N25H09.XML, content length: 8613
Starting parsing.. Size: 8638
Using xml2js for smaller file
parseCOAXml called for file: 518. UC26001.XML, content length: 13389
Starting parsing.. Size: 13416
Using xml2js for smaller file
parseCOAXml called for file: 519. D24D36.XML, content length: 16129
Starting parsing.. Size: 16156
Using xml2js for smaller file
parseCOAXml called for file: 519. D25F42.XML, content length: 17141
Starting parsing.. Size: 17174
Using xml2js for smaller file
parseCOAXml called for file: 519. D25H16.XML, content length: 8645
Starting parsing.. Size: 8670
Using xml2js for smaller file
parseCOAXml called for file: 519. HI24I02.XML, content length: 5579
Starting parsing.. Size: 5604
Using xml2js for smaller file
parseCOAXml called for file: 519. UC26002_UDDERCEF 3.5GM P.S..XML, content length: 13402
Starting parsing.. Size: 13429
Using xml2js for smaller file
parseCOAXml called for file: 52. 4C04.XML, content length: 16650
Starting parsing.. Size: 16687
Using xml2js for smaller file
parseCOAXml called for file: 52. 6C14.XML, content length: 13494
Starting parsing.. Size: 13521
Using xml2js for smaller file
parseCOAXml called for file: 52. D24D20.XML, content length: 8732
Starting parsing.. Size: 8757
Using xml2js for smaller file
parseCOAXml called for file: 52. D25F46 copy.XML, content length: 19683
Starting parsing.. Size: 19710
Using xml2js for smaller file
parseCOAXml called for file: 52. D25F46.XML, content length: 9843
Starting parsing.. Size: 9868
Using xml2js for smaller file
parseCOAXml called for file: 52. D26A10.XML, content length: 9713
Starting parsing.. Size: 9738
Using xml2js for smaller file
parseCOAXml called for file: 52. N25D01.XML, content length: 9517
Starting parsing.. Size: 9542
Using xml2js for smaller file
parseCOAXml called for file: 52. PS25211.XML, content length: 17766
Starting parsing.. Size: 17793
Using xml2js for smaller file
parseCOAXml called for file: 52. PS25227.XML, content length: 17766
Starting parsing.. Size: 17793
Using xml2js for smaller file
parseCOAXml called for file: 520. D24D37.XML, content length: 15977
Starting parsing.. Size: 16004
Using xml2js for smaller file
parseCOAXml called for file: 520. D25F42.XML, content length: 17163
Starting parsing.. Size: 17196
Using xml2js for smaller file
parseCOAXml called for file: 520. D25H17.XML, content length: 8861
Starting parsing.. Size: 8886
Using xml2js for smaller file
parseCOAXml called for file: 520. N24I10.XML, content length: 8375
Starting parsing.. Size: 8400
Using xml2js for smaller file
parseCOAXml called for file: 520. UC26002_UDDERCEF 3.5GM.XML, content length: 13390
Starting parsing.. Size: 13417
Using xml2js for smaller file
parseCOAXml called for file: 521. D24D38 BLUGAT-LP EYE DROPS 5ML.XML, content length: 23278
Starting parsing.. Size: 23311
Using xml2js for smaller file
parseCOAXml called for file: 521. D24I16.XML, content length: 8865
Starting parsing.. Size: 8890
Using xml2js for smaller file
parseCOAXml called for file: 521. D25F42.XML, content length: 17159
Starting parsing.. Size: 17192
Using xml2js for smaller file
parseCOAXml called for file: 521. I399.XML, content length: 7245
Starting parsing.. Size: 7270
Using xml2js for smaller file
parseCOAXml called for file: 521. UC26003_UDDERCEF 3.5GM.XML, content length: 13392
Starting parsing.. Size: 13419
Using xml2js for smaller file
parseCOAXml called for file: 522. D24D38 GATEX-LP EYE DROPS 5ML.XML, content length: 23314
Starting parsing.. Size: 23349
Using xml2js for smaller file
parseCOAXml called for file: 522. D25F43.XML, content length: 15834
Starting parsing.. Size: 15861
Using xml2js for smaller file
parseCOAXml called for file: 522. IS0015H.XML, content length: 9405
Starting parsing.. Size: 9432
Using xml2js for smaller file
parseCOAXml called for file: 522. N24I11.XML, content length: 9544
Starting parsing.. Size: 9569
Using xml2js for smaller file
parseCOAXml called for file: 522. UC26003_UDDERCEF 3.5GM (GUJ GOVT).XML, content length: 13424
Starting parsing.. Size: 13451
Using xml2js for smaller file
parseCOAXml called for file: 523. B4I03.XML, content length: 5575
Starting parsing.. Size: 5600
Using xml2js for smaller file
parseCOAXml called for file: 523. D24D39.XML, content length: 16117
Starting parsing.. Size: 16144
Using xml2js for smaller file
parseCOAXml called for file: 523. HI25F01.XML, content length: 14506
Starting parsing.. Size: 14533
Using xml2js for smaller file
parseCOAXml called for file: 523. L1825013.XML, content length: 5501
Starting parsing.. Size: 5526
Using xml2js for smaller file
parseCOAXml called for file: 524. D24D40.XML, content length: 14952
Starting parsing.. Size: 14979
Using xml2js for smaller file
parseCOAXml called for file: 524. D25H18.XML, content length: 8427
Starting parsing.. Size: 8452
Using xml2js for smaller file
parseCOAXml called for file: 524. N24I12.XML, content length: 8656
Starting parsing.. Size: 8681
Using xml2js for smaller file
parseCOAXml called for file: 524. N25F20.xml, content length: 17163
Starting parsing.. Size: 17196
Using xml2js for smaller file
parseCOAXml called for file: 525. 4I07.XML, content length: 8586
Starting parsing.. Size: 8611
Using xml2js for smaller file
parseCOAXml called for file: 525. D24D41.XML, content length: 31420
Starting parsing.. Size: 31447
Using xml2js for smaller file
  ...5000 COA files processed (created 4986)
parseCOAXml called for file: 525. D25H19.XML, content length: 8651
Starting parsing.. Size: 8676
Using xml2js for smaller file
parseCOAXml called for file: 525. N25F20.XML, content length: 17166
Starting parsing.. Size: 17199
Using xml2js for smaller file
parseCOAXml called for file: 526. 5F14.XML, content length: 17540
Starting parsing.. Size: 17577
Using xml2js for smaller file
parseCOAXml called for file: 526. D24D42.XML, content length: 16794
Starting parsing.. Size: 16821
Using xml2js for smaller file
parseCOAXml called for file: 526. D24I17.XML, content length: 10155
Starting parsing.. Size: 10180
Using xml2js for smaller file
parseCOAXml called for file: 526. L1825014.XML, content length: 5501
Starting parsing.. Size: 5526
Using xml2js for smaller file
parseCOAXml called for file: 527. D24D43 OFLAZ-DM 10ML (PHILIPPINES).XML, content length: 18427
Starting parsing.. Size: 18454
Using xml2js for smaller file
parseCOAXml called for file: 527. D25F45.XML, content length: 20423
Starting parsing.. Size: 20450
Using xml2js for smaller file
parseCOAXml called for file: 527. N24I13.XML, content length: 8384
Starting parsing.. Size: 8409
Using xml2js for smaller file
parseCOAXml called for file: 527. N25H10.XML, content length: 9567
Starting parsing.. Size: 9592
Using xml2js for smaller file
parseCOAXml called for file: 528. 5H06.XML, content length: 8447
Starting parsing.. Size: 8472
Using xml2js for smaller file
parseCOAXml called for file: 528. D24D43 FOXADEX 10ML (PHILIPPINES).XML, content length: 18425
Starting parsing.. Size: 18452
Using xml2js for smaller file
parseCOAXml called for file: 528. D25F45.XML, content length: 33813
Starting parsing.. Size: 33840
Using xml2js for smaller file
parseCOAXml called for file: 528. PS24141.XML, content length: 7865
Starting parsing.. Size: 7890
Using xml2js for smaller file
parseCOAXml called for file: 529. 5H07.XML, content length: 8455
Starting parsing.. Size: 8480
Using xml2js for smaller file
parseCOAXml called for file: 529. D24E01.XML, content length: 34174
Starting parsing.. Size: 34201
Using xml2js for smaller file
parseCOAXml called for file: 529. HI25F02.XML, content length: 14507
Starting parsing.. Size: 14534
Using xml2js for smaller file
parseCOAXml called for file: 529. PS24142.XML, content length: 7865
Starting parsing.. Size: 7890
Using xml2js for smaller file
parseCOAXml called for file: 53. 4C05.XML, content length: 17103
Starting parsing.. Size: 17130
Using xml2js for smaller file
parseCOAXml called for file: 53. 5D10.XML, content length: 15899
Starting parsing.. Size: 15926
Using xml2js for smaller file
parseCOAXml called for file: 53. 5L09.XML, content length: 13504
Starting parsing.. Size: 13531
Using xml2js for smaller file
parseCOAXml called for file: 53. 6C15.XML, content length: 13509
Starting parsing.. Size: 13536
Using xml2js for smaller file
parseCOAXml called for file: 53. D26A11.XML, content length: 9619
Starting parsing.. Size: 9644
Using xml2js for smaller file
parseCOAXml called for file: 53. I387 copy.XML, content length: 13747
Starting parsing.. Size: 13774
Using xml2js for smaller file
parseCOAXml called for file: 53. I387.XML, content length: 7211
Starting parsing.. Size: 7236
Using xml2js for smaller file
parseCOAXml called for file: 53. N24D11.XML, content length: 8598
Starting parsing.. Size: 8623
Using xml2js for smaller file
parseCOAXml called for file: 53. RI517.XML, content length: 8386
Starting parsing.. Size: 8411
Using xml2js for smaller file
parseCOAXml called for file: 530. D24E02 AQUAMOX EYE DROPS 5ML.XML, content length: 17561
Starting parsing.. Size: 17588
Using xml2js for smaller file
parseCOAXml called for file: 530. D24I18.XML, content length: 9593
Starting parsing.. Size: 9618
Using xml2js for smaller file
parseCOAXml called for file: 530. D25H20.XML, content length: 8621
Starting parsing.. Size: 8646
Using xml2js for smaller file
parseCOAXml called for file: 530. N25F22.XML, content length: 16964
Starting parsing.. Size: 16991
Using xml2js for smaller file
parseCOAXml called for file: 531. D24E02 MOXIMIN EYE DROPS 5ML (MERCURY).XML, content length: 21449
Starting parsing.. Size: 21476
Using xml2js for smaller file
parseCOAXml called for file: 531. D24I19.XML, content length: 9471
Starting parsing.. Size: 9496
Using xml2js for smaller file
parseCOAXml called for file: 531. D25F47.XML, content length: 17917
Starting parsing.. Size: 17944
Using xml2js for smaller file
parseCOAXml called for file: 531. D25H21.XML, content length: 8650
Starting parsing.. Size: 8675
Using xml2js for smaller file
parseCOAXml called for file: 532. D24E02 CLASSYMOX EYE DROPS 5ML.XML, content length: 17568
Starting parsing.. Size: 17595
Using xml2js for smaller file
parseCOAXml called for file: 532. D25F47.XML, content length: 17925
Starting parsing.. Size: 17952
Using xml2js for smaller file
parseCOAXml called for file: 532. IS0025H.XML, content length: 11496
Starting parsing.. Size: 11523
Using xml2js for smaller file
parseCOAXml called for file: 532. N24I14.XML, content length: 8403
Starting parsing.. Size: 8428
Using xml2js for smaller file
parseCOAXml called for file: 533. 5H08.XML, content length: 8471
Starting parsing.. Size: 8496
Using xml2js for smaller file
parseCOAXml called for file: 533. D24E02 MOKSEE EYE DROPS 5ML.XML, content length: 17536
Starting parsing.. Size: 17563
Using xml2js for smaller file
parseCOAXml called for file: 533. D25F47.XML, content length: 17897
Starting parsing.. Size: 17924
Using xml2js for smaller file
parseCOAXml called for file: 533. N24I15.XML, content length: 8596
Starting parsing.. Size: 8621
Using xml2js for smaller file
parseCOAXml called for file: 534. D24E03.XML, content length: 18591
Starting parsing.. Size: 18618
Using xml2js for smaller file
parseCOAXml called for file: 534. D24I21.XML, content length: 8680
Starting parsing.. Size: 8705
Using xml2js for smaller file
parseCOAXml called for file: 534. D25H22.XML, content length: 8665
Starting parsing.. Size: 8690
Using xml2js for smaller file
parseCOAXml called for file: 534. IS0015F.XML, content length: 21635
Starting parsing.. Size: 21664
Using xml2js for smaller file
parseCOAXml called for file: 535. D24E04.XML, content length: 18630
Starting parsing.. Size: 18657
Using xml2js for smaller file
parseCOAXml called for file: 535. GP164.XML, content length: 12389
Starting parsing.. Size: 12416
Using xml2js for smaller file
parseCOAXml called for file: 535. N24I16.XML, content length: 9519
Starting parsing.. Size: 9544
Using xml2js for smaller file
parseCOAXml called for file: 535. N25H11.XML, content length: 8665
Starting parsing.. Size: 8690
Using xml2js for smaller file
parseCOAXml called for file: 536. 5H09.XML, content length: 7493
Starting parsing.. Size: 7518
Using xml2js for smaller file
parseCOAXml called for file: 536. D24E05 VALMOX - DX EYE DROPS 10ML.XML, content length: 18766
Starting parsing.. Size: 18793
Using xml2js for smaller file
parseCOAXml called for file: 536. D25F48.XML, content length: 18259
Starting parsing.. Size: 18286
Using xml2js for smaller file
parseCOAXml called for file: 536. PS24143.XML, content length: 7865
Starting parsing.. Size: 7890
Using xml2js for smaller file
parseCOAXml called for file: 537. D24E05 GENFOUR-DX EYE DROPS 5ML.XML, content length: 18755
Starting parsing.. Size: 18782
Using xml2js for smaller file
parseCOAXml called for file: 537. D25H23.XML, content length: 10776
Starting parsing.. Size: 10803
Using xml2js for smaller file
parseCOAXml called for file: 537. I386.XML, content length: 13532
Starting parsing.. Size: 13559
Using xml2js for smaller file
parseCOAXml called for file: 537. PS24144.XML, content length: 7865
Starting parsing.. Size: 7890
Using xml2js for smaller file
parseCOAXml called for file: 538. D24E05 MOXMAZE-D EYE DROPS 10ML.XML, content length: 18755
Starting parsing.. Size: 18782
Using xml2js for smaller file
parseCOAXml called for file: 538. D24I22.XML, content length: 9618
Starting parsing.. Size: 9643
Using xml2js for smaller file
parseCOAXml called for file: 538. D25H24.XML, content length: 8821
Starting parsing.. Size: 8846
Using xml2js for smaller file
parseCOAXml called for file: 538. IS0025F.XML, content length: 23908
Starting parsing.. Size: 23937
Using xml2js for smaller file
parseCOAXml called for file: 539. D24E06.XML, content length: 16141
Starting parsing.. Size: 16168
Using xml2js for smaller file
parseCOAXml called for file: 539. D25F49.XML, content length: 18259
Starting parsing.. Size: 18286
Using xml2js for smaller file
parseCOAXml called for file: 539. N24I17.XML, content length: 9519
Starting parsing.. Size: 9544
Using xml2js for smaller file
parseCOAXml called for file: 539. N25H12.XML, content length: 9639
Starting parsing.. Size: 9664
Using xml2js for smaller file
parseCOAXml called for file: 54. 4C06 hype 6.XML, content length: 16767
Starting parsing.. Size: 16802
Using xml2js for smaller file
parseCOAXml called for file: 54. 5D02.XML, content length: 8391
Starting parsing.. Size: 8416
Using xml2js for smaller file
parseCOAXml called for file: 54. 6D01_POLYNASE-D EYE OINTMENT 5GM.XML, content length: 20476
Starting parsing.. Size: 20513
Using xml2js for smaller file
parseCOAXml called for file: 54. D25G01 copy.XML, content length: 16021
Starting parsing.. Size: 16048
Using xml2js for smaller file
parseCOAXml called for file: 54. D25G01.XML, content length: 8588
Starting parsing.. Size: 8613
Using xml2js for smaller file
parseCOAXml called for file: 54. D25H13.XML, content length: 17945
Starting parsing.. Size: 17972
Using xml2js for smaller file
parseCOAXml called for file: 54. N25L22.XML, content length: 23462
Starting parsing.. Size: 23489
Using xml2js for smaller file
parseCOAXml called for file: 54. N26A06.XML, content length: 8487
Starting parsing.. Size: 8512
Using xml2js for smaller file
parseCOAXml called for file: 54. PS24060.XML, content length: 7865
Starting parsing.. Size: 7890
Using xml2js for smaller file
parseCOAXml called for file: 540. 5H10.XML, content length: 7364
Starting parsing.. Size: 7389
Using xml2js for smaller file
parseCOAXml called for file: 540. D24E07 GATIPRED EYE DROPS 10ML(YASH OPTHO).XML, content length: 22907
Starting parsing.. Size: 22942
Using xml2js for smaller file
parseCOAXml called for file: 540. N25F23.XML, content length: 17877
Starting parsing.. Size: 17910
Using xml2js for smaller file
parseCOAXml called for file: 540. PS24145.XML, content length: 7865
Starting parsing.. Size: 7890
Using xml2js for smaller file
parseCOAXml called for file: 541. D24E07 SCIGAT-PD EYE DROPS 10ML.XML, content length: 22884
Starting parsing.. Size: 22919
Using xml2js for smaller file
parseCOAXml called for file: 541. D25H25.XML, content length: 8710
Starting parsing.. Size: 8735
Using xml2js for smaller file
parseCOAXml called for file: 541. GP165.XML, content length: 12390
Starting parsing.. Size: 12417
Using xml2js for smaller file
parseCOAXml called for file: 541. PS24146.XML, content length: 7865
Starting parsing.. Size: 7890
Using xml2js for smaller file
parseCOAXml called for file: 542. D24E07 VIZOGAT-P EYE DROPS  10ML.XML, content length: 22879
Starting parsing.. Size: 22914
Using xml2js for smaller file
parseCOAXml called for file: 542. D24I23.XML, content length: 9619
Starting parsing.. Size: 9644
Using xml2js for smaller file
parseCOAXml called for file: 542. D25F50.XML, content length: 18259
Starting parsing.. Size: 18286
Using xml2js for smaller file
parseCOAXml called for file: 542. N25H13.XML, content length: 9715
Starting parsing.. Size: 9740
Using xml2js for smaller file
parseCOAXml called for file: 543. D24E08.XML, content length: 16117
Starting parsing.. Size: 16144
Using xml2js for smaller file
parseCOAXml called for file: 543. D25F51.XML, content length: 18259
Starting parsing.. Size: 18286
Using xml2js for smaller file
parseCOAXml called for file: 543. N24I18.XML, content length: 9519
Starting parsing.. Size: 9544
Using xml2js for smaller file
parseCOAXml called for file: 543. UC25005.XML, content length: 6563
Starting parsing.. Size: 6588
Using xml2js for smaller file
parseCOAXml called for file: 544. 5H11.XML, content length: 7358
Starting parsing.. Size: 7383
Using xml2js for smaller file
parseCOAXml called for file: 544. D24E09.XML, content length: 22876
Starting parsing.. Size: 22903
Using xml2js for smaller file
parseCOAXml called for file: 544. N25F24.XML, content length: 17878
Starting parsing.. Size: 17911
Using xml2js for smaller file
parseCOAXml called for file: 544. PS24147.XML, content length: 7865
Starting parsing.. Size: 7890
Using xml2js for smaller file
parseCOAXml called for file: 545. 5H12.XML, content length: 7359
Starting parsing.. Size: 7384
Using xml2js for smaller file
parseCOAXml called for file: 545. D24E10 REDZOLINE EYE DROPS 10ML.XML, content length: 22873
Starting parsing.. Size: 22900
Using xml2js for smaller file
parseCOAXml called for file: 545. D24I24.XML, content length: 9861
Starting parsing.. Size: 9886
Using xml2js for smaller file
parseCOAXml called for file: 545. N25F25.XML, content length: 17876
Starting parsing.. Size: 17909
Using xml2js for smaller file
parseCOAXml called for file: 546. D24E10 SCICOOL EYE DROPS 10ML.XML, content length: 22886
Starting parsing.. Size: 22913
Using xml2js for smaller file
parseCOAXml called for file: 546. D25H26.XML, content length: 10828
Starting parsing.. Size: 10853
Using xml2js for smaller file
parseCOAXml called for file: 546. I388.XML, content length: 16733
Starting parsing.. Size: 16766
Using xml2js for smaller file
parseCOAXml called for file: 546. N24I19.XML, content length: 9519
Starting parsing.. Size: 9544
Using xml2js for smaller file
parseCOAXml called for file: 547. D24E10 I-KUL PLUS EYE DROPS 10ML.XML, content length: 22873
Starting parsing.. Size: 22900
Using xml2js for smaller file
parseCOAXml called for file: 547. D25H27.XML, content length: 8643
Starting parsing.. Size: 8668
Using xml2js for smaller file
parseCOAXml called for file: 547. N25G01.XML, content length: 17162
Starting parsing.. Size: 17189
Using xml2js for smaller file
parseCOAXml called for file: 547. PS24148.XML, content length: 7865
Starting parsing.. Size: 7890
Using xml2js for smaller file
parseCOAXml called for file: 548. D24E10 AQUAKUL EYE DROPS 10ML.XML, content length: 22891
Starting parsing.. Size: 22918
Using xml2js for smaller file
parseCOAXml called for file: 548. N25H14.XML, content length: 9615
Starting parsing.. Size: 9640
Using xml2js for smaller file
parseCOAXml called for file: 548. PS24149.XML, content length: 7865
Starting parsing.. Size: 7890
Using xml2js for smaller file
parseCOAXml called for file: 548. UC25003.XML, content length: 13389
Starting parsing.. Size: 13416
Using xml2js for smaller file
parseCOAXml called for file: 549. D24E11 GENFOUR-LP EYE DROPS 5ML.XML, content length: 23325
Starting parsing.. Size: 23358
Using xml2js for smaller file
parseCOAXml called for file: 549. D24I25.XML, content length: 8439
Starting parsing.. Size: 8464
Using xml2js for smaller file
parseCOAXml called for file: 549. D25G03.XML, content length: 18338
Starting parsing.. Size: 18365
Using xml2js for smaller file
parseCOAXml called for file: 549. N25H15.XML, content length: 9857
Starting parsing.. Size: 9882
Using xml2js for smaller file
parseCOAXml called for file: 55. 4C06.XML, content length: 16759
Starting parsing.. Size: 16796
Using xml2js for smaller file
parseCOAXml called for file: 55. 5K15.XML, content length: 15907
Starting parsing.. Size: 15934
Using xml2js for smaller file
parseCOAXml called for file: 55. 6D01_VISOMER-P EYE OINTMENT 5GM.XML, content length: 20734
Starting parsing.. Size: 20771
Using xml2js for smaller file
parseCOAXml called for file: 55. D24D21.XML, content length: 9532
Starting parsing.. Size: 9557
Using xml2js for smaller file
parseCOAXml called for file: 55. D25G02 copy.XML, content length: 15823
Starting parsing.. Size: 15850
Using xml2js for smaller file
parseCOAXml called for file: 55. D25G02.XML, content length: 8449
Starting parsing.. Size: 8474
Using xml2js for smaller file
parseCOAXml called for file: 55. N25D02.XML, content length: 9517
Starting parsing.. Size: 9542
Using xml2js for smaller file
parseCOAXml called for file: 55. N25L22.XML, content length: 23444
Starting parsing.. Size: 23471
Using xml2js for smaller file
parseCOAXml called for file: 55. N26A07.XML, content length: 8716
Starting parsing.. Size: 8741
Using xml2js for smaller file
parseCOAXml called for file: 550. D24E11 SCIMOX-LP EYE DROPS 5ML.XML, content length: 23348
Starting parsing.. Size: 23381
Using xml2js for smaller file
parseCOAXml called for file: 550. D25G03.XML, content length: 18315
Starting parsing.. Size: 18342
Using xml2js for smaller file
parseCOAXml called for file: 550. N24I20.XML, content length: 9518
Starting parsing.. Size: 9543
Using xml2js for smaller file
parseCOAXml called for file: 550. PS25125.XML, content length: 7747
Starting parsing.. Size: 7772
Using xml2js for smaller file
parseCOAXml called for file: 551. 5H13.XML, content length: 8266
Starting parsing.. Size: 8291
Using xml2js for smaller file
parseCOAXml called for file: 551. D24E12 MOXISKY-LP EYE DROPS 5ML.XML, content length: 23328
Starting parsing.. Size: 23361
Using xml2js for smaller file
parseCOAXml called for file: 551. D25G03.XML, content length: 18335
Starting parsing.. Size: 18362
Using xml2js for smaller file
parseCOAXml called for file: 551. PS24150.XML, content length: 7865
Starting parsing.. Size: 7890
Using xml2js for smaller file
parseCOAXml called for file: 552. D24E12 MOXICON-LP EYE DROPS 5ML.XML, content length: 23317
Starting parsing.. Size: 23350
Using xml2js for smaller file
parseCOAXml called for file: 552. D24I26.XML, content length: 8439
Starting parsing.. Size: 8464
Using xml2js for smaller file
parseCOAXml called for file: 552. D25G03.XML, content length: 18278
Starting parsing.. Size: 18305
Using xml2js for smaller file
parseCOAXml called for file: 552. D25H28.XML, content length: 8405
Starting parsing.. Size: 8430
Using xml2js for smaller file
parseCOAXml called for file: 553. D24E13 OLIDROPS LP EYE DROPS 5ML.XML, content length: 23332
Starting parsing.. Size: 23365
Using xml2js for smaller file
parseCOAXml called for file: 553. D25G03.XML, content length: 18338
Starting parsing.. Size: 18365
Using xml2js for smaller file
parseCOAXml called for file: 553. D25H29.XML, content length: 8431
Starting parsing.. Size: 8456
Using xml2js for smaller file
parseCOAXml called for file: 553. PS24151.XML, content length: 7865
Starting parsing.. Size: 7890
Using xml2js for smaller file
parseCOAXml called for file: 554. D24E13 TIGOMOX-LP EYE DROPS 5ML.XML, content length: 23331
Starting parsing.. Size: 23364
Using xml2js for smaller file
parseCOAXml called for file: 554. D24I27.XML, content length: 9720
Starting parsing.. Size: 9745
Using xml2js for smaller file
parseCOAXml called for file: 554. HI25G01.XML, content length: 14509
Starting parsing.. Size: 14536
Using xml2js for smaller file
parseCOAXml called for file: 554. PS25126.XML, content length: 7747
Starting parsing.. Size: 7772
Using xml2js for smaller file
parseCOAXml called for file: 555. D24E13 CLASSYMOX-LP EYE DROPS 5ML.XML, content length: 23356
Starting parsing.. Size: 23389
Using xml2js for smaller file
parseCOAXml called for file: 555. I389.XML, content length: 16732
Starting parsing.. Size: 16765
Using xml2js for smaller file
parseCOAXml called for file: 555. N24I22.XML, content length: 8646
Starting parsing.. Size: 8671
Using xml2js for smaller file
parseCOAXml called for file: 555. PS25127.XML, content length: 7747
Starting parsing.. Size: 7772
Using xml2js for smaller file
parseCOAXml called for file: 556. 25AM12.XML, content length: 9846
Starting parsing.. Size: 9871
Using xml2js for smaller file
parseCOAXml called for file: 556. 4I08.XML, content length: 9646
Starting parsing.. Size: 9671
Using xml2js for smaller file
parseCOAXml called for file: 556. D24E13 MOXIWAVE LP EYE ED 5ML (NEXTWAVE).XML, content length: 23343
Starting parsing.. Size: 23376
Using xml2js for smaller file
parseCOAXml called for file: 556. I389.XML, content length: 16739
Starting parsing.. Size: 16772
Using xml2js for smaller file
parseCOAXml called for file: 557. D24E13 IMOXCIN-LP EYE DROPS 5ML.XML, content length: 23324
Starting parsing.. Size: 23357
Using xml2js for smaller file
parseCOAXml called for file: 557. D24I28.XML, content length: 8425
Starting parsing.. Size: 8450
Using xml2js for smaller file
parseCOAXml called for file: 557. D25H30.XML, content length: 8440
Starting parsing.. Size: 8465
Using xml2js for smaller file
parseCOAXml called for file: 557. N25G02.XML, content length: 19572
Starting parsing.. Size: 19607
Using xml2js for smaller file
parseCOAXml called for file: 558. 5G01.XML, content length: 19320
Starting parsing.. Size: 19357
Using xml2js for smaller file
parseCOAXml called for file: 558. D24E13 IO-MOX LP EYE DROPS 5ML.XML, content length: 23318
Starting parsing.. Size: 23351
Using xml2js for smaller file
parseCOAXml called for file: 558. D25H31.XML, content length: 9538
Starting parsing.. Size: 9563
Using xml2js for smaller file
parseCOAXml called for file: 558. N24I23.XML, content length: 8718
Starting parsing.. Size: 8743
Using xml2js for smaller file
parseCOAXml called for file: 559. D24E14 BETNACIN-EEN EYE EAR NASAL  DROPS.XML, content length: 18478
Starting parsing.. Size: 18505
Using xml2js for smaller file
parseCOAXml called for file: 559. D25G04.XML, content length: 19405
Starting parsing.. Size: 19432
Using xml2js for smaller file
parseCOAXml called for file: 559. PS24152.XML, content length: 7865
Starting parsing.. Size: 7890
Using xml2js for smaller file
parseCOAXml called for file: 559. PS25128.XML, content length: 7747
Starting parsing.. Size: 7772
Using xml2js for smaller file
parseCOAXml called for file: 56. 4C08.XML, content length: 55840
Starting parsing.. Size: 55867
Using xml2js for smaller file
parseCOAXml called for file: 56. 6D02.XML, content length: 20155
Starting parsing.. Size: 20192
Using xml2js for smaller file
parseCOAXml called for file: 56. D24D22.XML, content length: 8563
Starting parsing.. Size: 8588
Using xml2js for smaller file
parseCOAXml called for file: 56. D25G05.XML, content length: 8616
Starting parsing.. Size: 8641
Using xml2js for smaller file
parseCOAXml called for file: 56. D26A12.XML, content length: 8424
Starting parsing.. Size: 8449
Using xml2js for smaller file
parseCOAXml called for file: 56. D5G05.xml, content length: 29089
Starting parsing.. Size: 29116
Using xml2js for smaller file
parseCOAXml called for file: 56. N25K26.XML, content length: 18162
Starting parsing.. Size: 18189
Using xml2js for smaller file
parseCOAXml called for file: 56. N25L22.XML, content length: 23484
Starting parsing.. Size: 23511
Using xml2js for smaller file
parseCOAXml called for file: 56. RI518.XML, content length: 8387
Starting parsing.. Size: 8412
Using xml2js for smaller file
parseCOAXml called for file: 560. CMA128.XML, content length: 9412
Starting parsing.. Size: 9437
Using xml2js for smaller file
parseCOAXml called for file: 560. D24E14 NEO-CORT EEN EYE EAR NASAL DROPS 10.XML, content length: 18470
Starting parsing.. Size: 18497
Using xml2js for smaller file
parseCOAXml called for file: 560. N25G03.XML, content length: 22865
Starting parsing.. Size: 22898
Using xml2js for smaller file
parseCOAXml called for file: 560. PS25129.XML, content length: 7747
Starting parsing.. Size: 7772
Using xml2js for smaller file
parseCOAXml called for file: 561. 5H15.XML, content length: 8267
Starting parsing.. Size: 8292
Using xml2js for smaller file
parseCOAXml called for file: 561. D24I29.XML, content length: 8558
Starting parsing.. Size: 8583
Using xml2js for smaller file
parseCOAXml called for file: 561. N25G03.XML, content length: 22869
Starting parsing.. Size: 22902
Using xml2js for smaller file
parseCOAXml called for file: 562. D24E16 MOXICON-DX EYE DROPS 5ML.XML, content length: 18749
Starting parsing.. Size: 18776
Using xml2js for smaller file
parseCOAXml called for file: 562. D24I30.XML, content length: 8825
Starting parsing.. Size: 8850
Using xml2js for smaller file
parseCOAXml called for file: 562. D25H33.XML, content length: 8652
Starting parsing.. Size: 8677
Using xml2js for smaller file
parseCOAXml called for file: 562. N25G03.XML, content length: 22871
Starting parsing.. Size: 22904
Using xml2js for smaller file
parseCOAXml called for file: 563. D24E16 IO-MOX DX EYE DROPS 5ML.XML, content length: 18750
Starting parsing.. Size: 18777
Using xml2js for smaller file
parseCOAXml called for file: 563. D25G06.XML, content length: 38867
Starting parsing.. Size: 38894
Using xml2js for smaller file
parseCOAXml called for file: 563. N24I24.XML, content length: 9762
Starting parsing.. Size: 9787
Using xml2js for smaller file
parseCOAXml called for file: 563. N25H16.XML, content length: 9846
Starting parsing.. Size: 9871
Using xml2js for smaller file
parseCOAXml called for file: 564. D24E16 ZETAMOX DX EYE DROPS 5ML.XML, content length: 18753
Starting parsing.. Size: 18780
Using xml2js for smaller file
parseCOAXml called for file: 564. D25G07.XML, content length: 20657
Starting parsing.. Size: 20684
Using xml2js for smaller file
parseCOAXml called for file: 564. PS25130.XML, content length: 7747
Starting parsing.. Size: 7772
Using xml2js for smaller file
parseCOAXml called for file: 564. UC24008.XML, content length: 6553
Starting parsing.. Size: 6578
Using xml2js for smaller file
parseCOAXml called for file: 565. 5H16.XML, content length: 7358
Starting parsing.. Size: 7383
Using xml2js for smaller file
parseCOAXml called for file: 565. B4I04.XML, content length: 6763
Starting parsing.. Size: 6788
Using xml2js for smaller file
parseCOAXml called for file: 565. D24E17.XML, content length: 18752
Starting parsing.. Size: 18779
Using xml2js for smaller file
parseCOAXml called for file: 565. N25G04.XML, content length: 22888
Starting parsing.. Size: 22921
Using xml2js for smaller file
parseCOAXml called for file: 566. CMA129.XML, content length: 9408
Starting parsing.. Size: 9433
Using xml2js for smaller file
parseCOAXml called for file: 566. D24E18.XML, content length: 18473
Starting parsing.. Size: 18500
Using xml2js for smaller file
parseCOAXml called for file: 566. D25H34.XML, content length: 8644
Starting parsing.. Size: 8669
Using xml2js for smaller file
parseCOAXml called for file: 566. N25G04.XML, content length: 22864
Starting parsing.. Size: 22897
Using xml2js for smaller file
parseCOAXml called for file: 567. CMA130.XML, content length: 9410
Starting parsing.. Size: 9435
Using xml2js for smaller file
parseCOAXml called for file: 567. D24E19.XML, content length: 18394
Starting parsing.. Size: 18421
Using xml2js for smaller file
parseCOAXml called for file: 567. N25G04.XML, content length: 22872
Starting parsing.. Size: 22905
Using xml2js for smaller file
parseCOAXml called for file: 567. N25H17.XML, content length: 9846
Starting parsing.. Size: 9871
Using xml2js for smaller file
parseCOAXml called for file: 568. D24E20.XML, content length: 18473
Starting parsing.. Size: 18500
Using xml2js for smaller file
parseCOAXml called for file: 568. D24I31.XML, content length: 8784
Starting parsing.. Size: 8809
Using xml2js for smaller file
parseCOAXml called for file: 568. D25G08.XML, content length: 20637
Starting parsing.. Size: 20664
Using xml2js for smaller file
parseCOAXml called for file: 568. N25H18.XML, content length: 8735
Starting parsing.. Size: 8760
Using xml2js for smaller file
parseCOAXml called for file: 569. D24F01.XML, content length: 19283
Starting parsing.. Size: 19310
Using xml2js for smaller file
parseCOAXml called for file: 569. D25G09.XML, content length: 20650
Starting parsing.. Size: 20677
Using xml2js for smaller file
parseCOAXml called for file: 569. N24I26.XML, content length: 8770
Starting parsing.. Size: 8795
Using xml2js for smaller file
parseCOAXml called for file: 569. PS25131.XML, content length: 7747
Starting parsing.. Size: 7772
Using xml2js for smaller file
parseCOAXml called for file: 57. 4C09.XML, content length: 19660
Starting parsing.. Size: 19695
Using xml2js for smaller file
parseCOAXml called for file: 57. 4D08.XML, content length: 7503
Starting parsing.. Size: 7528
Using xml2js for smaller file
parseCOAXml called for file: 57. 5D03.XML, content length: 7301
Starting parsing.. Size: 7326
Using xml2js for smaller file
parseCOAXml called for file: 57. 6D03.XML, content length: 17042
Starting parsing.. Size: 17069
Using xml2js for smaller file
parseCOAXml called for file: 57. D25B26.XML, content length: 17966
Starting parsing.. Size: 17993
Using xml2js for smaller file
parseCOAXml called for file: 57. D25G12 copy.XML, content length: 22369
Starting parsing.. Size: 22396
Using xml2js for smaller file
parseCOAXml called for file: 57. D25G12.XML, content length: 11498
Starting parsing.. Size: 11523
Using xml2js for smaller file
parseCOAXml called for file: 57. N26A08.XML, content length: 9695
Starting parsing.. Size: 9720
Using xml2js for smaller file
parseCOAXml called for file: 57. PS25212.XML, content length: 17767
Starting parsing.. Size: 17794
Using xml2js for smaller file
parseCOAXml called for file: 570. D24F02.XML, content length: 15991
Starting parsing.. Size: 16018
Using xml2js for smaller file
parseCOAXml called for file: 570. I390.XML, content length: 19433
Starting parsing.. Size: 19466
Using xml2js for smaller file
parseCOAXml called for file: 570. N24I27.XML, content length: 9828
Starting parsing.. Size: 9853
Using xml2js for smaller file
parseCOAXml called for file: 570. PS25132.XML, content length: 7747
Starting parsing.. Size: 7772
Using xml2js for smaller file
parseCOAXml called for file: 571. 5H17.XML, content length: 8267
Starting parsing.. Size: 8292
Using xml2js for smaller file
parseCOAXml called for file: 571. CMA131.XML, content length: 9409
Starting parsing.. Size: 9434
Using xml2js for smaller file
parseCOAXml called for file: 571. D24F03.XML, content length: 31514
Starting parsing.. Size: 31541
Using xml2js for smaller file
parseCOAXml called for file: 571. N25G05.XML, content length: 22879
Starting parsing.. Size: 22912
Using xml2js for smaller file
parseCOAXml called for file: 572. D24F04 PARAPREC EYE DROPS 5ML.XML, content length: 14890
Starting parsing.. Size: 14917
Using xml2js for smaller file
parseCOAXml called for file: 572. D25H35.XML, content length: 9585
Starting parsing.. Size: 9610
Using xml2js for smaller file
parseCOAXml called for file: 572. N24I28.XML, content length: 9544
Starting parsing.. Size: 9569
Using xml2js for smaller file
parseCOAXml called for file: 572. N25G05.XML, content length: 22869
Starting parsing.. Size: 22902
Using xml2js for smaller file
parseCOAXml called for file: 573. D24F04 PARACON EYE DROPS 5ML.XML, content length: 14868
Starting parsing.. Size: 14895
Using xml2js for smaller file
parseCOAXml called for file: 573. N25G05.XML, content length: 22866
Starting parsing.. Size: 22899
Using xml2js for smaller file
parseCOAXml called for file: 573. N25H19.XML, content length: 9554
Starting parsing.. Size: 9579
Using xml2js for smaller file
parseCOAXml called for file: 573. PS24153.XML, content length: 7865
Starting parsing.. Size: 7890
Using xml2js for smaller file
parseCOAXml called for file: 574. D24F05 IO-PAT EYE DROPS 5ML.XML, content length: 34679
Starting parsing.. Size: 34706
Using xml2js for smaller file
parseCOAXml called for file: 574. D25G10.XML, content length: 33505
Starting parsing.. Size: 33532
Using xml2js for smaller file
parseCOAXml called for file: 574. PS25133.XML, content length: 7747
Starting parsing.. Size: 7772
Using xml2js for smaller file
parseCOAXml called for file: 574. RI499.XML, content length: 8489
Starting parsing.. Size: 8514
Using xml2js for smaller file
parseCOAXml called for file: 575. CMA132.XML, content length: 9408
Starting parsing.. Size: 9433
Using xml2js for smaller file
parseCOAXml called for file: 575. D24F05 PATADROP 5ML (UZBEKISTAN).XML, content length: 24332
Starting parsing.. Size: 24363
Using xml2js for smaller file
parseCOAXml called for file: 575. I400.XML, content length: 7346
Starting parsing.. Size: 7371
Using xml2js for smaller file
parseCOAXml called for file: 575. N25G06.XML, content length: 17048
Starting parsing.. Size: 17075
Using xml2js for smaller file
parseCOAXml called for file: 576. D24F06 SCIPAT EYE DROPS 5ML.XML, content length: 18682
Starting parsing.. Size: 18709
Using xml2js for smaller file
parseCOAXml called for file: 576. N24I30.XML, content length: 9705
Starting parsing.. Size: 9730
Using xml2js for smaller file
parseCOAXml called for file: 576. N25G06.XML, content length: 17040
Starting parsing.. Size: 17067
Using xml2js for smaller file
parseCOAXml called for file: 576. N25H20.XML, content length: 10151
Starting parsing.. Size: 10176
Using xml2js for smaller file
  ...5250 COA files processed (created 5236)
parseCOAXml called for file: 577. D24F06 IO-PAT EYE DROPS 5ML.XML, content length: 34672
Starting parsing.. Size: 34699
Using xml2js for smaller file
parseCOAXml called for file: 577. N25G06.XML, content length: 17046
Starting parsing.. Size: 17073
Using xml2js for smaller file
parseCOAXml called for file: 577. PS24154.XML, content length: 7865
Starting parsing.. Size: 7890
Using xml2js for smaller file
parseCOAXml called for file: 577. PS25134.XML, content length: 7747
Starting parsing.. Size: 7772
Using xml2js for smaller file
parseCOAXml called for file: 578. D24F06 WELPAT EYE DROPS 5ML.XML, content length: 18650
Starting parsing.. Size: 18677
Using xml2js for smaller file
parseCOAXml called for file: 578. D25G11.XML, content length: 19338
Starting parsing.. Size: 19365
Using xml2js for smaller file
parseCOAXml called for file: 578. PS25135.XML, content length: 7747
Starting parsing.. Size: 7772
Using xml2js for smaller file
parseCOAXml called for file: 578. RI500.XML, content length: 8489
Starting parsing.. Size: 8514
Using xml2js for smaller file
parseCOAXml called for file: 579. CMA133.XML, content length: 9407
Starting parsing.. Size: 9432
Using xml2js for smaller file
parseCOAXml called for file: 579. D24F07 MEGANAT EYE DROPS 5ML.XML, content length: 17152
Starting parsing.. Size: 17185
Using xml2js for smaller file
parseCOAXml called for file: 579. D25G11.XML, content length: 19154
Starting parsing.. Size: 19181
Using xml2js for smaller file
parseCOAXml called for file: 579. RI521.XML, content length: 8386
Starting parsing.. Size: 8411
Using xml2js for smaller file
parseCOAXml called for file: 58. 4C10.XML, content length: 17090
Starting parsing.. Size: 17117
Using xml2js for smaller file
parseCOAXml called for file: 58. 5L10.XML, content length: 13488
Starting parsing.. Size: 13515
Using xml2js for smaller file
parseCOAXml called for file: 58. 6A07.XML, content length: 8265
Starting parsing.. Size: 8290
Using xml2js for smaller file
parseCOAXml called for file: 58. 6D04.XML, content length: 18674
Starting parsing.. Size: 18711
Using xml2js for smaller file
parseCOAXml called for file: 58. D24D23.XML, content length: 8609
Starting parsing.. Size: 8634
Using xml2js for smaller file
parseCOAXml called for file: 58. D25C33.XML, content length: 18158
Starting parsing.. Size: 18185
Using xml2js for smaller file
parseCOAXml called for file: 58. D25D01.XML, content length: 8825
Starting parsing.. Size: 8850
Using xml2js for smaller file
parseCOAXml called for file: 58. N25G09 copy.XML, content length: 18161
Starting parsing.. Size: 18194
Using xml2js for smaller file
parseCOAXml called for file: 58. N25G09.XML, content length: 9410
Starting parsing.. Size: 9435
Using xml2js for smaller file
parseCOAXml called for file: 580. D24F07  IO-NATA EYE DROPS 5ML (INDIANA).XML, content length: 17175
Starting parsing.. Size: 17208
Using xml2js for smaller file
parseCOAXml called for file: 580. I391.XML, content length: 19435
Starting parsing.. Size: 19468
Using xml2js for smaller file
parseCOAXml called for file: 580. I401.XML, content length: 7343
Starting parsing.. Size: 7368
Using xml2js for smaller file
parseCOAXml called for file: 580. N24I31.XML, content length: 9619
Starting parsing.. Size: 9644
Using xml2js for smaller file
parseCOAXml called for file: 581. D24F08.XML, content length: 18326
Starting parsing.. Size: 18353
Using xml2js for smaller file
parseCOAXml called for file: 581. N25G07.XML, content length: 20951
Starting parsing.. Size: 20984
Using xml2js for smaller file
parseCOAXml called for file: 581. N25H21.XML, content length: 8711
Starting parsing.. Size: 8736
Using xml2js for smaller file
parseCOAXml called for file: 581. PS24155.XML, content length: 7865
Starting parsing.. Size: 7890
Using xml2js for smaller file
parseCOAXml called for file: 582. D24F09.XML, content length: 16124
Starting parsing.. Size: 16151
Using xml2js for smaller file
parseCOAXml called for file: 582. PS24156.XML, content length: 7865
Starting parsing.. Size: 7890
Using xml2js for smaller file
parseCOAXml called for file: 582. PS25097.XML, content length: 17767
Starting parsing.. Size: 17794
Using xml2js for smaller file
parseCOAXml called for file: 582. PS25136.XML, content length: 7747
Starting parsing.. Size: 7772
Using xml2js for smaller file
parseCOAXml called for file: 583. D24F10.XML, content length: 16118
Starting parsing.. Size: 16145
Using xml2js for smaller file
parseCOAXml called for file: 583. PS25098.XML, content length: 17767
Starting parsing.. Size: 17794
Using xml2js for smaller file
parseCOAXml called for file: 583. RI501.XML, content length: 8488
Starting parsing.. Size: 8513
Using xml2js for smaller file
parseCOAXml called for file: 583. RI522.XML, content length: 8385
Starting parsing.. Size: 8410
Using xml2js for smaller file
parseCOAXml called for file: 584. 4I09.XML, content length: 7325
Starting parsing.. Size: 7350
Using xml2js for smaller file
parseCOAXml called for file: 584. 5G02.XML, content length: 17535
Starting parsing.. Size: 17572
Using xml2js for smaller file
parseCOAXml called for file: 584. 5H18.XML, content length: 8388
Starting parsing.. Size: 8413
Using xml2js for smaller file
parseCOAXml called for file: 584. D24F11.XML, content length: 16123
Starting parsing.. Size: 16150
Using xml2js for smaller file
parseCOAXml called for file: 585. 5G02.XML, content length: 17546
Starting parsing.. Size: 17583
Using xml2js for smaller file
parseCOAXml called for file: 585. D24F12 IMOXCIN-DX EYE DROPS 5ML.XML, content length: 18753
Starting parsing.. Size: 18780
Using xml2js for smaller file
parseCOAXml called for file: 585. N24I32.XML, content length: 9544
Starting parsing.. Size: 9569
Using xml2js for smaller file
parseCOAXml called for file: 585. N25H22.XML, content length: 8431
Starting parsing.. Size: 8456
Using xml2js for smaller file
parseCOAXml called for file: 586. D24F12 OLIDROPS DX EYE DROPS 5ML.XML, content length: 18756
Starting parsing.. Size: 18783
Using xml2js for smaller file
parseCOAXml called for file: 586. N25G08.XML, content length: 20938
Starting parsing.. Size: 20971
Using xml2js for smaller file
parseCOAXml called for file: 586. N25H23.XML, content length: 8430
Starting parsing.. Size: 8455
Using xml2js for smaller file
parseCOAXml called for file: 586. RI502.XML, content length: 8489
Starting parsing.. Size: 8514
Using xml2js for smaller file
parseCOAXml called for file: 587. 4I10.XML, content length: 7376
Starting parsing.. Size: 7401
Using xml2js for smaller file
parseCOAXml called for file: 587. D24F12 VARAMOX DX EYE DROPS 10ML.XML, content length: 18762
Starting parsing.. Size: 18789
Using xml2js for smaller file
parseCOAXml called for file: 587. N25G08.XML, content length: 20938
Starting parsing.. Size: 20971
Using xml2js for smaller file
parseCOAXml called for file: 587. N25H24.XML, content length: 8428
Starting parsing.. Size: 8453
Using xml2js for smaller file
parseCOAXml called for file: 588. D24F12 DEXACUBE M EYE DROPS 5ML.XML, content length: 18753
Starting parsing.. Size: 18780
Using xml2js for smaller file
parseCOAXml called for file: 588. D24I33.XML, content length: 8729
Starting parsing.. Size: 8754
Using xml2js for smaller file
parseCOAXml called for file: 588. N25G08.XML, content length: 32660
Starting parsing.. Size: 32699
Using xml2js for smaller file
parseCOAXml called for file: 588. PS25137.XML, content length: 7747
Starting parsing.. Size: 7772
Using xml2js for smaller file
parseCOAXml called for file: 589. D24F13.XML, content length: 22581
Starting parsing.. Size: 22608
Using xml2js for smaller file
parseCOAXml called for file: 589. N24I33.XML, content length: 8637
Starting parsing.. Size: 8662
Using xml2js for smaller file
parseCOAXml called for file: 589. N25G08.XML, content length: 20935
Starting parsing.. Size: 20968
Using xml2js for smaller file
parseCOAXml called for file: 589. RI523.XML, content length: 8386
Starting parsing.. Size: 8411
Using xml2js for smaller file
parseCOAXml called for file: 59. 4C11.XML, content length: 17029
Starting parsing.. Size: 17056
Using xml2js for smaller file
parseCOAXml called for file: 59. 5L11.XML, content length: 20494
Starting parsing.. Size: 20531
Using xml2js for smaller file
parseCOAXml called for file: 59. A045.XML, content length: 15277
Starting parsing.. Size: 15308
Using xml2js for smaller file
parseCOAXml called for file: 59. B6A02.XML, content length: 6803
Starting parsing.. Size: 6828
Using xml2js for smaller file
parseCOAXml called for file: 59. D24D24.XML, content length: 8714
Starting parsing.. Size: 8739
Using xml2js for smaller file
parseCOAXml called for file: 59. D25G19 copy.XML, content length: 19510
Starting parsing.. Size: 19543
Using xml2js for smaller file
parseCOAXml called for file: 59. D25G19.XML, content length: 8382
Starting parsing.. Size: 8407
Using xml2js for smaller file
parseCOAXml called for file: 59. N25D03.XML, content length: 9517
Starting parsing.. Size: 9542
Using xml2js for smaller file
parseCOAXml called for file: 590. D24F14.XML, content length: 41549
Starting parsing.. Size: 41576
Using xml2js for smaller file
parseCOAXml called for file: 590. L1825015.XML, content length: 5444
Starting parsing.. Size: 5469
Using xml2js for smaller file
parseCOAXml called for file: 590. N25G08.XML, content length: 20937
Starting parsing.. Size: 20970
Using xml2js for smaller file
parseCOAXml called for file: 590. PS24157.XML, content length: 7865
Starting parsing.. Size: 7890
Using xml2js for smaller file
parseCOAXml called for file: 591. D24F15.XML, content length: 17888
Starting parsing.. Size: 17919
Using xml2js for smaller file
parseCOAXml called for file: 591. PS24158.XML, content length: 7865
Starting parsing.. Size: 7890
Using xml2js for smaller file
parseCOAXml called for file: 591. PS25099.XML, content length: 17766
Starting parsing.. Size: 17793
Using xml2js for smaller file
parseCOAXml called for file: 591. RI524.XML, content length: 8385
Starting parsing.. Size: 8410
Using xml2js for smaller file
parseCOAXml called for file: 592. 5H19.XML, content length: 8267
Starting parsing.. Size: 8292
Using xml2js for smaller file
parseCOAXml called for file: 592. D24F16 FLUT EYE DROPS 5ML.XML, content length: 34544
Starting parsing.. Size: 34583
Using xml2js for smaller file
parseCOAXml called for file: 592. D24I34.XML, content length: 8435
Starting parsing.. Size: 8460
Using xml2js for smaller file
parseCOAXml called for file: 592. PS25100.XML, content length: 17765
Starting parsing.. Size: 17792
Using xml2js for smaller file
parseCOAXml called for file: 593. 5G03.XML, content length: 18608
Starting parsing.. Size: 18645
Using xml2js for smaller file
parseCOAXml called for file: 593. D24F16 FLOMIN EYE DROPS 5ML.XML, content length: 19944
Starting parsing.. Size: 19977
Using xml2js for smaller file
parseCOAXml called for file: 593. D25H37.XML, content length: 8724
Starting parsing.. Size: 8749
Using xml2js for smaller file
parseCOAXml called for file: 593. N24I34.XML, content length: 8637
Starting parsing.. Size: 8662
Using xml2js for smaller file
parseCOAXml called for file: 594. 5G03.XML, content length: 18601
Starting parsing.. Size: 18638
Using xml2js for smaller file
parseCOAXml called for file: 594. D24F16 FLUOROMETHOLONE ED 5ML GMSCL.XML, content length: 19992
Starting parsing.. Size: 20025
Using xml2js for smaller file
parseCOAXml called for file: 594. D25H38.XML, content length: 8724
Starting parsing.. Size: 8749
Using xml2js for smaller file
parseCOAXml called for file: 594. PS24159.XML, content length: 7865
Starting parsing.. Size: 7890
Using xml2js for smaller file
parseCOAXml called for file: 595. D24F17 FLURIGEN-T EYE DROPS 5ML.XML, content length: 18493
Starting parsing.. Size: 18526
Using xml2js for smaller file
parseCOAXml called for file: 595. D24J01.XML, content length: 9576
Starting parsing.. Size: 9601
Using xml2js for smaller file
parseCOAXml called for file: 595. D25G13.XML, content length: 22475
Starting parsing.. Size: 22502
Using xml2js for smaller file
parseCOAXml called for file: 595. L1825016.XML, content length: 5501
Starting parsing.. Size: 5526
Using xml2js for smaller file
parseCOAXml called for file: 596. D24F17 FLUOROPREC-T EYE DROPS 5ML.XML, content length: 18523
Starting parsing.. Size: 18556
Using xml2js for smaller file
parseCOAXml called for file: 596. D25G14.XML, content length: 15915
Starting parsing.. Size: 15942
Using xml2js for smaller file
parseCOAXml called for file: 596. N24J01.XML, content length: 8522
Starting parsing.. Size: 8547
Using xml2js for smaller file
parseCOAXml called for file: 596. N25H25.XML, content length: 8423
Starting parsing.. Size: 8448
Using xml2js for smaller file
parseCOAXml called for file: 597. D24F18 ZETAMOX EYE DROPS 5ML.XML, content length: 17528
Starting parsing.. Size: 17555
Using xml2js for smaller file
parseCOAXml called for file: 597. D25I01.XML, content length: 8723
Starting parsing.. Size: 8748
Using xml2js for smaller file
parseCOAXml called for file: 597. PS24160.XML, content length: 7865
Starting parsing.. Size: 7890
Using xml2js for smaller file
parseCOAXml called for file: 597. PS25101.XML, content length: 17765
Starting parsing.. Size: 17792
Using xml2js for smaller file
parseCOAXml called for file: 598. 25AM07.XML, content length: 18609
Starting parsing.. Size: 18648
Using xml2js for smaller file
parseCOAXml called for file: 598. D24F18 VARAMOX EYE DROPS 5ML.XML, content length: 17527
Starting parsing.. Size: 17554
Using xml2js for smaller file
parseCOAXml called for file: 598. D25I02.XML, content length: 8724
Starting parsing.. Size: 8749
Using xml2js for smaller file
parseCOAXml called for file: 598. PS24161.XML, content length: 7865
Starting parsing.. Size: 7890
Using xml2js for smaller file
parseCOAXml called for file: 599. 4J01.XML, content length: 8399
Starting parsing.. Size: 8424
Using xml2js for smaller file
parseCOAXml called for file: 599. D24F18 VALMOX EYE DROPS 5ML.XML, content length: 17521
Starting parsing.. Size: 17548
Using xml2js for smaller file
parseCOAXml called for file: 599. D25G15.XML, content length: 18265
Starting parsing.. Size: 18292
Using xml2js for smaller file
parseCOAXml called for file: 599. L1825017.XML, content length: 5501
Starting parsing.. Size: 5526
Using xml2js for smaller file
parseCOAXml called for file: 6. 24AM06.XML, content length: 19596
Starting parsing.. Size: 19623
Using xml2js for smaller file
parseCOAXml called for file: 6. 26AM06.XML, content length: 15939
Starting parsing.. Size: 15966
Using xml2js for smaller file
parseCOAXml called for file: 6. D24D04.XML, content length: 8731
Starting parsing.. Size: 8756
Using xml2js for smaller file
parseCOAXml called for file: 6. D25L20 copy.XML, content length: 19496
Starting parsing.. Size: 19529
Using xml2js for smaller file
parseCOAXml called for file: 6. D25L20.XML, content length: 8396
Starting parsing.. Size: 8421
Using xml2js for smaller file
parseCOAXml called for file: 6. D25L36.XML, content length: 9850
Starting parsing.. Size: 9875
Using xml2js for smaller file
parseCOAXml called for file: 6. N25L12.XML, content length: 18332
Starting parsing.. Size: 18365
Using xml2js for smaller file
parseCOAXml called for file: 6. N25L27.XML, content length: 19510
Starting parsing.. Size: 19543
Using xml2js for smaller file
parseCOAXml called for file: 6. N26D02.XML, content length: 10150
Starting parsing.. Size: 10175
Using xml2js for smaller file
parseCOAXml called for file: 6. PS25208.XML, content length: 7748
Starting parsing.. Size: 7773
Using xml2js for smaller file
parseCOAXml called for file: 60. 4C12 io panthe.XML, content length: 15862
Starting parsing.. Size: 15889
Using xml2js for smaller file
parseCOAXml called for file: 60. AI080.XML, content length: 15768
Starting parsing.. Size: 15795
Using xml2js for smaller file
parseCOAXml called for file: 60. D25D02.XML, content length: 8655
Starting parsing.. Size: 8680
Using xml2js for smaller file
parseCOAXml called for file: 60. D25G20 copy.XML, content length: 23402
Starting parsing.. Size: 23429
Using xml2js for smaller file
parseCOAXml called for file: 60. D25G20.XML, content length: 9577
Starting parsing.. Size: 9602
Using xml2js for smaller file
parseCOAXml called for file: 60. D25L30.XML, content length: 19407
Starting parsing.. Size: 19434
Using xml2js for smaller file
parseCOAXml called for file: 60. D26A13.XML, content length: 8384
Starting parsing.. Size: 8409
Using xml2js for smaller file
parseCOAXml called for file: 60. PS24061.XML, content length: 7865
Starting parsing.. Size: 7890
Using xml2js for smaller file
parseCOAXml called for file: 600. D24F18 NIKIQUIN EYE DROPS 5ML.XML, content length: 17533
Starting parsing.. Size: 17560
Using xml2js for smaller file
parseCOAXml called for file: 600. D24J02.XML, content length: 9805
Starting parsing.. Size: 9830
Using xml2js for smaller file
parseCOAXml called for file: 600. D25G15.XML, content length: 29517
Starting parsing.. Size: 29544
Using xml2js for smaller file
parseCOAXml called for file: 600. N25I01.XML, content length: 10617
Starting parsing.. Size: 10642
Using xml2js for smaller file
parseCOAXml called for file: 601. 25AM13.XML, content length: 9582
Starting parsing.. Size: 9607
Using xml2js for smaller file
parseCOAXml called for file: 601. D24F20 OPTIFRRESH PLUS EYE DROPS 15ML.XML, content length: 17969
Starting parsing.. Size: 17996
Using xml2js for smaller file
parseCOAXml called for file: 601. D25G15.XML, content length: 18281
Starting parsing.. Size: 18308
Using xml2js for smaller file
parseCOAXml called for file: 601. N24J02.XML, content length: 9848
Starting parsing.. Size: 9873
Using xml2js for smaller file
parseCOAXml called for file: 602. AI077.XML, content length: 5548
Starting parsing.. Size: 5573
Using xml2js for smaller file
parseCOAXml called for file: 602. D24F20 BIOQFRESH PLUS EYE DROPS 10ML.XML, content length: 17920
Starting parsing.. Size: 17947
Using xml2js for smaller file
parseCOAXml called for file: 602. D25G16.XML, content length: 18197
Starting parsing.. Size: 18224
Using xml2js for smaller file
parseCOAXml called for file: 602. PS24162.XML, content length: 7865
Starting parsing.. Size: 7890
Using xml2js for smaller file
parseCOAXml called for file: 603. D24F21.XML, content length: 32316
Starting parsing.. Size: 32343
Using xml2js for smaller file
parseCOAXml called for file: 603. D24J03.XML, content length: 10631
Starting parsing.. Size: 10656
Using xml2js for smaller file
parseCOAXml called for file: 603. D25I03.XML, content length: 8724
Starting parsing.. Size: 8749
Using xml2js for smaller file
parseCOAXml called for file: 603. N25G10.XML, content length: 15850
Starting parsing.. Size: 15877
Using xml2js for smaller file
parseCOAXml called for file: 604. D24F22 CELLUCON EYE DROPS 10ML.XML, content length: 17780
Starting parsing.. Size: 17807
Using xml2js for smaller file
parseCOAXml called for file: 604. N24J03.XML, content length: 8480
Starting parsing.. Size: 8505
Using xml2js for smaller file
parseCOAXml called for file: 604. N25G10.XML, content length: 15869
Starting parsing.. Size: 15896
Using xml2js for smaller file
parseCOAXml called for file: 604. N25I02.XML, content length: 10151
Starting parsing.. Size: 10176
Using xml2js for smaller file
parseCOAXml called for file: 605. 5I02.XML, content length: 11736
Starting parsing.. Size: 11761
Using xml2js for smaller file
parseCOAXml called for file: 605. D24F22 OPTIFRRESH EYE DROPS 10ML.XML, content length: 32316
Starting parsing.. Size: 32343
Using xml2js for smaller file
parseCOAXml called for file: 605. N24J04.XML, content length: 8704
Starting parsing.. Size: 8729
Using xml2js for smaller file
parseCOAXml called for file: 605. N25G11.XML, content length: 13449
Starting parsing.. Size: 13476
Using xml2js for smaller file
parseCOAXml called for file: 606. D24F23 OLITEARS EYE DROPS 10ML.XML, content length: 17788
Starting parsing.. Size: 17815
Using xml2js for smaller file
parseCOAXml called for file: 606. D25I04.XML, content length: 8724
Starting parsing.. Size: 8749
Using xml2js for smaller file
parseCOAXml called for file: 606. PS24163.XML, content length: 7865
Starting parsing.. Size: 7890
Using xml2js for smaller file
parseCOAXml called for file: 606. PS25102.XML, content length: 17767
Starting parsing.. Size: 17794
Using xml2js for smaller file
parseCOAXml called for file: 607. 4J02.XML, content length: 8370
Starting parsing.. Size: 8395
Using xml2js for smaller file
parseCOAXml called for file: 607. D24F23 PROTEARS EYE DROPS 10ML(PRAXAN).XML, content length: 17804
Starting parsing.. Size: 17831
Using xml2js for smaller file
parseCOAXml called for file: 607. D25I05.XML, content length: 8724
Starting parsing.. Size: 8749
Using xml2js for smaller file
parseCOAXml called for file: 607. PS25103.XML, content length: 17767
Starting parsing.. Size: 17794
Using xml2js for smaller file
parseCOAXml called for file: 608. 25AM08.XML, content length: 17052
Starting parsing.. Size: 17079
Using xml2js for smaller file
parseCOAXml called for file: 608. D24F24.XML, content length: 32230
Starting parsing.. Size: 32257
Using xml2js for smaller file
parseCOAXml called for file: 608. D24J04.XML, content length: 10630
Starting parsing.. Size: 10655
Using xml2js for smaller file
parseCOAXml called for file: 608. HI25I01.XML, content length: 5582
Starting parsing.. Size: 5607
Using xml2js for smaller file
parseCOAXml called for file: 609. 5G04.XML, content length: 17028
Starting parsing.. Size: 17055
Using xml2js for smaller file
parseCOAXml called for file: 609. D24F25.XML, content length: 34127
Starting parsing.. Size: 34154
Using xml2js for smaller file
parseCOAXml called for file: 609. HI24J01.XML, content length: 5579
Starting parsing.. Size: 5604
Using xml2js for smaller file
parseCOAXml called for file: 609. N25I03.XML, content length: 8440
Starting parsing.. Size: 8465
Using xml2js for smaller file
parseCOAXml called for file: 61. 4C12.XML, content length: 15859
Starting parsing.. Size: 15886
Using xml2js for smaller file
parseCOAXml called for file: 61. AI081.XML, content length: 12031
Starting parsing.. Size: 12058
Using xml2js for smaller file
parseCOAXml called for file: 61. D25G27 copy.XML, content length: 28591
Starting parsing.. Size: 28618
Using xml2js for smaller file
parseCOAXml called for file: 61. D25G27.XML, content length: 8532
Starting parsing.. Size: 8557
Using xml2js for smaller file
parseCOAXml called for file: 61. D26A14.XML, content length: 8406
Starting parsing.. Size: 8431
Using xml2js for smaller file
parseCOAXml called for file: 61. I374.XML, content length: 7348
Starting parsing.. Size: 7373
Using xml2js for smaller file
parseCOAXml called for file: 61. N25L23.XML, content length: 17057
Starting parsing.. Size: 17084
Using xml2js for smaller file
parseCOAXml called for file: 61. PS24062.XML, content length: 7865
Starting parsing.. Size: 7890
Using xml2js for smaller file
parseCOAXml called for file: 610. D24F26 I TEAR EYE DROPS 10ML(YASH OPTHO).XML, content length: 17808
Starting parsing.. Size: 17835
Using xml2js for smaller file
parseCOAXml called for file: 610. N24J05.XML, content length: 8621
Starting parsing.. Size: 8646
Using xml2js for smaller file
parseCOAXml called for file: 610. N25I04.XML, content length: 9495
Starting parsing.. Size: 9520
Using xml2js for smaller file
parseCOAXml called for file: 610. PS25104.XML, content length: 17767
Starting parsing.. Size: 17794
Using xml2js for smaller file
parseCOAXml called for file: 611. D24F26 EYEVID PLUS EYE DROPS 10ML.XML, content length: 17788
Starting parsing.. Size: 17815
Using xml2js for smaller file
parseCOAXml called for file: 611. D24J05.XML, content length: 8563
Starting parsing.. Size: 8588
Using xml2js for smaller file
parseCOAXml called for file: 611. D25I06.XML, content length: 8723
Starting parsing.. Size: 8748
Using xml2js for smaller file
parseCOAXml called for file: 611. PS25105.XML, content length: 17766
Starting parsing.. Size: 17793
Using xml2js for smaller file
parseCOAXml called for file: 612. D24F27.XML, content length: 17931
Starting parsing.. Size: 17958
Using xml2js for smaller file
parseCOAXml called for file: 612. HI24J02.XML, content length: 5579
Starting parsing.. Size: 5604
Using xml2js for smaller file
parseCOAXml called for file: 612. HI25I02.XML, content length: 5583
Starting parsing.. Size: 5608
Using xml2js for smaller file
parseCOAXml called for file: 612. PS25106.XML, content length: 17766
Starting parsing.. Size: 17793
Using xml2js for smaller file
parseCOAXml called for file: 613. D24F28 NEOFRESH EYE DROPS 10ML(NEOVISION).XML, content length: 17931
Starting parsing.. Size: 17958
Using xml2js for smaller file
parseCOAXml called for file: 613. I402.XML, content length: 8428
Starting parsing.. Size: 8453
Using xml2js for smaller file
parseCOAXml called for file: 613. N24J06.XML, content length: 8655
Starting parsing.. Size: 8680
Using xml2js for smaller file
parseCOAXml called for file: 613. N25G12.XML, content length: 13449
Starting parsing.. Size: 13476
Using xml2js for smaller file
parseCOAXml called for file: 614. 4J03.XML, content length: 8576
Starting parsing.. Size: 8601
Using xml2js for smaller file
parseCOAXml called for file: 614. D24F28 TEARSPAN EYE DROPS 10ML.XML, content length: 17909
Starting parsing.. Size: 17936
Using xml2js for smaller file
parseCOAXml called for file: 614. N25G13.XML, content length: 17978
Starting parsing.. Size: 18005
Using xml2js for smaller file
parseCOAXml called for file: 614. N25I05.XML, content length: 9489
Starting parsing.. Size: 9514
Using xml2js for smaller file
parseCOAXml called for file: 615. D24F28 NEOFRESH ED 10ML PS (NEOVISION).XML, content length: 17934
Starting parsing.. Size: 17961
Using xml2js for smaller file
parseCOAXml called for file: 615. D24J06.XML, content length: 8685
Starting parsing.. Size: 8710
Using xml2js for smaller file
parseCOAXml called for file: 615. N25I06.XML, content length: 8858
Starting parsing.. Size: 8883
Using xml2js for smaller file
parseCOAXml called for file: 615. PS25107.XML, content length: 17767
Starting parsing.. Size: 17794
Using xml2js for smaller file
parseCOAXml called for file: 616. D24F29.XML, content length: 17910
Starting parsing.. Size: 17937
Using xml2js for smaller file
parseCOAXml called for file: 616. D24J07.XML, content length: 9743
Starting parsing.. Size: 9768
Using xml2js for smaller file
parseCOAXml called for file: 616. D25G17.XML, content length: 23453
Starting parsing.. Size: 23480
Using xml2js for smaller file
parseCOAXml called for file: 616. D25I08.XML, content length: 8561
Starting parsing.. Size: 8586
Using xml2js for smaller file
parseCOAXml called for file: 617. D24F30.XML, content length: 19289
Starting parsing.. Size: 19316
Using xml2js for smaller file
parseCOAXml called for file: 617. D25G18.XML, content length: 21827
Starting parsing.. Size: 21854
Using xml2js for smaller file
parseCOAXml called for file: 617. I403.XML, content length: 8426
Starting parsing.. Size: 8451
Using xml2js for smaller file
parseCOAXml called for file: 617. N24J07.XML, content length: 8871
Starting parsing.. Size: 8896
Using xml2js for smaller file
parseCOAXml called for file: 618. D24F31 KARLASH EYE DROPS 4ML.XML, content length: 16128
Starting parsing.. Size: 16155
Using xml2js for smaller file
parseCOAXml called for file: 618. I392.XML, content length: 19437
Starting parsing.. Size: 19470
Using xml2js for smaller file
parseCOAXml called for file: 618. N24J08.XML, content length: 8725
Starting parsing.. Size: 8750
Using xml2js for smaller file
parseCOAXml called for file: 618. N25I07.XML, content length: 10166
Starting parsing.. Size: 10191
Using xml2js for smaller file
parseCOAXml called for file: 619. 5I03.XML, content length: 8568
Starting parsing.. Size: 8593
Using xml2js for smaller file
parseCOAXml called for file: 619. D24F31 CARELASH EYE DROPS 4ML.XML, content length: 16127
Starting parsing.. Size: 16154
Using xml2js for smaller file
parseCOAXml called for file: 619. N24J09.XML, content length: 8733
Starting parsing.. Size: 8758
Using xml2js for smaller file
parseCOAXml called for file: 619. N25G14.XML, content length: 17965
Starting parsing.. Size: 17992
Using xml2js for smaller file
parseCOAXml called for file: 62. 4C13.XML, content length: 18936
Starting parsing.. Size: 18973
Using xml2js for smaller file
parseCOAXml called for file: 62. B6A01.XML, content length: 14489
Starting parsing.. Size: 14516
Using xml2js for smaller file
parseCOAXml called for file: 62. D24D25.XML, content length: 8655
Starting parsing.. Size: 8680
Using xml2js for smaller file
parseCOAXml called for file: 62. D25D04.XML, content length: 9514
Starting parsing.. Size: 9539
Using xml2js for smaller file
parseCOAXml called for file: 62. D25G28 copy.XML, content length: 31972
Starting parsing.. Size: 31999
Using xml2js for smaller file
parseCOAXml called for file: 62. D25G28.XML, content length: 8633
Starting parsing.. Size: 8658
Using xml2js for smaller file
parseCOAXml called for file: 62. D25L31.XML, content length: 19572
Starting parsing.. Size: 19607
Using xml2js for smaller file
parseCOAXml called for file: 62. N26A09.XML, content length: 8421
Starting parsing.. Size: 8446
Using xml2js for smaller file
parseCOAXml called for file: 620. 4J04.XML, content length: 8587
Starting parsing.. Size: 8612
Using xml2js for smaller file
parseCOAXml called for file: 620. B5I01.XML, content length: 5581
Starting parsing.. Size: 5606
Using xml2js for smaller file
parseCOAXml called for file: 620. D24F32.XML, content length: 18665
Starting parsing.. Size: 18698
Using xml2js for smaller file
parseCOAXml called for file: 620. PS25108.XML, content length: 17767
Starting parsing.. Size: 17794
Using xml2js for smaller file
parseCOAXml called for file: 621. D24F35 ZETAMOX PD EYE DROPS 10ML.XML, content length: 20009
Starting parsing.. Size: 20044
Using xml2js for smaller file
parseCOAXml called for file: 621. D24J08.XML, content length: 8446
Starting parsing.. Size: 8471
Using xml2js for smaller file
parseCOAXml called for file: 621. D25I09.XML, content length: 8699
Starting parsing.. Size: 8724
Using xml2js for smaller file
parseCOAXml called for file: 621. PS25109.XML, content length: 17768
Starting parsing.. Size: 17795
Using xml2js for smaller file
parseCOAXml called for file: 622. D24F35 SCIMOX-PD EYE DROPS 5ML.XML, content length: 20019
Starting parsing.. Size: 20054
Using xml2js for smaller file
parseCOAXml called for file: 622. D24J09.XML, content length: 8438
Starting parsing.. Size: 8463
Using xml2js for smaller file
parseCOAXml called for file: 622. D25I10.XML, content length: 8703
Starting parsing.. Size: 8728
Using xml2js for smaller file
parseCOAXml called for file: 622. I393.XML, content length: 19438
Starting parsing.. Size: 19471
Using xml2js for smaller file
parseCOAXml called for file: 623. D24G01 EASIFRESH EYE DROPS 10ML (SOC).XML, content length: 16774
Starting parsing.. Size: 16801
Using xml2js for smaller file
parseCOAXml called for file: 623. N24J10.XML, content length: 9472
Starting parsing.. Size: 9497
Using xml2js for smaller file
parseCOAXml called for file: 623. N25G15.XML, content length: 16760
Starting parsing.. Size: 16787
Using xml2js for smaller file
parseCOAXml called for file: 623. N25I08.XML, content length: 10170
Starting parsing.. Size: 10195
Using xml2js for smaller file
parseCOAXml called for file: 624. 5I04.XML, content length: 9575
Starting parsing.. Size: 9600
Using xml2js for smaller file
parseCOAXml called for file: 624. D24G01 SHINE EYE DROPS 10ML.XML, content length: 16750
Starting parsing.. Size: 16777
Using xml2js for smaller file
parseCOAXml called for file: 624. PS25110.XML, content length: 17766
Starting parsing.. Size: 17793
Using xml2js for smaller file
parseCOAXml called for file: 624. PZ24005.XML, content length: 7754
Starting parsing.. Size: 7779
Using xml2js for smaller file
parseCOAXml called for file: 625. D24G02.XML, content length: 16772
Starting parsing.. Size: 16799
Using xml2js for smaller file
parseCOAXml called for file: 625. D24J10.XML, content length: 8625
Starting parsing.. Size: 8650
Using xml2js for smaller file
parseCOAXml called for file: 625. D25I11.XML, content length: 8426
Starting parsing.. Size: 8451
Using xml2js for smaller file
parseCOAXml called for file: 625. PS25111.XML, content length: 17767
Starting parsing.. Size: 17794
Using xml2js for smaller file
parseCOAXml called for file: 626. D24G03.XML, content length: 16117
Starting parsing.. Size: 16144
Using xml2js for smaller file
parseCOAXml called for file: 626. D24J11.XML, content length: 8625
Starting parsing.. Size: 8650
Using xml2js for smaller file
parseCOAXml called for file: 626. D25G21.XML, content length: 34277
Starting parsing.. Size: 34304
Using xml2js for smaller file
  ...5500 COA files processed (created 5486)
parseCOAXml called for file: 626. D25I12.XML, content length: 8424
Starting parsing.. Size: 8449
Using xml2js for smaller file
parseCOAXml called for file: 627. D24G04.XML, content length: 14970
Starting parsing.. Size: 14997
Using xml2js for smaller file
parseCOAXml called for file: 627. N24J11.XML, content length: 8585
Starting parsing.. Size: 8610
Using xml2js for smaller file
parseCOAXml called for file: 627. N25G16.XML, content length: 19637
Starting parsing.. Size: 19664
Using xml2js for smaller file
parseCOAXml called for file: 627. N25I09.XML, content length: 10168
Starting parsing.. Size: 10193
Using xml2js for smaller file
parseCOAXml called for file: 628. D24G05.XML, content length: 28665
Starting parsing.. Size: 28692
Using xml2js for smaller file
parseCOAXml called for file: 628. GP168.XML, content length: 8716
Starting parsing.. Size: 8741
Using xml2js for smaller file
parseCOAXml called for file: 628. N24J12.XML, content length: 8576
Starting parsing.. Size: 8601
Using xml2js for smaller file
parseCOAXml called for file: 628. PS25112.XML, content length: 17767
Starting parsing.. Size: 17794
Using xml2js for smaller file
parseCOAXml called for file: 629. 5I05.XML, content length: 9576
Starting parsing.. Size: 9601
Using xml2js for smaller file
parseCOAXml called for file: 629. D24G07.XML, content length: 18375
Starting parsing.. Size: 18402
Using xml2js for smaller file
parseCOAXml called for file: 629. D25G22.XML, content length: 20464
Starting parsing.. Size: 20491
Using xml2js for smaller file
parseCOAXml called for file: 629. PS24164.XML, content length: 7865
Starting parsing.. Size: 7890
Using xml2js for smaller file
parseCOAXml called for file: 63. 4C14.XML, content length: 18936
Starting parsing.. Size: 18973
Using xml2js for smaller file
parseCOAXml called for file: 63. 6A08.XML, content length: 8450
Starting parsing.. Size: 8475
Using xml2js for smaller file
parseCOAXml called for file: 63. B6A02.XML, content length: 13342
Starting parsing.. Size: 13369
Using xml2js for smaller file
parseCOAXml called for file: 63. D25G29 copy.XML, content length: 27620
Starting parsing.. Size: 27647
Using xml2js for smaller file
parseCOAXml called for file: 63. D25G29.XML, content length: 8607
Starting parsing.. Size: 8632
Using xml2js for smaller file
parseCOAXml called for file: 63. D25L31.XML, content length: 19569
Starting parsing.. Size: 19604
Using xml2js for smaller file
parseCOAXml called for file: 63. I329.XML, content length: 7354
Starting parsing.. Size: 7379
Using xml2js for smaller file
parseCOAXml called for file: 63. I375.XML, content length: 7348
Starting parsing.. Size: 7373
Using xml2js for smaller file
parseCOAXml called for file: 630. 4J06.XML, content length: 5309
Starting parsing.. Size: 5334
Using xml2js for smaller file
parseCOAXml called for file: 630. D24G08.XML, content length: 15954
Starting parsing.. Size: 15981
Using xml2js for smaller file
parseCOAXml called for file: 630. D25G23.XML, content length: 28716
Starting parsing.. Size: 28743
Using xml2js for smaller file
parseCOAXml called for file: 630. D25I13.XML, content length: 8555
Starting parsing.. Size: 8580
Using xml2js for smaller file
parseCOAXml called for file: 631. D24G09.XML, content length: 17659
Starting parsing.. Size: 17686
Using xml2js for smaller file
parseCOAXml called for file: 631. D24J12.XML, content length: 8434
Starting parsing.. Size: 8459
Using xml2js for smaller file
parseCOAXml called for file: 631. D25I14.XML, content length: 8822
Starting parsing.. Size: 8847
Using xml2js for smaller file
parseCOAXml called for file: 631. I394.XML, content length: 19389
Starting parsing.. Size: 19416
Using xml2js for smaller file
parseCOAXml called for file: 632. 5I06.XML, content length: 7322
Starting parsing.. Size: 7347
Using xml2js for smaller file
parseCOAXml called for file: 632. D24G10.XML, content length: 14861
Starting parsing.. Size: 14888
Using xml2js for smaller file
parseCOAXml called for file: 632. N24J13.XML, content length: 8637
Starting parsing.. Size: 8662
Using xml2js for smaller file
parseCOAXml called for file: 632. PS25113.XML, content length: 17767
Starting parsing.. Size: 17794
Using xml2js for smaller file
parseCOAXml called for file: 633. D24G12 MOXICON-DX EYE DROPS 5ML.XML, content length: 18751
Starting parsing.. Size: 18778
Using xml2js for smaller file
parseCOAXml called for file: 633. D25I16.XML, content length: 9802
Starting parsing.. Size: 9827
Using xml2js for smaller file
parseCOAXml called for file: 633. PS24165.XML, content length: 7865
Starting parsing.. Size: 7890
Using xml2js for smaller file
parseCOAXml called for file: 633. PS25114.XML, content length: 17767
Starting parsing.. Size: 17794
Using xml2js for smaller file
parseCOAXml called for file: 634. D24G12 GENFOUR-DX EYE DROPS 5ML.XML, content length: 18756
Starting parsing.. Size: 18783
Using xml2js for smaller file
parseCOAXml called for file: 634. D25G24.XML, content length: 19405
Starting parsing.. Size: 19432
Using xml2js for smaller file
parseCOAXml called for file: 634. N25I10.XML, content length: 8365
Starting parsing.. Size: 8390
Using xml2js for smaller file
parseCOAXml called for file: 634. PS24166.XML, content length: 7865
Starting parsing.. Size: 7890
Using xml2js for smaller file
parseCOAXml called for file: 635. 4J07.XML, content length: 5309
Starting parsing.. Size: 5334
Using xml2js for smaller file
parseCOAXml called for file: 635. D24G13.XML, content length: 20671
Starting parsing.. Size: 20698
Using xml2js for smaller file
parseCOAXml called for file: 635. N25G17.XML, content length: 18556
Starting parsing.. Size: 18583
Using xml2js for smaller file
parseCOAXml called for file: 635. PS25138.XML, content length: 7747
Starting parsing.. Size: 7772
Using xml2js for smaller file
parseCOAXml called for file: 636. 5I07.XML, content length: 7254
Starting parsing.. Size: 7279
Using xml2js for smaller file
parseCOAXml called for file: 636. D24G14 VIZOGAT-HS EYE DROPS 5ML.XML, content length: 15991
Starting parsing.. Size: 16018
Using xml2js for smaller file
parseCOAXml called for file: 636. D24J13.XML, content length: 8729
Starting parsing.. Size: 8754
Using xml2js for smaller file
parseCOAXml called for file: 636. UC25004.XML, content length: 13388
Starting parsing.. Size: 13415
Using xml2js for smaller file
parseCOAXml called for file: 637. D24G14 GATICON-HS EYE DROPS 5ML(ANGOLA).XML, content length: 15999
Starting parsing.. Size: 16026
Using xml2js for smaller file
parseCOAXml called for file: 637. D25G25.XML, content length: 19342
Starting parsing.. Size: 19369
Using xml2js for smaller file
parseCOAXml called for file: 637. PS25139.XML, content length: 7747
Starting parsing.. Size: 7772
Using xml2js for smaller file
parseCOAXml called for file: 637.N24J14.XML, content length: 8637
Starting parsing.. Size: 8662
Using xml2js for smaller file
parseCOAXml called for file: 638. D24G15.XML, content length: 23315
Starting parsing.. Size: 23350
Using xml2js for smaller file
parseCOAXml called for file: 638. D25G25.XML, content length: 19323
Starting parsing.. Size: 19350
Using xml2js for smaller file
parseCOAXml called for file: 638. PS24167.XML, content length: 7865
Starting parsing.. Size: 7890
Using xml2js for smaller file
parseCOAXml called for file: 638. PS25140.XML, content length: 7747
Starting parsing.. Size: 7772
Using xml2js for smaller file
parseCOAXml called for file: 639. 5I08.XML, content length: 7323
Starting parsing.. Size: 7348
Using xml2js for smaller file
parseCOAXml called for file: 639. D24G16.XML, content length: 23321
Starting parsing.. Size: 23356
Using xml2js for smaller file
parseCOAXml called for file: 639. D25G25.XML, content length: 19325
Starting parsing.. Size: 19352
Using xml2js for smaller file
parseCOAXml called for file: 639. PS24168.XML, content length: 7865
Starting parsing.. Size: 7890
Using xml2js for smaller file
parseCOAXml called for file: 64. 4C15.XML, content length: 17083
Starting parsing.. Size: 17110
Using xml2js for smaller file
parseCOAXml called for file: 64. A043 copy.XML, content length: 15276
Starting parsing.. Size: 15307
Using xml2js for smaller file
parseCOAXml called for file: 64. A043.XML, content length: 8195
Starting parsing.. Size: 8220
Using xml2js for smaller file
parseCOAXml called for file: 64. B6B01.XML, content length: 14489
Starting parsing.. Size: 14516
Using xml2js for smaller file
parseCOAXml called for file: 64. D25L31.XML, content length: 19575
Starting parsing.. Size: 19610
Using xml2js for smaller file
parseCOAXml called for file: 64. D26A16.XML, content length: 8434
Starting parsing.. Size: 8459
Using xml2js for smaller file
parseCOAXml called for file: 64. N25D05.XML, content length: 9641
Starting parsing.. Size: 9666
Using xml2js for smaller file
parseCOAXml called for file: 64. PS24063.XML, content length: 7865
Starting parsing.. Size: 7890
Using xml2js for smaller file
parseCOAXml called for file: 640. 4J08.XML, content length: 5309
Starting parsing.. Size: 5334
Using xml2js for smaller file
parseCOAXml called for file: 640. D24G17.XML, content length: 23323
Starting parsing.. Size: 23358
Using xml2js for smaller file
parseCOAXml called for file: 640. D25G25.XML, content length: 19326
Starting parsing.. Size: 19353
Using xml2js for smaller file
parseCOAXml called for file: 640. D25I19.XML, content length: 9819
Starting parsing.. Size: 9844
Using xml2js for smaller file
parseCOAXml called for file: 641. D24G18.XML, content length: 16119
Starting parsing.. Size: 16146
Using xml2js for smaller file
parseCOAXml called for file: 641. D24J14.XML, content length: 8729
Starting parsing.. Size: 8754
Using xml2js for smaller file
parseCOAXml called for file: 641. D25I20.XML, content length: 9537
Starting parsing.. Size: 9562
Using xml2js for smaller file
parseCOAXml called for file: 641. I395.XML, content length: 19389
Starting parsing.. Size: 19416
Using xml2js for smaller file
parseCOAXml called for file: 642. D24G19 SCILOT EYE DROPS 5ML.XML, content length: 19802
Starting parsing.. Size: 19835
Using xml2js for smaller file
parseCOAXml called for file: 642. N25G18.XML, content length: 18522
Starting parsing.. Size: 18549
Using xml2js for smaller file
parseCOAXml called for file: 642. N25I11.XML, content length: 10150
Starting parsing.. Size: 10175
Using xml2js for smaller file
parseCOAXml called for file: 642. PS24169.XML, content length: 7865
Starting parsing.. Size: 7890
Using xml2js for smaller file
parseCOAXml called for file: 643. D24G19 LOTEWEL EYE DROPS 5ML.XML, content length: 19781
Starting parsing.. Size: 19814
Using xml2js for smaller file
parseCOAXml called for file: 643. D25G26.XML, content length: 17401
Starting parsing.. Size: 17428
Using xml2js for smaller file
parseCOAXml called for file: 643. PS24170.XML, content length: 7865
Starting parsing.. Size: 7890
Using xml2js for smaller file
parseCOAXml called for file: 643. PS25141.XML, content length: 7747
Starting parsing.. Size: 7772
Using xml2js for smaller file
parseCOAXml called for file: 644. D24G19 LOTOP EYE DROPS 5ML.XML, content length: 19778
Starting parsing.. Size: 19811
Using xml2js for smaller file
parseCOAXml called for file: 644. L1824009.XML, content length: 5441
Starting parsing.. Size: 5466
Using xml2js for smaller file
parseCOAXml called for file: 644. L1825007.XML, content length: 11277
Starting parsing.. Size: 11304
Using xml2js for smaller file
parseCOAXml called for file: 644. PS25142.XML, content length: 7747
Starting parsing.. Size: 7772
Using xml2js for smaller file
parseCOAXml called for file: 645. D24G20.XML, content length: 16094
Starting parsing.. Size: 16121
Using xml2js for smaller file
parseCOAXml called for file: 645. D25I21.XML, content length: 9501
Starting parsing.. Size: 9526
Using xml2js for smaller file
parseCOAXml called for file: 645. N24J16.XML, content length: 8669
Starting parsing.. Size: 8694
Using xml2js for smaller file
parseCOAXml called for file: 645. N25G19.XML, content length: 35194
Starting parsing.. Size: 35221
Using xml2js for smaller file
parseCOAXml called for file: 646. 4J10.XML, content length: 9540
Starting parsing.. Size: 9565
Using xml2js for smaller file
parseCOAXml called for file: 646. D24G21.XML, content length: 16092
Starting parsing.. Size: 16119
Using xml2js for smaller file
parseCOAXml called for file: 646. D25I22.XML, content length: 9854
Starting parsing.. Size: 9879
Using xml2js for smaller file
parseCOAXml called for file: 646. L1825008.XML, content length: 11276
Starting parsing.. Size: 11303
Using xml2js for smaller file
parseCOAXml called for file: 647. D24G22.XML, content length: 19599
Starting parsing.. Size: 19626
Using xml2js for smaller file
parseCOAXml called for file: 647. D24J15.XML, content length: 8729
Starting parsing.. Size: 8754
Using xml2js for smaller file
parseCOAXml called for file: 647. N25G20.XML, content length: 35196
Starting parsing.. Size: 35223
Using xml2js for smaller file
parseCOAXml called for file: 647. N25I12.XML, content length: 10150
Starting parsing.. Size: 10175
Using xml2js for smaller file
parseCOAXml called for file: 648. D24G23 GENLUBE HA EYE DROPS 10ML.XML, content length: 16129
Starting parsing.. Size: 16156
Using xml2js for smaller file
parseCOAXml called for file: 648. GP160.XML, content length: 8719
Starting parsing.. Size: 8744
Using xml2js for smaller file
parseCOAXml called for file: 648. N25G21.XML, content length: 35219
Starting parsing.. Size: 35246
Using xml2js for smaller file
parseCOAXml called for file: 648. PS25143.XML, content length: 7747
Starting parsing.. Size: 7772
Using xml2js for smaller file
parseCOAXml called for file: 649. D24G23  HIGHFRESH EYE DROP 10ML.XML, content length: 16131
Starting parsing.. Size: 16158
Using xml2js for smaller file
parseCOAXml called for file: 649. GP166.XML, content length: 12389
Starting parsing.. Size: 12416
Using xml2js for smaller file
parseCOAXml called for file: 649. N24J17.XML, content length: 9909
Starting parsing.. Size: 9934
Using xml2js for smaller file
parseCOAXml called for file: 649. PS25144.XML, content length: 7747
Starting parsing.. Size: 7772
Using xml2js for smaller file
parseCOAXml called for file: 65. 4C16.XML, content length: 17080
Starting parsing.. Size: 17107
Using xml2js for smaller file
parseCOAXml called for file: 65. B6B02.XML, content length: 13341
Starting parsing.. Size: 13368
Using xml2js for smaller file
parseCOAXml called for file: 65. D24D26.XML, content length: 8866
Starting parsing.. Size: 8891
Using xml2js for smaller file
parseCOAXml called for file: 65. D25D05.XML, content length: 9514
Starting parsing.. Size: 9539
Using xml2js for smaller file
parseCOAXml called for file: 65. D25H01 copy.XML, content length: 16953
Starting parsing.. Size: 16980
Using xml2js for smaller file
parseCOAXml called for file: 65. D25H01.XML, content length: 8642
Starting parsing.. Size: 8667
Using xml2js for smaller file
parseCOAXml called for file: 65. D25L31.XML, content length: 19594
Starting parsing.. Size: 19629
Using xml2js for smaller file
parseCOAXml called for file: 65. N26A10.XML, content length: 8422
Starting parsing.. Size: 8447
Using xml2js for smaller file
parseCOAXml called for file: 650. 24AM15.XML, content length: 9591
Starting parsing.. Size: 9616
Using xml2js for smaller file
parseCOAXml called for file: 650. D24G23 HYLOPANTA EYE DROPS 5ML.XML, content length: 16119
Starting parsing.. Size: 16146
Using xml2js for smaller file
parseCOAXml called for file: 650. D25I23.XML, content length: 9515
Starting parsing.. Size: 9540
Using xml2js for smaller file
parseCOAXml called for file: 650. I396.XML, content length: 13522
Starting parsing.. Size: 13549
Using xml2js for smaller file
parseCOAXml called for file: 651. D24G24 NEPHABLIZZ EYE DROPS 10ML.XML, content length: 18503
Starting parsing.. Size: 18530
Using xml2js for smaller file
parseCOAXml called for file: 651. D24J16.XML, content length: 8729
Starting parsing.. Size: 8754
Using xml2js for smaller file
parseCOAXml called for file: 651. D25I24.XML, content length: 9515
Starting parsing.. Size: 9540
Using xml2js for smaller file
parseCOAXml called for file: 651. N25G22.XML, content length: 19587
Starting parsing.. Size: 19614
Using xml2js for smaller file
parseCOAXml called for file: 652. D24G24 NFM PLUS EYE DROPS 10ML.XML, content length: 18499
Starting parsing.. Size: 18526
Using xml2js for smaller file
parseCOAXml called for file: 652. GP167.XML, content length: 12390
Starting parsing.. Size: 12417
Using xml2js for smaller file
parseCOAXml called for file: 652. N24J18.XML, content length: 10632
Starting parsing.. Size: 10657
Using xml2js for smaller file
parseCOAXml called for file: 652. N25I13.XML, content length: 10150
Starting parsing.. Size: 10175
Using xml2js for smaller file
parseCOAXml called for file: 653. AI070.XML, content length: 5545
Starting parsing.. Size: 5570
Using xml2js for smaller file
parseCOAXml called for file: 653. D24G25 HYPER-I EYE DROPS 10ML(SCI PREC LL).XML, content length: 16788
Starting parsing.. Size: 16815
Using xml2js for smaller file
parseCOAXml called for file: 653. N25G23.XML, content length: 18969
Starting parsing.. Size: 19002
Using xml2js for smaller file
parseCOAXml called for file: 653. PS25145.XML, content length: 7747
Starting parsing.. Size: 7772
Using xml2js for smaller file
parseCOAXml called for file: 654. 25AM09.XML, content length: 19605
Starting parsing.. Size: 19632
Using xml2js for smaller file
parseCOAXml called for file: 654. D24G25 HYPE-5 EYE DROPS 10ML(ANGOLA).XML, content length: 16757
Starting parsing.. Size: 16784
Using xml2js for smaller file
parseCOAXml called for file: 654. D24J17.XML, content length: 8729
Starting parsing.. Size: 8754
Using xml2js for smaller file
parseCOAXml called for file: 654. PS25146.XML, content length: 7747
Starting parsing.. Size: 7772
Using xml2js for smaller file
parseCOAXml called for file: 655. 5G05.XML, content length: 20741
Starting parsing.. Size: 20778
Using xml2js for smaller file
parseCOAXml called for file: 655. 5I09.XML, content length: 9858
Starting parsing.. Size: 9883
Using xml2js for smaller file
parseCOAXml called for file: 655. D24G25 HYPE-5 EYE DROPS 10ML.XML, content length: 16752
Starting parsing.. Size: 16779
Using xml2js for smaller file
parseCOAXml called for file: 655. I347.XML, content length: 7349
Starting parsing.. Size: 7374
Using xml2js for smaller file
parseCOAXml called for file: 656.  D25I25.XML, content length: 9514
Starting parsing.. Size: 9539
Using xml2js for smaller file
parseCOAXml called for file: 656. D24G26.XML, content length: 16118
Starting parsing.. Size: 16145
Using xml2js for smaller file
parseCOAXml called for file: 656. HI25G02.XML, content length: 14506
Starting parsing.. Size: 14533
Using xml2js for smaller file
parseCOAXml called for file: 656. N24J19.XML, content length: 8444
Starting parsing.. Size: 8469
Using xml2js for smaller file
parseCOAXml called for file: 657. 25AM10.XML, content length: 19605
Starting parsing.. Size: 19632
Using xml2js for smaller file
parseCOAXml called for file: 657. D24G27.XML, content length: 22880
Starting parsing.. Size: 22907
Using xml2js for smaller file
parseCOAXml called for file: 657. D24J18.XML, content length: 8729
Starting parsing.. Size: 8754
Using xml2js for smaller file
parseCOAXml called for file: 657. PS25147.XML, content length: 7747
Starting parsing.. Size: 7772
Using xml2js for smaller file
parseCOAXml called for file: 658. 5G06.XML, content length: 20743
Starting parsing.. Size: 20780
Using xml2js for smaller file
parseCOAXml called for file: 658. D24G28.XML, content length: 22878
Starting parsing.. Size: 22905
Using xml2js for smaller file
parseCOAXml called for file: 658. I348.XML, content length: 7350
Starting parsing.. Size: 7375
Using xml2js for smaller file
parseCOAXml called for file: 658. PS25148.XML, content length: 7747
Starting parsing.. Size: 7772
Using xml2js for smaller file
parseCOAXml called for file: 659. 5I10.XML, content length: 9846
Starting parsing.. Size: 9871
Using xml2js for smaller file
parseCOAXml called for file: 659. B5G01.XML, content length: 14485
Starting parsing.. Size: 14512
Using xml2js for smaller file
parseCOAXml called for file: 659. D24G29 SCICOOL EYE DROPS 10ML.XML, content length: 22886
Starting parsing.. Size: 22913
Using xml2js for smaller file
parseCOAXml called for file: 659. N24J20.XML, content length: 10834
Starting parsing.. Size: 10861
Using xml2js for smaller file
parseCOAXml called for file: 66. 4D01.XML, content length: 16522
Starting parsing.. Size: 16559
Using xml2js for smaller file
parseCOAXml called for file: 66. 5H02 copy.XML, content length: 17034
Starting parsing.. Size: 17069
Using xml2js for smaller file
parseCOAXml called for file: 66. 5H02.XML, content length: 7319
Starting parsing.. Size: 7344
Using xml2js for smaller file
parseCOAXml called for file: 66. 6A09.XML, content length: 8266
Starting parsing.. Size: 8291
Using xml2js for smaller file
parseCOAXml called for file: 66. B6C01_MAMMITEL-PNC 5GM PS.XML, content length: 14499
Starting parsing.. Size: 14526
Using xml2js for smaller file
parseCOAXml called for file: 66. D24D27.XML, content length: 8687
Starting parsing.. Size: 8712
Using xml2js for smaller file
parseCOAXml called for file: 66. I423.XML, content length: 19383
Starting parsing.. Size: 19410
Using xml2js for smaller file
parseCOAXml called for file: 66. N25D06.XML, content length: 8861
Starting parsing.. Size: 8886
Using xml2js for smaller file
parseCOAXml called for file: 660. 5I11.XML, content length: 9846
Starting parsing.. Size: 9871
Using xml2js for smaller file
parseCOAXml called for file: 660. B5G01 ps.XML, content length: 14499
Starting parsing.. Size: 14526
Using xml2js for smaller file
parseCOAXml called for file: 660. D24G29 FRINZY-PLUS EYE DROPS 10ML(ANGOLA).XML, content length: 22887
Starting parsing.. Size: 22914
Using xml2js for smaller file
parseCOAXml called for file: 660. PS24171.XML, content length: 7865
Starting parsing.. Size: 7890
Using xml2js for smaller file
parseCOAXml called for file: 661. 5G07.XML, content length: 20733
Starting parsing.. Size: 20770
Using xml2js for smaller file
parseCOAXml called for file: 661. D24G30.XML, content length: 18507
Starting parsing.. Size: 18534
Using xml2js for smaller file
parseCOAXml called for file: 661. D25I26.XML, content length: 9516
Starting parsing.. Size: 9541
Using xml2js for smaller file
parseCOAXml called for file: 661. PS24172.XML, content length: 7865
Starting parsing.. Size: 7890
Using xml2js for smaller file
parseCOAXml called for file: 662. 5G07.XML, content length: 20746
Starting parsing.. Size: 20783
Using xml2js for smaller file
parseCOAXml called for file: 662. D24G31 MOZYTOB EYE DROPS 5ML.XML, content length: 18620
Starting parsing.. Size: 18647
Using xml2js for smaller file
parseCOAXml called for file: 662. D24J19.XML, content length: 8729
Starting parsing.. Size: 8754
Using xml2js for smaller file
parseCOAXml called for file: 662. N25I14.XML, content length: 9715
Starting parsing.. Size: 9740
Using xml2js for smaller file
parseCOAXml called for file: 663. B5G02 ps.XML, content length: 13344
Starting parsing.. Size: 13371
Using xml2js for smaller file
parseCOAXml called for file: 663. D24G31 ZETAMOX-T EYE DROPS 5ML.XML, content length: 18627
Starting parsing.. Size: 18654
Using xml2js for smaller file
parseCOAXml called for file: 663. N24J21.XML, content length: 8475
Starting parsing.. Size: 8500
Using xml2js for smaller file
parseCOAXml called for file: 663. PS25149.XML, content length: 7747
Starting parsing.. Size: 7772
Using xml2js for smaller file
parseCOAXml called for file: 664. B5G02.XML, content length: 13340
Starting parsing.. Size: 13367
Using xml2js for smaller file
parseCOAXml called for file: 664. D24G31 SCIMOX-TB EYE DROPS 5ML.XML, content length: 18648
Starting parsing.. Size: 18675
Using xml2js for smaller file
parseCOAXml called for file: 664. PS25150.XML, content length: 7747
Starting parsing.. Size: 7772
Using xml2js for smaller file
parseCOAXml called for file: 665. D24G32.XML, content length: 19952
Starting parsing.. Size: 19987
Using xml2js for smaller file
parseCOAXml called for file: 665. D25I28.XML, content length: 9756
Starting parsing.. Size: 9781
Using xml2js for smaller file
parseCOAXml called for file: 665. N25G24.XML, content length: 19554
Starting parsing.. Size: 19581
Using xml2js for smaller file
parseCOAXml called for file: 665. PS24174.XML, content length: 7865
Starting parsing.. Size: 7890
Using xml2js for smaller file
parseCOAXml called for file: 666. 4J11.XML, content length: 7482
Starting parsing.. Size: 7507
Using xml2js for smaller file
parseCOAXml called for file: 666. D24G35.XML, content length: 19289
Starting parsing.. Size: 19316
Using xml2js for smaller file
parseCOAXml called for file: 666. D25I29.XML, content length: 9755
Starting parsing.. Size: 9780
Using xml2js for smaller file
parseCOAXml called for file: 666. N25G25.XML, content length: 19628
Starting parsing.. Size: 19655
Using xml2js for smaller file
parseCOAXml called for file: 667. D24G36 SCIFRESH EYE DROPS 10ML.XML, content length: 19299
Starting parsing.. Size: 19326
Using xml2js for smaller file
parseCOAXml called for file: 667. D24J20.XML, content length: 8656
Starting parsing.. Size: 8681
Using xml2js for smaller file
parseCOAXml called for file: 667. I405.XML, content length: 7343
Starting parsing.. Size: 7368
Using xml2js for smaller file
parseCOAXml called for file: 667. N25G25.XML, content length: 20788
Starting parsing.. Size: 20815
Using xml2js for smaller file
parseCOAXml called for file: 668. AI075.XML, content length: 15765
Starting parsing.. Size: 15792
Using xml2js for smaller file
parseCOAXml called for file: 668. D24G36 OPTIFRRESH ED 10ML(UGANDA).XML, content length: 19290
Starting parsing.. Size: 19317
Using xml2js for smaller file
parseCOAXml called for file: 668. D24J21.XML, content length: 8681
Starting parsing.. Size: 8706
Using xml2js for smaller file
parseCOAXml called for file: 668. N25I15.XML, content length: 8698
Starting parsing.. Size: 8723
Using xml2js for smaller file
parseCOAXml called for file: 669. D24G37 BIOQFRESH EYE DROPS 10ML.XML, content length: 19282
Starting parsing.. Size: 19309
Using xml2js for smaller file
parseCOAXml called for file: 669. N24J22.XML, content length: 8737
Starting parsing.. Size: 8762
Using xml2js for smaller file
parseCOAXml called for file: 669. N25G26.XML, content length: 19433
Starting parsing.. Size: 19466
Using xml2js for smaller file
parseCOAXml called for file: 669. N25I16.XML, content length: 8665
Starting parsing.. Size: 8690
Using xml2js for smaller file
parseCOAXml called for file: 67. 4D01 io limus rwanda.XML, content length: 16537
Starting parsing.. Size: 16574
Using xml2js for smaller file
parseCOAXml called for file: 67. B6C01_MAMMITEL-PNC 5GM.XML, content length: 14488
Starting parsing.. Size: 14515
Using xml2js for smaller file
parseCOAXml called for file: 67. D25H05 copy.XML, content length: 19281
Starting parsing.. Size: 19308
Using xml2js for smaller file
parseCOAXml called for file: 67. D25H05.xml, content length: 8503
Starting parsing.. Size: 8528
Using xml2js for smaller file
parseCOAXml called for file: 67. D26A17.XML, content length: 9636
Starting parsing.. Size: 9661
Using xml2js for smaller file
parseCOAXml called for file: 67. I330.XML, content length: 7347
Starting parsing.. Size: 7372
Using xml2js for smaller file
parseCOAXml called for file: 67. N25D07.XML, content length: 10153
Starting parsing.. Size: 10178
Using xml2js for smaller file
parseCOAXml called for file: 67. N25L24.XML, content length: 38721
Starting parsing.. Size: 38748
Using xml2js for smaller file
parseCOAXml called for file: 670. 5G08.XML, content length: 19320
Starting parsing.. Size: 19357
Using xml2js for smaller file
parseCOAXml called for file: 670. D24G37 EYEVID EYE DROPS 10ML.XML, content length: 19271
Starting parsing.. Size: 19298
Using xml2js for smaller file
parseCOAXml called for file: 670. N24J23.XML, content length: 8452
Starting parsing.. Size: 8477
Using xml2js for smaller file
parseCOAXml called for file: 670. PS25151.XML, content length: 7747
Starting parsing.. Size: 7772
Using xml2js for smaller file
parseCOAXml called for file: 671. D24G37 RICHARGE EYE DROPS 10ML.XML, content length: 19274
Starting parsing.. Size: 19301
Using xml2js for smaller file
parseCOAXml called for file: 671. D25G30.XML, content length: 17309
Starting parsing.. Size: 17336
Using xml2js for smaller file
parseCOAXml called for file: 671. PS24175.XML, content length: 7865
Starting parsing.. Size: 7890
Using xml2js for smaller file
parseCOAXml called for file: 671. PS25152.XML, content length: 7747
Starting parsing.. Size: 7772
Using xml2js for smaller file
parseCOAXml called for file: 672. D24G38 GENLUBE GEL EYE DROPS 10ML.XML, content length: 17788
Starting parsing.. Size: 17815
Using xml2js for smaller file
parseCOAXml called for file: 672. D24J22.XML, content length: 9804
Starting parsing.. Size: 9829
Using xml2js for smaller file
parseCOAXml called for file: 672. D25G30.XML, content length: 17333
Starting parsing.. Size: 17360
Using xml2js for smaller file
parseCOAXml called for file: 672. D25I30.XML, content length: 8651
Starting parsing.. Size: 8676
Using xml2js for smaller file
parseCOAXml called for file: 673. 4J12.XML, content length: 7509
Starting parsing.. Size: 7534
Using xml2js for smaller file
parseCOAXml called for file: 673. D24G38 BIOQFRESH GEL EYE DROPS 10ML.XML, content length: 17798
Starting parsing.. Size: 17825
Using xml2js for smaller file
parseCOAXml called for file: 673. D25G30.XML, content length: 17310
Starting parsing.. Size: 17337
Using xml2js for smaller file
parseCOAXml called for file: 673. I406.XML, content length: 7346
Starting parsing.. Size: 7371
Using xml2js for smaller file
parseCOAXml called for file: 674. D24G38 RICHARGE GEL EYE DROPS 10ML.XML, content length: 17789
Starting parsing.. Size: 17816
Using xml2js for smaller file
parseCOAXml called for file: 674. D24J23.XML, content length: 8713
Starting parsing.. Size: 8738
Using xml2js for smaller file
parseCOAXml called for file: 674. L1825009.XML, content length: 12541
Starting parsing.. Size: 12568
Using xml2js for smaller file
parseCOAXml called for file: 674. PS25153.XML, content length: 7747
Starting parsing.. Size: 7772
Using xml2js for smaller file
parseCOAXml called for file: 675. D24G39.XML, content length: 16758
Starting parsing.. Size: 16785
Using xml2js for smaller file
parseCOAXml called for file: 675. D24J24.XML, content length: 8464
Starting parsing.. Size: 8489
Using xml2js for smaller file
parseCOAXml called for file: 675. N25G27.XML, content length: 19433
Starting parsing.. Size: 19466
Using xml2js for smaller file
parseCOAXml called for file: 675. PS25154.XML, content length: 7747
Starting parsing.. Size: 7772
Using xml2js for smaller file
parseCOAXml called for file: 676. 5I12.XML, content length: 7496
Starting parsing.. Size: 7521
Using xml2js for smaller file
parseCOAXml called for file: 676. D24G40.XML, content length: 17997
Starting parsing.. Size: 18024
Using xml2js for smaller file
parseCOAXml called for file: 676. N24J24.XML, content length: 9500
Starting parsing.. Size: 9525
Using xml2js for smaller file
parseCOAXml called for file: 676. N25G28.XML, content length: 19443
Starting parsing.. Size: 19476
Using xml2js for smaller file
parseCOAXml called for file: 677. 5G09.XML, content length: 19670
Starting parsing.. Size: 19697
Using xml2js for smaller file
parseCOAXml called for file: 677. D24H01.XML, content length: 18326
Starting parsing.. Size: 18353
Using xml2js for smaller file
parseCOAXml called for file: 677. D25I31.XML, content length: 8723
Starting parsing.. Size: 8748
Using xml2js for smaller file
parseCOAXml called for file: 677. N24J25.XML, content length: 9500
Starting parsing.. Size: 9525
Using xml2js for smaller file
parseCOAXml called for file: 678. D24H02 SCIMOX-DX EYE DROPS 5ML.XML, content length: 18769
Starting parsing.. Size: 18796
Using xml2js for smaller file
parseCOAXml called for file: 678. D24J25.XML, content length: 9719
Starting parsing.. Size: 9744
Using xml2js for smaller file
parseCOAXml called for file: 678. D25G31.XML, content length: 18322
Starting parsing.. Size: 18349
Using xml2js for smaller file
parseCOAXml called for file: 678. D25I32.XML, content length: 11541
Starting parsing.. Size: 11566
Using xml2js for smaller file
parseCOAXml called for file: 679. D24H02 MOXIBLIZZ-D EYE DROPS 5ML.XML, content length: 18754
Starting parsing.. Size: 18781
Using xml2js for smaller file
parseCOAXml called for file: 679. D25G31.XML, content length: 18322
Starting parsing.. Size: 18349
Using xml2js for smaller file
  ...5750 COA files processed (created 5735)
parseCOAXml called for file: 679. IS0015I.XML, content length: 11494
Starting parsing.. Size: 11521
Using xml2js for smaller file
parseCOAXml called for file: 679. N24J26.XML, content length: 9644
Starting parsing.. Size: 9669
Using xml2js for smaller file
parseCOAXml called for file: 68. 4D02.XML, content length: 21235
Starting parsing.. Size: 21272
Using xml2js for smaller file
parseCOAXml called for file: 68. 5D04.XML, content length: 7372
Starting parsing.. Size: 7397
Using xml2js for smaller file
parseCOAXml called for file: 68. B6C02.XML, content length: 13341
Starting parsing.. Size: 13368
Using xml2js for smaller file
parseCOAXml called for file: 68. D25H08 copy.XML, content length: 14701
Starting parsing.. Size: 14728
Using xml2js for smaller file
parseCOAXml called for file: 68. D25H08.XML, content length: 8515
Starting parsing.. Size: 8540
Using xml2js for smaller file
parseCOAXml called for file: 68. N26A11.XML, content length: 8421
Starting parsing.. Size: 8446
Using xml2js for smaller file
parseCOAXml called for file: 68. PS24064.XML, content length: 7865
Starting parsing.. Size: 7890
Using xml2js for smaller file
parseCOAXml called for file: 68. PS25213.XML, content length: 17766
Starting parsing.. Size: 17793
Using xml2js for smaller file
parseCOAXml called for file: 680. CMA134.XML, content length: 9398
Starting parsing.. Size: 9423
Using xml2js for smaller file
parseCOAXml called for file: 680. D24H02 VALMOX - DX EYE DROPS 10ML.XML, content length: 18766
Starting parsing.. Size: 18793
Using xml2js for smaller file
parseCOAXml called for file: 680. D25G31.XML, content length: 18351
Starting parsing.. Size: 18378
Using xml2js for smaller file
parseCOAXml called for file: 680. L1825018.XML, content length: 5498
Starting parsing.. Size: 5523
Using xml2js for smaller file
parseCOAXml called for file: 681. D24H03 DTCURE EYE DROPS 5ML.XML, content length: 22571
Starting parsing.. Size: 22598
Using xml2js for smaller file
parseCOAXml called for file: 681. D24J27.XML, content length: 8688
Starting parsing.. Size: 8713
Using xml2js for smaller file
parseCOAXml called for file: 681. D25I33.XML, content length: 9899
Starting parsing.. Size: 9924
Using xml2js for smaller file
parseCOAXml called for file: 681. L1825010.XML, content length: 12540
Starting parsing.. Size: 12567
Using xml2js for smaller file
parseCOAXml called for file: 682. D24H03 DORTAS-T EYE DROPS 5ML.XML, content length: 22585
Starting parsing.. Size: 22612
Using xml2js for smaller file
parseCOAXml called for file: 682. D24J28.XML, content length: 8855
Starting parsing.. Size: 8880
Using xml2js for smaller file
parseCOAXml called for file: 682. D25I34.XML, content length: 8727
Starting parsing.. Size: 8752
Using xml2js for smaller file
parseCOAXml called for file: 682. N25G29.XML, content length: 21797
Starting parsing.. Size: 21824
Using xml2js for smaller file
parseCOAXml called for file: 683. D24H06 TRAVIN EYE DROPS 3ML (BKCFREE).XML, content length: 33006
Starting parsing.. Size: 33033
Using xml2js for smaller file
parseCOAXml called for file: 683. HI24J03.XML, content length: 5576
Starting parsing.. Size: 5601
Using xml2js for smaller file
parseCOAXml called for file: 683. I407.XML, content length: 8318
Starting parsing.. Size: 8343
Using xml2js for smaller file
parseCOAXml called for file: 683. N25G30.XML, content length: 21243
Starting parsing.. Size: 21278
Using xml2js for smaller file
parseCOAXml called for file: 684. 5G10.XML, content length: 16010
Starting parsing.. Size: 16047
Using xml2js for smaller file
parseCOAXml called for file: 684. D24H06 TRAVASCI EYE DROPS 3ML.XML, content length: 17279
Starting parsing.. Size: 17306
Using xml2js for smaller file
parseCOAXml called for file: 684. L1825019.XML, content length: 5441
Starting parsing.. Size: 5466
Using xml2js for smaller file
parseCOAXml called for file: 684. N24J27.XML, content length: 9644
Starting parsing.. Size: 9669
Using xml2js for smaller file
parseCOAXml called for file: 685. CMA135.XML, content length: 9408
Starting parsing.. Size: 9433
Using xml2js for smaller file
parseCOAXml called for file: 685. D24H06 TRAVOPROST ED IP (GMSCL).XML, content length: 17290
Starting parsing.. Size: 17317
Using xml2js for smaller file
parseCOAXml called for file: 685. L1825011.XML, content length: 12553
Starting parsing.. Size: 12580
Using xml2js for smaller file
parseCOAXml called for file: 685. N25I17.XML, content length: 8679
Starting parsing.. Size: 8704
Using xml2js for smaller file
parseCOAXml called for file: 686. D24H07 MOXICON - KT EYE DROPS 5ML (UGANDA).XML, content length: 18612
Starting parsing.. Size: 18639
Using xml2js for smaller file
parseCOAXml called for file: 686. D24J29.XML, content length: 10780
Starting parsing.. Size: 10807
Using xml2js for smaller file
parseCOAXml called for file: 686. D25I35.XML, content length: 8712
Starting parsing.. Size: 8737
Using xml2js for smaller file
parseCOAXml called for file: 686. N25G31.XML, content length: 19651
Starting parsing.. Size: 19678
Using xml2js for smaller file
parseCOAXml called for file: 687. D24H07 MOXICON - KT EYE DROPS 5ML.XML, content length: 18607
Starting parsing.. Size: 18634
Using xml2js for smaller file
parseCOAXml called for file: 687. D24J30.XML, content length: 8444
Starting parsing.. Size: 8469
Using xml2js for smaller file
parseCOAXml called for file: 687. D25I36.XML, content length: 8651
Starting parsing.. Size: 8676
Using xml2js for smaller file
parseCOAXml called for file: 687. N25G31.XML, content length: 19625
Starting parsing.. Size: 19652
Using xml2js for smaller file
parseCOAXml called for file: 688. D24H08.XML, content length: 34129
Starting parsing.. Size: 34156
Using xml2js for smaller file
parseCOAXml called for file: 688. HI24J04.XML, content length: 5581
Starting parsing.. Size: 5606
Using xml2js for smaller file
parseCOAXml called for file: 688. L1825020.XML, content length: 5444
Starting parsing.. Size: 5469
Using xml2js for smaller file
parseCOAXml called for file: 688. N25G31.XML, content length: 19615
Starting parsing.. Size: 19642
Using xml2js for smaller file
parseCOAXml called for file: 689. 25AM11.XML, content length: 17050
Starting parsing.. Size: 17077
Using xml2js for smaller file
parseCOAXml called for file: 689. D24H09 VARAMOX LP EYE DROPS 5ML.XML, content length: 23328
Starting parsing.. Size: 23361
Using xml2js for smaller file
parseCOAXml called for file: 689. N24J28.XML, content length: 8449
Starting parsing.. Size: 8474
Using xml2js for smaller file
parseCOAXml called for file: 689. N25I18.XML, content length: 8471
Starting parsing.. Size: 8496
Using xml2js for smaller file
parseCOAXml called for file: 69. 4D03.XML, content length: 21165
Starting parsing.. Size: 21202
Using xml2js for smaller file
parseCOAXml called for file: 69. B6C03_MAMMITAS 3.5 GM.XML, content length: 13345
Starting parsing.. Size: 13372
Using xml2js for smaller file
parseCOAXml called for file: 69. D25D06.XML, content length: 9514
Starting parsing.. Size: 9539
Using xml2js for smaller file
parseCOAXml called for file: 69. D25H09 copy.XML, content length: 14698
Starting parsing.. Size: 14725
Using xml2js for smaller file
parseCOAXml called for file: 69. D25H09.XML, content length: 8512
Starting parsing.. Size: 8537
Using xml2js for smaller file
parseCOAXml called for file: 69. N26A12.XML, content length: 8405
Starting parsing.. Size: 8430
Using xml2js for smaller file
parseCOAXml called for file: 69. PS24065.XML, content length: 7865
Starting parsing.. Size: 7890
Using xml2js for smaller file
parseCOAXml called for file: 69. PS25214.XML, content length: 17766
Starting parsing.. Size: 17793
Using xml2js for smaller file
parseCOAXml called for file: 690. CMA136.XML, content length: 9408
Starting parsing.. Size: 9433
Using xml2js for smaller file
parseCOAXml called for file: 690. D24H09 GENFOUR-LP EYE DROPS 5ML.XML, content length: 23335
Starting parsing.. Size: 23368
Using xml2js for smaller file
parseCOAXml called for file: 690. D25G32.XML, content length: 19597
Starting parsing.. Size: 19630
Using xml2js for smaller file
parseCOAXml called for file: 690. GP169.XML, content length: 8717
Starting parsing.. Size: 8742
Using xml2js for smaller file
parseCOAXml called for file: 691. 5I13.XML, content length: 7339
Starting parsing.. Size: 7364
Using xml2js for smaller file
parseCOAXml called for file: 691. CMA137.XML, content length: 9408
Starting parsing.. Size: 9433
Using xml2js for smaller file
parseCOAXml called for file: 691. D24H09 VALMOX-LP EYE DROPS 5ML.XML, content length: 23320
Starting parsing.. Size: 23353
Using xml2js for smaller file
parseCOAXml called for file: 691. D25G33.XML, content length: 19598
Starting parsing.. Size: 19631
Using xml2js for smaller file
parseCOAXml called for file: 692. D24H10 MOXIBLIZZ LP EYE DROPS 5ML.XML, content length: 23335
Starting parsing.. Size: 23368
Using xml2js for smaller file
parseCOAXml called for file: 692. D24J31.XML, content length: 8813
Starting parsing.. Size: 8838
Using xml2js for smaller file
parseCOAXml called for file: 692. D25G33.XML, content length: 19573
Starting parsing.. Size: 19606
Using xml2js for smaller file
parseCOAXml called for file: 692. D25I37.XML, content length: 8651
Starting parsing.. Size: 8676
Using xml2js for smaller file
parseCOAXml called for file: 693. D24H10 MOXIWAVE LP EYE ED 5ML (NEXTWAVE).XML, content length: 23341
Starting parsing.. Size: 23374
Using xml2js for smaller file
parseCOAXml called for file: 693. D24J32.XML, content length: 9773
Starting parsing.. Size: 9798
Using xml2js for smaller file
parseCOAXml called for file: 693. N25G32.XML, content length: 20947
Starting parsing.. Size: 20980
Using xml2js for smaller file
parseCOAXml called for file: 693. N25I19.XML, content length: 8469
Starting parsing.. Size: 8494
Using xml2js for smaller file
parseCOAXml called for file: 694. D24H10 ZETAMOX-L EYE DROPS 5ML.XML, content length: 23319
Starting parsing.. Size: 23352
Using xml2js for smaller file
parseCOAXml called for file: 694. D25H02.XML, content length: 15825
Starting parsing.. Size: 15852
Using xml2js for smaller file
parseCOAXml called for file: 694. N24J29.XML, content length: 8449
Starting parsing.. Size: 8474
Using xml2js for smaller file
parseCOAXml called for file: 694. N25I20.XML, content length: 8734
Starting parsing.. Size: 8759
Using xml2js for smaller file
parseCOAXml called for file: 695. D24H10 MOXICON-LP EYE DROPS 5ML(ANGOLA).XML, content length: 23338
Starting parsing.. Size: 23371
Using xml2js for smaller file
parseCOAXml called for file: 695. D25I38.XML, content length: 8434
Starting parsing.. Size: 8459
Using xml2js for smaller file
parseCOAXml called for file: 695. N25H01.XML, content length: 22104
Starting parsing.. Size: 22131
Using xml2js for smaller file
parseCOAXml called for file: 695. UC24009.XML, content length: 6551
Starting parsing.. Size: 6576
Using xml2js for smaller file
parseCOAXml called for file: 696. 5H01.XML, content length: 17034
Starting parsing.. Size: 17061
Using xml2js for smaller file
parseCOAXml called for file: 696. CMA138.XML, content length: 9408
Starting parsing.. Size: 9433
Using xml2js for smaller file
parseCOAXml called for file: 696. D24H10 MOXIROOT-LP EYE DROPS 5ML.XML, content length: 23331
Starting parsing.. Size: 23364
Using xml2js for smaller file
parseCOAXml called for file: 696. HI25I03.XML, content length: 5725
Starting parsing.. Size: 5750
Using xml2js for smaller file
parseCOAXml called for file: 697. 5H01.XML, content length: 17057
Starting parsing.. Size: 17084
Using xml2js for smaller file
parseCOAXml called for file: 697. CMA139.XML, content length: 9408
Starting parsing.. Size: 9433
Using xml2js for smaller file
parseCOAXml called for file: 697. D24H11 MOXICON-PD EYE DROPS 5ML(UGANDA).XML, content length: 20005
Starting parsing.. Size: 20040
Using xml2js for smaller file
parseCOAXml called for file: 697. N25I21.XML, content length: 8636
Starting parsing.. Size: 8661
Using xml2js for smaller file
parseCOAXml called for file: 698. 5I15.XML, content length: 7505
Starting parsing.. Size: 7530
Using xml2js for smaller file
parseCOAXml called for file: 698. D24H11 MOXICON-PD EYE DROPS 5ML.XML, content length: 19998
Starting parsing.. Size: 20033
Using xml2js for smaller file
parseCOAXml called for file: 698. D24J33.XML, content length: 8605
Starting parsing.. Size: 8630
Using xml2js for smaller file
parseCOAXml called for file: 698. D25H03.XML, content length: 19405
Starting parsing.. Size: 19432
Using xml2js for smaller file
parseCOAXml called for file: 699. B5I02.XML, content length: 5723
Starting parsing.. Size: 5748
Using xml2js for smaller file
parseCOAXml called for file: 699. D24H12.XML, content length: 18388
Starting parsing.. Size: 18415
Using xml2js for smaller file
parseCOAXml called for file: 699. D24J34.XML, content length: 8433
Starting parsing.. Size: 8458
Using xml2js for smaller file
parseCOAXml called for file: 699. N25H02.XML, content length: 18516
Starting parsing.. Size: 18543
Using xml2js for smaller file
parseCOAXml called for file: 7.  N25L14.XML, content length: 9476
Starting parsing.. Size: 9501
Using xml2js for smaller file
parseCOAXml called for file: 7. 24AM07.XML, content length: 18645
Starting parsing.. Size: 18682
Using xml2js for smaller file
parseCOAXml called for file: 7. 26AM07.XML, content length: 15946
Starting parsing.. Size: 15973
Using xml2js for smaller file
parseCOAXml called for file: 7. D25L18.XML, content length: 8437
Starting parsing.. Size: 8462
Using xml2js for smaller file
parseCOAXml called for file: 7. N25L14.XML, content length: 18162
Starting parsing.. Size: 18189
Using xml2js for smaller file
parseCOAXml called for file: 7. N25L27.XML, content length: 19483
Starting parsing.. Size: 19516
Using xml2js for smaller file
parseCOAXml called for file: 7. PS24053.XML, content length: 7866
Starting parsing.. Size: 7891
Using xml2js for smaller file
parseCOAXml called for file: 7. PS25207.XML, content length: 17766
Starting parsing.. Size: 17793
Using xml2js for smaller file
parseCOAXml called for file: 7. PS25216.XML, content length: 7748
Starting parsing.. Size: 7773
Using xml2js for smaller file
parseCOAXml called for file: 7. PS26043.XML, content length: 7747
Starting parsing.. Size: 7772
Using xml2js for smaller file
parseCOAXml called for file: 70. 4D03 visomer p.XML, content length: 21170
Starting parsing.. Size: 21207
Using xml2js for smaller file
parseCOAXml called for file: 70. 5D05.XML, content length: 8574
Starting parsing.. Size: 8599
Using xml2js for smaller file
parseCOAXml called for file: 70. 5L12.XML, content length: 19687
Starting parsing.. Size: 19714
Using xml2js for smaller file
parseCOAXml called for file: 70. B6C03_MAMMITAS 3.5 GM P.S..XML, content length: 13340
Starting parsing.. Size: 13367
Using xml2js for smaller file
parseCOAXml called for file: 70. D24D28.XML, content length: 8733
Starting parsing.. Size: 8758
Using xml2js for smaller file
parseCOAXml called for file: 70. D25H15.XML, content length: 8340
Starting parsing.. Size: 8365
Using xml2js for smaller file
parseCOAXml called for file: 70. D25H153.XML, content length: 13495
Starting parsing.. Size: 13522
Using xml2js for smaller file
parseCOAXml called for file: 70. UC26001.XML, content length: 6589
Starting parsing.. Size: 6614
Using xml2js for smaller file
parseCOAXml called for file: 700. D24H13 MOXICON EYE DROPS 5ML.XML, content length: 34147
Starting parsing.. Size: 34174
Using xml2js for smaller file
parseCOAXml called for file: 700. D25I39.XML, content length: 8455
Starting parsing.. Size: 8480
Using xml2js for smaller file
parseCOAXml called for file: 700. N24J30.XML, content length: 8448
Starting parsing.. Size: 8473
Using xml2js for smaller file
parseCOAXml called for file: 700. N25H02.XML, content length: 18550
Starting parsing.. Size: 18577
Using xml2js for smaller file
parseCOAXml called for file: 701. D24H13 MOXMAZE EYE DROPS 5ML.XML, content length: 17528
Starting parsing.. Size: 17555
Using xml2js for smaller file
parseCOAXml called for file: 701. D25H04.XML, content length: 18219
Starting parsing.. Size: 18246
Using xml2js for smaller file
parseCOAXml called for file: 701. D25I40.XML, content length: 9861
Starting parsing.. Size: 9886
Using xml2js for smaller file
parseCOAXml called for file: 701. PS24176.XML, content length: 7865
Starting parsing.. Size: 7890
Using xml2js for smaller file
parseCOAXml called for file: 702. D24H13 VITROMAX 10ML (NIGERIA).XML, content length: 20476
Starting parsing.. Size: 20503
Using xml2js for smaller file
parseCOAXml called for file: 702. I349.XML, content length: 7348
Starting parsing.. Size: 7373
Using xml2js for smaller file
parseCOAXml called for file: 702. N25I23.XML, content length: 8633
Starting parsing.. Size: 8658
Using xml2js for smaller file
parseCOAXml called for file: 702. PS25115.XML, content length: 17767
Starting parsing.. Size: 17794
Using xml2js for smaller file
parseCOAXml called for file: 703. B5I03.XML, content length: 5581
Starting parsing.. Size: 5606
Using xml2js for smaller file
parseCOAXml called for file: 703. D24H14 MOFLOXADEX EYE DROPS 10ML(NIGERIA).XML, content length: 18726
Starting parsing.. Size: 18753
Using xml2js for smaller file
parseCOAXml called for file: 703. D25H06.XML, content length: 19337
Starting parsing.. Size: 19364
Using xml2js for smaller file
parseCOAXml called for file: 703. N24J31.XML, content length: 8410
Starting parsing.. Size: 8435
Using xml2js for smaller file
parseCOAXml called for file: 704. D24H14 MOXICON-DX EYE DROPS 5ML (OLYMPEA).XML, content length: 18718
Starting parsing.. Size: 18745
Using xml2js for smaller file
parseCOAXml called for file: 704. D25H06.XML, content length: 19350
Starting parsing.. Size: 19377
Using xml2js for smaller file
parseCOAXml called for file: 704. D25I41.XML, content length: 8415
Starting parsing.. Size: 8440
Using xml2js for smaller file
parseCOAXml called for file: 704. PS24177.XML, content length: 7865
Starting parsing.. Size: 7890
Using xml2js for smaller file
parseCOAXml called for file: 705. D24H15.XML, content length: 17919
Starting parsing.. Size: 17946
Using xml2js for smaller file
parseCOAXml called for file: 705. D25I42.XML, content length: 8724
Starting parsing.. Size: 8749
Using xml2js for smaller file
parseCOAXml called for file: 705. N25H03.XML, content length: 18180
Starting parsing.. Size: 18207
Using xml2js for smaller file
parseCOAXml called for file: 705. PS24178.XML, content length: 7865
Starting parsing.. Size: 7890
Using xml2js for smaller file
parseCOAXml called for file: 706. D24H16.XML, content length: 17919
Starting parsing.. Size: 17946
Using xml2js for smaller file
parseCOAXml called for file: 706. I408.XML, content length: 7324
Starting parsing.. Size: 7349
Using xml2js for smaller file
parseCOAXml called for file: 706. N25H03.XML, content length: 18187
Starting parsing.. Size: 18214
Using xml2js for smaller file
parseCOAXml called for file: 706. RI503.XML, content length: 8488
Starting parsing.. Size: 8513
Using xml2js for smaller file
parseCOAXml called for file: 707. D24H17.XML, content length: 17919
Starting parsing.. Size: 17946
Using xml2js for smaller file
parseCOAXml called for file: 707. I350.XML, content length: 7349
Starting parsing.. Size: 7374
Using xml2js for smaller file
parseCOAXml called for file: 707. N25I24.XML, content length: 8633
Starting parsing.. Size: 8658
Using xml2js for smaller file
parseCOAXml called for file: 707. PS25116.XML, content length: 17767
Starting parsing.. Size: 17794
Using xml2js for smaller file
parseCOAXml called for file: 708. 5H03.XML, content length: 17306
Starting parsing.. Size: 17343
Using xml2js for smaller file
parseCOAXml called for file: 708. D24H18.XML, content length: 17919
Starting parsing.. Size: 17946
Using xml2js for smaller file
parseCOAXml called for file: 708. N24J32.XML, content length: 8410
Starting parsing.. Size: 8435
Using xml2js for smaller file
parseCOAXml called for file: 708. N25I25.XML, content length: 8631
Starting parsing.. Size: 8656
Using xml2js for smaller file
parseCOAXml called for file: 709. D24H19 NAPHACARE ED 10ML(INDIANA OPH LLP).XML, content length: 18510
Starting parsing.. Size: 18537
Using xml2js for smaller file
parseCOAXml called for file: 709. D25H07.XML, content length: 19339
Starting parsing.. Size: 19366
Using xml2js for smaller file
parseCOAXml called for file: 709. D25I44.XML, content length: 8843
Starting parsing.. Size: 8868
Using xml2js for smaller file
parseCOAXml called for file: 709. PS24179.XML, content length: 7865
Starting parsing.. Size: 7890
Using xml2js for smaller file
parseCOAXml called for file: 71. 4D04.XML, content length: 19314
Starting parsing.. Size: 19351
Using xml2js for smaller file
parseCOAXml called for file: 71. 6A10.XML, content length: 7340
Starting parsing.. Size: 7365
Using xml2js for smaller file
parseCOAXml called for file: 71. AI076 copy.XML, content length: 12017
Starting parsing.. Size: 12044
Using xml2js for smaller file
parseCOAXml called for file: 71. AI076.XML, content length: 5522
Starting parsing.. Size: 5547
Using xml2js for smaller file
parseCOAXml called for file: 71. D24D29.XML, content length: 10834
Starting parsing.. Size: 10861
Using xml2js for smaller file
parseCOAXml called for file: 71. D25D07.XML, content length: 9515
Starting parsing.. Size: 9540
Using xml2js for smaller file
parseCOAXml called for file: 71. N25L25.XML, content length: 38719
Starting parsing.. Size: 38746
Using xml2js for smaller file
parseCOAXml called for file: 710. D24H19 NFM PLUS EYE DROPS 10ML.XML, content length: 18499
Starting parsing.. Size: 18526
Using xml2js for smaller file
parseCOAXml called for file: 710. D25H07.XML, content length: 19334
Starting parsing.. Size: 19361
Using xml2js for smaller file
parseCOAXml called for file: 710. I409.XML, content length: 7324
Starting parsing.. Size: 7349
Using xml2js for smaller file
parseCOAXml called for file: 710. RI504.XML, content length: 8489
Starting parsing.. Size: 8514
Using xml2js for smaller file
parseCOAXml called for file: 711. 24AM16.XML, content length: 9850
Starting parsing.. Size: 9875
Using xml2js for smaller file
parseCOAXml called for file: 711. D24H20 TEEMOL ED10ML(VIETNAM PV HEAL).XML, content length: 14986
Starting parsing.. Size: 15013
Using xml2js for smaller file
parseCOAXml called for file: 711. N25H04.XML, content length: 22881
Starting parsing.. Size: 22914
Using xml2js for smaller file
parseCOAXml called for file: 711. N25I26.XML, content length: 10817
Starting parsing.. Size: 10844
Using xml2js for smaller file
parseCOAXml called for file: 712. D24H20 TEEMOL EYE DROPS 10ML.XML, content length: 28657
Starting parsing.. Size: 28684
Using xml2js for smaller file
parseCOAXml called for file: 712. N25H04.XML, content length: 22918
Starting parsing.. Size: 22951
Using xml2js for smaller file
parseCOAXml called for file: 712. PS24180.XML, content length: 7865
Starting parsing.. Size: 7890
Using xml2js for smaller file
parseCOAXml called for file: 712. PZ25004.XML, content length: 7756
Starting parsing.. Size: 7781
Using xml2js for smaller file
parseCOAXml called for file: 713. D24H21.XML, content length: 19289
Starting parsing.. Size: 19316
Using xml2js for smaller file
parseCOAXml called for file: 713. D25I45.XML, content length: 8710
Starting parsing.. Size: 8735
Using xml2js for smaller file
parseCOAXml called for file: 713. N25H04.XML, content length: 22937
Starting parsing.. Size: 22970
Using xml2js for smaller file
parseCOAXml called for file: 713. RI505.XML, content length: 8485
Starting parsing.. Size: 8510
Using xml2js for smaller file
parseCOAXml called for file: 714. 4J14.XML, content length: 7325
Starting parsing.. Size: 7350
Using xml2js for smaller file
parseCOAXml called for file: 714. D24H22 INNOLASH 4ML(EYEBROWS SERUM)ROMANIA.XML, content length: 16145
Starting parsing.. Size: 16172
Using xml2js for smaller file
parseCOAXml called for file: 714. D25I46.XML, content length: 8601
Starting parsing.. Size: 8626
Using xml2js for smaller file
parseCOAXml called for file: 714. N25H04.XML, content length: 22930
Starting parsing.. Size: 22963
Using xml2js for smaller file
parseCOAXml called for file: 715. D24H22 INNOLASH 4ML(EYELASH SERUM)ROMANIA.XML, content length: 16109
Starting parsing.. Size: 16136
Using xml2js for smaller file
parseCOAXml called for file: 715. D24J35.XML, content length: 9861
Starting parsing.. Size: 9886
Using xml2js for smaller file
parseCOAXml called for file: 715. I410.XML, content length: 7268
Starting parsing.. Size: 7293
Using xml2js for smaller file
parseCOAXml called for file: 715. N25H04.XML, content length: 22922
Starting parsing.. Size: 22955
Using xml2js for smaller file
parseCOAXml called for file: 716. D24H23.XML, content length: 31408
Starting parsing.. Size: 31435
Using xml2js for smaller file
parseCOAXml called for file: 716. D24J36.XML, content length: 8623
Starting parsing.. Size: 8648
Using xml2js for smaller file
parseCOAXml called for file: 716. N25I27.XML, content length: 9697
Starting parsing.. Size: 9722
Using xml2js for smaller file
parseCOAXml called for file: 716. PS25117.XML, content length: 17769
Starting parsing.. Size: 17796
Using xml2js for smaller file
parseCOAXml called for file: 717. D24H24.XML, content length: 15921
Starting parsing.. Size: 15948
Using xml2js for smaller file
parseCOAXml called for file: 717. N24J33.XML, content length: 8585
Starting parsing.. Size: 8610
Using xml2js for smaller file
parseCOAXml called for file: 717. N25I28.XML, content length: 9705
Starting parsing.. Size: 9730
Using xml2js for smaller file
parseCOAXml called for file: 717. PS25118.XML, content length: 17767
Starting parsing.. Size: 17794
Using xml2js for smaller file
parseCOAXml called for file: 718. D24H25.XML, content length: 15925
Starting parsing.. Size: 15952
Using xml2js for smaller file
parseCOAXml called for file: 718. D25H10.XML, content length: 18018
Starting parsing.. Size: 18045
Using xml2js for smaller file
parseCOAXml called for file: 718. PS24181.XML, content length: 7865
Starting parsing.. Size: 7890
Using xml2js for smaller file
parseCOAXml called for file: 718. PS25155.XML, content length: 7747
Starting parsing.. Size: 7772
Using xml2js for smaller file
parseCOAXml called for file: 719. D24H26 MOXIBLIZZ EYE DROPS 5ML.XML, content length: 17544
Starting parsing.. Size: 17571
Using xml2js for smaller file
parseCOAXml called for file: 719. D24K01.XML, content length: 8669
Starting parsing.. Size: 8694
Using xml2js for smaller file
parseCOAXml called for file: 719. D25I47.XML, content length: 8680
Starting parsing.. Size: 8705
Using xml2js for smaller file
parseCOAXml called for file: 719. I397.XML, content length: 19442
Starting parsing.. Size: 19475
Using xml2js for smaller file
parseCOAXml called for file: 72. 4D05.XML, content length: 17006
Starting parsing.. Size: 17043
Using xml2js for smaller file
parseCOAXml called for file: 72. 5H14 copy.XML, content length: 18230
Starting parsing.. Size: 18267
Using xml2js for smaller file
parseCOAXml called for file: 72. 5H14.XML, content length: 7770
Starting parsing.. Size: 7795
Using xml2js for smaller file
parseCOAXml called for file: 72. AI080.XML, content length: 5548
Starting parsing.. Size: 5573
Using xml2js for smaller file
parseCOAXml called for file: 72. D26A01_ATRO 1% OPHTHALMIC SOLUTION 10ML.XML, content length: 18486
Starting parsing.. Size: 18513
Using xml2js for smaller file
parseCOAXml called for file: 72. I331.XML, content length: 7348
Starting parsing.. Size: 7373
Using xml2js for smaller file
parseCOAXml called for file: 72. N25D09.XML, content length: 9701
Starting parsing.. Size: 9726
Using xml2js for smaller file
parseCOAXml called for file: 72. N25L26.XML, content length: 38701
Starting parsing.. Size: 38728
Using xml2js for smaller file
parseCOAXml called for file: 720. D24H26 ASPIMOX EYE DROPS 5ML.XML, content length: 17540
Starting parsing.. Size: 17567
Using xml2js for smaller file
parseCOAXml called for file: 720. D24K02.XML, content length: 8656
Starting parsing.. Size: 8681
Using xml2js for smaller file
parseCOAXml called for file: 720. D25I48.XML, content length: 8723
Starting parsing.. Size: 8748
Using xml2js for smaller file
parseCOAXml called for file: 720. N25H05.XML, content length: 18204
Starting parsing.. Size: 18231
Using xml2js for smaller file
parseCOAXml called for file: 721. D24H26 ZETAMOX EYE DROPS 5ML.XML, content length: 17540
Starting parsing.. Size: 17567
Using xml2js for smaller file
parseCOAXml called for file: 721. I411.XML, content length: 8319
Starting parsing.. Size: 8344
Using xml2js for smaller file
parseCOAXml called for file: 721. N25H05.XML, content length: 18199
Starting parsing.. Size: 18226
Using xml2js for smaller file
parseCOAXml called for file: 721. PS24182.XML, content length: 7865
Starting parsing.. Size: 7890
Using xml2js for smaller file
parseCOAXml called for file: 722. 4K01.XML, content length: 7773
Starting parsing.. Size: 7798
Using xml2js for smaller file
parseCOAXml called for file: 722. D24H26 SCIMOX EYE DROPS 5ML.XML, content length: 17559
Starting parsing.. Size: 17586
Using xml2js for smaller file
parseCOAXml called for file: 722. N25I29.XML, content length: 9702
Starting parsing.. Size: 9727
Using xml2js for smaller file
parseCOAXml called for file: 722. PS25119.XML, content length: 17766
Starting parsing.. Size: 17793
Using xml2js for smaller file
parseCOAXml called for file: 723. D24H27 OLYFRESH EYE DROPS 10ML(OLYMPEA).XML, content length: 19295
Starting parsing.. Size: 19322
Using xml2js for smaller file
parseCOAXml called for file: 723. D24K03.XML, content length: 8666
Starting parsing.. Size: 8691
Using xml2js for smaller file
parseCOAXml called for file: 723. N25I30.XML, content length: 9703
Starting parsing.. Size: 9728
Using xml2js for smaller file
parseCOAXml called for file: 723. PS25120.XML, content length: 17767
Starting parsing.. Size: 17794
Using xml2js for smaller file
parseCOAXml called for file: 724. D24H27 PEARL TEARS EYE DROPS 10ML(INDIANA).XML, content length: 19294
Starting parsing.. Size: 19321
Using xml2js for smaller file
parseCOAXml called for file: 724. D25H11.XML, content length: 18007
Starting parsing.. Size: 18034
Using xml2js for smaller file
parseCOAXml called for file: 724. PS24183.XML, content length: 7865
Starting parsing.. Size: 7890
Using xml2js for smaller file
parseCOAXml called for file: 724. PS25156.XML, content length: 7747
Starting parsing.. Size: 7772
Using xml2js for smaller file
parseCOAXml called for file: 725. D24H27 MYSTIC GREEN EYE DROPS 10ML.XML, content length: 19286
Starting parsing.. Size: 19313
Using xml2js for smaller file
parseCOAXml called for file: 725. D25H12.XML, content length: 17933
Starting parsing.. Size: 17960
Using xml2js for smaller file
parseCOAXml called for file: 725. PS24184.XML, content length: 7865
Starting parsing.. Size: 7890
Using xml2js for smaller file
parseCOAXml called for file: 725. PS25157.XML, content length: 7747
Starting parsing.. Size: 7772
Using xml2js for smaller file
parseCOAXml called for file: 726. 4K02.XML, content length: 8433
Starting parsing.. Size: 8458
Using xml2js for smaller file
parseCOAXml called for file: 726. D24H27 LUBRISKY EYE DROPS 10ML.XML, content length: 19276
Starting parsing.. Size: 19303
Using xml2js for smaller file
parseCOAXml called for file: 726. D25I49.XML, content length: 9775
Starting parsing.. Size: 9800
Using xml2js for smaller file
parseCOAXml called for file: 726. I398.XML, content length: 19634
Starting parsing.. Size: 19667
Using xml2js for smaller file
parseCOAXml called for file: 727. D24H27 BIOWET EYE DROPS 10ML.XML, content length: 19268
Starting parsing.. Size: 19295
Using xml2js for smaller file
parseCOAXml called for file: 727. D24K04.XML, content length: 10631
Starting parsing.. Size: 10656
Using xml2js for smaller file
parseCOAXml called for file: 727. D25I50.XML, content length: 8425
Starting parsing.. Size: 8450
Using xml2js for smaller file
parseCOAXml called for file: 727. N25H06.XML, content length: 15916
Starting parsing.. Size: 15943
Using xml2js for smaller file
parseCOAXml called for file: 728. D24I01.XML, content length: 33434
Starting parsing.. Size: 33461
Using xml2js for smaller file
parseCOAXml called for file: 728. N25I31.XML, content length: 8467
Starting parsing.. Size: 8492
Using xml2js for smaller file
parseCOAXml called for file: 728. PS24185.XML, content length: 7868
Starting parsing.. Size: 7893
Using xml2js for smaller file
parseCOAXml called for file: 728. PS25121.XML, content length: 17766
Starting parsing.. Size: 17793
Using xml2js for smaller file
parseCOAXml called for file: 729. 4K03.XML, content length: 7374
Starting parsing.. Size: 7399
Using xml2js for smaller file
parseCOAXml called for file: 729. D24I02 IO-LUBE EYE DROPS 15ML.XML, content length: 19278
Starting parsing.. Size: 19305
Using xml2js for smaller file
parseCOAXml called for file: 729. PS25122.XML, content length: 17766
Starting parsing.. Size: 17793
Using xml2js for smaller file
  ...6000 COA files processed (created 5985)
parseCOAXml called for file: 729. PS25158.XML, content length: 7747
Starting parsing.. Size: 7772
Using xml2js for smaller file
parseCOAXml called for file: 73. 4D06.XML, content length: 17008
Starting parsing.. Size: 17045
Using xml2js for smaller file
parseCOAXml called for file: 73. D25H32 copy.XML, content length: 18286
Starting parsing.. Size: 18319
Using xml2js for smaller file
parseCOAXml called for file: 73. D25H32.XML, content length: 9549
Starting parsing.. Size: 9574
Using xml2js for smaller file
parseCOAXml called for file: 73. D26A01_ATROPINE SULPHATE OPHTHALMIC SOLUTION USP 10ML.XML, content length: 18530
Starting parsing.. Size: 18557
Using xml2js for smaller file
parseCOAXml called for file: 73. D26A18.XML, content length: 9763
Starting parsing.. Size: 9788
Using xml2js for smaller file
parseCOAXml called for file: 73. N25L26.XML, content length: 38719
Starting parsing.. Size: 38746
Using xml2js for smaller file
parseCOAXml called for file: 73. PS25037.XML, content length: 12341
Starting parsing.. Size: 12366
Using xml2js for smaller file
parseCOAXml called for file: 73. PZ24003.XML, content length: 7754
Starting parsing.. Size: 7779
Using xml2js for smaller file
parseCOAXml called for file: 730. 5H04.XML, content length: 18692
Starting parsing.. Size: 18729
Using xml2js for smaller file
parseCOAXml called for file: 730. D24I02 DEW COMFORT EYE DROPS 10ML.XML, content length: 19283
Starting parsing.. Size: 19310
Using xml2js for smaller file
parseCOAXml called for file: 730. D24K05.XML, content length: 8656
Starting parsing.. Size: 8681
Using xml2js for smaller file
parseCOAXml called for file: 730. D25I51.XML, content length: 8865
Starting parsing.. Size: 8890
Using xml2js for smaller file
parseCOAXml called for file: 731. 5H04.XML, content length: 18691
Starting parsing.. Size: 18728
Using xml2js for smaller file
parseCOAXml called for file: 731. D24I03 BIOQFRESH PLUS EYE DROPS 10ML.XML, content length: 17924
Starting parsing.. Size: 17951
Using xml2js for smaller file
parseCOAXml called for file: 731. D25I52.XML, content length: 10769
Starting parsing.. Size: 10796
Using xml2js for smaller file
parseCOAXml called for file: 731. PS24186.XML, content length: 7868
Starting parsing.. Size: 7893
Using xml2js for smaller file
parseCOAXml called for file: 732. D24I03 OPTIFRRESH PLUS EYE DROPS 15ML.XML, content length: 17928
Starting parsing.. Size: 17955
Using xml2js for smaller file
parseCOAXml called for file: 732. D25H14.XML, content length: 17303
Starting parsing.. Size: 17330
Using xml2js for smaller file
parseCOAXml called for file: 732. I412.XML, content length: 7345
Starting parsing.. Size: 7370
Using xml2js for smaller file
parseCOAXml called for file: 732. PS24187.XML, content length: 7868
Starting parsing.. Size: 7893
Using xml2js for smaller file
parseCOAXml called for file: 733. 4K04.XML, content length: 7362
Starting parsing.. Size: 7387
Using xml2js for smaller file
parseCOAXml called for file: 733. D24I04 RICHARGE-HA EYE DROPS 10ML.XML, content length: 16126
Starting parsing.. Size: 16153
Using xml2js for smaller file
parseCOAXml called for file: 733. D25H14.XML, content length: 17317
Starting parsing.. Size: 17344
Using xml2js for smaller file
parseCOAXml called for file: 733. N25I32.XML, content length: 8640
Starting parsing.. Size: 8665
Using xml2js for smaller file
parseCOAXml called for file: 734. D24I04 HYLOFRESH EYE DROPS 10ML(ECF).XML, content length: 16129
Starting parsing.. Size: 16156
Using xml2js for smaller file
parseCOAXml called for file: 734. D24K06.XML, content length: 9783
Starting parsing.. Size: 9808
Using xml2js for smaller file
parseCOAXml called for file: 734. D25H14.XML, content length: 33559
Starting parsing.. Size: 33586
Using xml2js for smaller file
parseCOAXml called for file: 734. PS25159.XML, content length: 7747
Starting parsing.. Size: 7772
Using xml2js for smaller file
parseCOAXml called for file: 735. D24I05 NEPAPREC EYE DROPS 5ML.XML, content length: 21158
Starting parsing.. Size: 21191
Using xml2js for smaller file
parseCOAXml called for file: 735. D25I53.XML, content length: 9765
Starting parsing.. Size: 9790
Using xml2js for smaller file
parseCOAXml called for file: 735. N24K05.XML, content length: 8657
Starting parsing.. Size: 8682
Using xml2js for smaller file
parseCOAXml called for file: 735. N25H07.XML, content length: 18335
Starting parsing.. Size: 18362
Using xml2js for smaller file
parseCOAXml called for file: 736. 4K05.XML, content length: 9584
Starting parsing.. Size: 9609
Using xml2js for smaller file
parseCOAXml called for file: 736. D24I05 NEYPAC EYE DROPS PS.XML, content length: 21151
Starting parsing.. Size: 21184
Using xml2js for smaller file
parseCOAXml called for file: 736. D25I54.XML, content length: 8666
Starting parsing.. Size: 8691
Using xml2js for smaller file
parseCOAXml called for file: 736. N25H07.XML, content length: 18292
Starting parsing.. Size: 18319
Using xml2js for smaller file
parseCOAXml called for file: 737. D24I06.XML, content length: 19980
Starting parsing.. Size: 20013
Using xml2js for smaller file
parseCOAXml called for file: 737. D24K07.XML, content length: 9764
Starting parsing.. Size: 9789
Using xml2js for smaller file
parseCOAXml called for file: 737. N25H07.XML, content length: 18335
Starting parsing.. Size: 18362
Using xml2js for smaller file
parseCOAXml called for file: 737. N25I33.XML, content length: 10623
Starting parsing.. Size: 10648
Using xml2js for smaller file
parseCOAXml called for file: 738. D24I07.XML, content length: 16125
Starting parsing.. Size: 16152
Using xml2js for smaller file
parseCOAXml called for file: 738. D24K08.XML, content length: 8729
Starting parsing.. Size: 8754
Using xml2js for smaller file
parseCOAXml called for file: 738. N25H07.XML, content length: 18369
Starting parsing.. Size: 18396
Using xml2js for smaller file
parseCOAXml called for file: 738. PS25160.XML, content length: 7748
Starting parsing.. Size: 7773
Using xml2js for smaller file
parseCOAXml called for file: 739. D24I08.XML, content length: 14963
Starting parsing.. Size: 14990
Using xml2js for smaller file
parseCOAXml called for file: 739. D25J01.XML, content length: 9736
Starting parsing.. Size: 9761
Using xml2js for smaller file
parseCOAXml called for file: 739. GP161.XML, content length: 8714
Starting parsing.. Size: 8739
Using xml2js for smaller file
parseCOAXml called for file: 739. PS25123.XML, content length: 17766
Starting parsing.. Size: 17793
Using xml2js for smaller file
parseCOAXml called for file: 74. 4D07.XML, content length: 17008
Starting parsing.. Size: 17045
Using xml2js for smaller file
parseCOAXml called for file: 74. 5D06.XML, content length: 9582
Starting parsing.. Size: 9607
Using xml2js for smaller file
parseCOAXml called for file: 74. D24D30.XML, content length: 8429
Starting parsing.. Size: 8454
Using xml2js for smaller file
parseCOAXml called for file: 74. D25H36 copy.XML, content length: 14937
Starting parsing.. Size: 14964
Using xml2js for smaller file
parseCOAXml called for file: 74. D25H36.XML, content length: 8524
Starting parsing.. Size: 8549
Using xml2js for smaller file
parseCOAXml called for file: 74. D26A02_ANGLAUC PLUS OPHTHALMIC SOLUTION 5ML.XML, content length: 18164
Starting parsing.. Size: 18191
Using xml2js for smaller file
parseCOAXml called for file: 74. D26A19.XML, content length: 8711
Starting parsing.. Size: 8736
Using xml2js for smaller file
parseCOAXml called for file: 74. PS25215.XML, content length: 17766
Starting parsing.. Size: 17793
Using xml2js for smaller file
parseCOAXml called for file: 740. D24I09.XML, content length: 14959
Starting parsing.. Size: 14986
Using xml2js for smaller file
parseCOAXml called for file: 740. D25J02.XML, content length: 8652
Starting parsing.. Size: 8677
Using xml2js for smaller file
parseCOAXml called for file: 740. N24K06.XML, content length: 8656
Starting parsing.. Size: 8681
Using xml2js for smaller file
parseCOAXml called for file: 740. PS25124.XML, content length: 17767
Starting parsing.. Size: 17794
Using xml2js for smaller file
parseCOAXml called for file: 741. 4K06.XML, content length: 7305
Starting parsing.. Size: 7330
Using xml2js for smaller file
parseCOAXml called for file: 741. B5H01.XML, content length: 14475
Starting parsing.. Size: 14502
Using xml2js for smaller file
parseCOAXml called for file: 741. D24I10.XML, content length: 18392
Starting parsing.. Size: 18419
Using xml2js for smaller file
parseCOAXml called for file: 741. N25J01.XML, content length: 9757
Starting parsing.. Size: 9782
Using xml2js for smaller file
parseCOAXml called for file: 742. 5H05.XML, content length: 20742
Starting parsing.. Size: 20779
Using xml2js for smaller file
parseCOAXml called for file: 742. B4K01.XML, content length: 5723
Starting parsing.. Size: 5748
Using xml2js for smaller file
parseCOAXml called for file: 742. D24I11 MOXICON - KT EYE DROPS 5ML.XML, content length: 18605
Starting parsing.. Size: 18632
Using xml2js for smaller file
parseCOAXml called for file: 742. UC25006.XML, content length: 6550
Starting parsing.. Size: 6575
Using xml2js for smaller file
parseCOAXml called for file: 743. 5H05.XML, content length: 20733
Starting parsing.. Size: 20770
Using xml2js for smaller file
parseCOAXml called for file: 743. B5J01.XML, content length: 6805
Starting parsing.. Size: 6830
Using xml2js for smaller file
parseCOAXml called for file: 743. D24I11 MOXIBLIZZ-KT EYE DROPS 5ML.XML, content length: 18604
Starting parsing.. Size: 18631
Using xml2js for smaller file
parseCOAXml called for file: 743. D24K09.XML, content length: 7643
Starting parsing.. Size: 7668
Using xml2js for smaller file
parseCOAXml called for file: 744. D24I11 KETRYMOX EYE DROPS 5ML.XML, content length: 18614
Starting parsing.. Size: 18641
Using xml2js for smaller file
parseCOAXml called for file: 744. D24K10.XML, content length: 8739
Starting parsing.. Size: 8764
Using xml2js for smaller file
parseCOAXml called for file: 744. D25J03.XML, content length: 8651
Starting parsing.. Size: 8676
Using xml2js for smaller file
parseCOAXml called for file: 744. L1825012 ps.XML, content length: 11271
Starting parsing.. Size: 11298
Using xml2js for smaller file
parseCOAXml called for file: 745. 5J02.XML, content length: 7323
Starting parsing.. Size: 7348
Using xml2js for smaller file
parseCOAXml called for file: 745. D24I11 VALMOX - KT EYE DROPS 5ML.XML, content length: 18604
Starting parsing.. Size: 18631
Using xml2js for smaller file
parseCOAXml called for file: 745. L1825012.XML, content length: 11258
Starting parsing.. Size: 11285
Using xml2js for smaller file
parseCOAXml called for file: 745. N24K07.XML, content length: 8729
Starting parsing.. Size: 8754
Using xml2js for smaller file
parseCOAXml called for file: 746. AI078.XML, content length: 5548
Starting parsing.. Size: 5573
Using xml2js for smaller file
parseCOAXml called for file: 746. CMA140.XML, content length: 9408
Starting parsing.. Size: 9433
Using xml2js for smaller file
parseCOAXml called for file: 746. D24I12.XML, content length: 14961
Starting parsing.. Size: 14988
Using xml2js for smaller file
parseCOAXml called for file: 746. N25H08.XML, content length: 21673
Starting parsing.. Size: 21708
Using xml2js for smaller file
parseCOAXml called for file: 747. D24I13 SCIMOX-DF EYE DROPS 5ML.XML, content length: 18541
Starting parsing.. Size: 18570
Using xml2js for smaller file
parseCOAXml called for file: 747. D24K11.XML, content length: 9643
Starting parsing.. Size: 9668
Using xml2js for smaller file
parseCOAXml called for file: 747. D25J04.XML, content length: 8540
Starting parsing.. Size: 8565
Using xml2js for smaller file
parseCOAXml called for file: 747. N25H08.XML, content length: 21709
Starting parsing.. Size: 21744
Using xml2js for smaller file
parseCOAXml called for file: 748. D24I13 MOXICON-DF EYE DROPS 5ML.XML, content length: 18539
Starting parsing.. Size: 18568
Using xml2js for smaller file
parseCOAXml called for file: 748. D25J05.XML, content length: 8651
Starting parsing.. Size: 8676
Using xml2js for smaller file
parseCOAXml called for file: 748. N24K08.XML, content length: 8646
Starting parsing.. Size: 8671
Using xml2js for smaller file
parseCOAXml called for file: 748. N25H09.XML, content length: 15835
Starting parsing.. Size: 15862
Using xml2js for smaller file
parseCOAXml called for file: 749. 5J03.XML, content length: 7323
Starting parsing.. Size: 7348
Using xml2js for smaller file
parseCOAXml called for file: 749. CMA141.XML, content length: 9407
Starting parsing.. Size: 9432
Using xml2js for smaller file
parseCOAXml called for file: 749. D24I14.XML, content length: 16151
Starting parsing.. Size: 16178
Using xml2js for smaller file
parseCOAXml called for file: 749. N25H09.XML, content length: 15825
Starting parsing.. Size: 15852
Using xml2js for smaller file
parseCOAXml called for file: 75. 4D08 moxicon.XML, content length: 18657
Starting parsing.. Size: 18694
Using xml2js for smaller file
parseCOAXml called for file: 75. 5D01.XML, content length: 17312
Starting parsing.. Size: 17349
Using xml2js for smaller file
parseCOAXml called for file: 75. 5I01 copy.XML, content length: 18582
Starting parsing.. Size: 18619
Using xml2js for smaller file
parseCOAXml called for file: 75. 5I01.XML, content length: 7247
Starting parsing.. Size: 7272
Using xml2js for smaller file
parseCOAXml called for file: 75. D24D31.XML, content length: 9734
Starting parsing.. Size: 9759
Using xml2js for smaller file
parseCOAXml called for file: 75. D25D08.XML, content length: 9514
Starting parsing.. Size: 9539
Using xml2js for smaller file
parseCOAXml called for file: 75. D26A02_BREEMOL-T EYE DROPS 5ML.XML, content length: 16089
Starting parsing.. Size: 16116
Using xml2js for smaller file
parseCOAXml called for file: 75. D26A20.XML, content length: 8653
Starting parsing.. Size: 8678
Using xml2js for smaller file
parseCOAXml called for file: 750. D24I15.XML, content length: 16145
Starting parsing.. Size: 16172
Using xml2js for smaller file
parseCOAXml called for file: 750. D24K12.XML, content length: 8641
Starting parsing.. Size: 8666
Using xml2js for smaller file
parseCOAXml called for file: 750. D25H16.XML, content length: 19747
Starting parsing.. Size: 19780
Using xml2js for smaller file
parseCOAXml called for file: 750. RI525.XML, content length: 8385
Starting parsing.. Size: 8410
Using xml2js for smaller file
parseCOAXml called for file: 751. D24I16 DORZY EYE DROPS 5ML.XML, content length: 31659
Starting parsing.. Size: 31686
Using xml2js for smaller file
parseCOAXml called for file: 751. D24K13.XML, content length: 8607
Starting parsing.. Size: 8632
Using xml2js for smaller file
parseCOAXml called for file: 751. D25H17.XML, content length: 18324
Starting parsing.. Size: 18357
Using xml2js for smaller file
parseCOAXml called for file: 751. RI526.XML, content length: 8386
Starting parsing.. Size: 8411
Using xml2js for smaller file
parseCOAXml called for file: 752. 5J04.XML, content length: 7324
Starting parsing.. Size: 7349
Using xml2js for smaller file
parseCOAXml called for file: 752. D24I16 DORZOLA VISION 5ML(CONGO).XML, content length: 18896
Starting parsing.. Size: 18923
Using xml2js for smaller file
parseCOAXml called for file: 752. D25H17.XML, content length: 18311
Starting parsing.. Size: 18344
Using xml2js for smaller file
parseCOAXml called for file: 752. L1824010.XML, content length: 5441
Starting parsing.. Size: 5466
Using xml2js for smaller file
parseCOAXml called for file: 753. D24I16 DORTAS EYE DROPS 5ML (INTAS TP).XML, content length: 17660
Starting parsing.. Size: 17687
Using xml2js for smaller file
parseCOAXml called for file: 753. D25J06.XML, content length: 9617
Starting parsing.. Size: 9642
Using xml2js for smaller file
parseCOAXml called for file: 753. I399.XML, content length: 13607
Starting parsing.. Size: 13634
Using xml2js for smaller file
parseCOAXml called for file: 753. N24K09.XML, content length: 9468
Starting parsing.. Size: 9493
Using xml2js for smaller file
parseCOAXml called for file: 754. 4K07.XML, content length: 7606
Starting parsing.. Size: 7631
Using xml2js for smaller file
parseCOAXml called for file: 754. D24I17.XML, content length: 24331
Starting parsing.. Size: 24358
Using xml2js for smaller file
parseCOAXml called for file: 754. I399.XML, content length: 13527
Starting parsing.. Size: 13554
Using xml2js for smaller file
parseCOAXml called for file: 754. N25J03.XML, content length: 8623
Starting parsing.. Size: 8648
Using xml2js for smaller file
parseCOAXml called for file: 755. D24I18.XML, content length: 24216
Starting parsing.. Size: 24243
Using xml2js for smaller file
parseCOAXml called for file: 755. D24K14.XML, content length: 8563
Starting parsing.. Size: 8588
Using xml2js for smaller file
parseCOAXml called for file: 755. IS0015H.XML, content length: 21652
Starting parsing.. Size: 21681
Using xml2js for smaller file
parseCOAXml called for file: 755. PS25161.XML, content length: 7747
Starting parsing.. Size: 7772
Using xml2js for smaller file
parseCOAXml called for file: 756. 5J05.XML, content length: 7323
Starting parsing.. Size: 7348
Using xml2js for smaller file
parseCOAXml called for file: 756. D24I19.XML, content length: 22586
Starting parsing.. Size: 22613
Using xml2js for smaller file
parseCOAXml called for file: 756. D24K15.XML, content length: 8865
Starting parsing.. Size: 8890
Using xml2js for smaller file
parseCOAXml called for file: 756. IS0015H.XML, content length: 21666
Starting parsing.. Size: 21695
Using xml2js for smaller file
parseCOAXml called for file: 757. D24I21.XML, content length: 16604
Starting parsing.. Size: 16631
Using xml2js for smaller file
parseCOAXml called for file: 757. D25J07.XML, content length: 9857
Starting parsing.. Size: 9882
Using xml2js for smaller file
parseCOAXml called for file: 757. L1825013.XML, content length: 11275
Starting parsing.. Size: 11302
Using xml2js for smaller file
parseCOAXml called for file: 757. N24K10.XML, content length: 9719
Starting parsing.. Size: 9744
Using xml2js for smaller file
parseCOAXml called for file: 758. 4K08.XML, content length: 7498
Starting parsing.. Size: 7523
Using xml2js for smaller file
parseCOAXml called for file: 758. D24I22.XML, content length: 19921
Starting parsing.. Size: 19948
Using xml2js for smaller file
parseCOAXml called for file: 758. D25H18.XML, content length: 15912
Starting parsing.. Size: 15939
Using xml2js for smaller file
parseCOAXml called for file: 758. D25J08.XML, content length: 8858
Starting parsing.. Size: 8883
Using xml2js for smaller file
parseCOAXml called for file: 759. D24I23.XML, content length: 19920
Starting parsing.. Size: 19947
Using xml2js for smaller file
parseCOAXml called for file: 759. D24K16.XML, content length: 8434
Starting parsing.. Size: 8459
Using xml2js for smaller file
parseCOAXml called for file: 759. D25H19.XML, content length: 33505
Starting parsing.. Size: 33532
Using xml2js for smaller file
parseCOAXml called for file: 759. N25J04.XML, content length: 9639
Starting parsing.. Size: 9664
Using xml2js for smaller file
parseCOAXml called for file: 76. 4D08.XML, content length: 18664
Starting parsing.. Size: 18701
Using xml2js for smaller file
parseCOAXml called for file: 76. 4D09.XML, content length: 9577
Starting parsing.. Size: 9602
Using xml2js for smaller file
parseCOAXml called for file: 76. D25I07 copy.XML, content length: 19381
Starting parsing.. Size: 19408
Using xml2js for smaller file
parseCOAXml called for file: 76. D25I07.XML, content length: 8502
Starting parsing.. Size: 8527
Using xml2js for smaller file
parseCOAXml called for file: 76. D26A03_CROMYL EYE DROPS 5ML (ANGOLA).XML, content length: 18552
Starting parsing.. Size: 18579
Using xml2js for smaller file
parseCOAXml called for file: 76. D26A21.XML, content length: 9855
Starting parsing.. Size: 9880
Using xml2js for smaller file
parseCOAXml called for file: 76. N25D01.XML, content length: 17970
Starting parsing.. Size: 17997
Using xml2js for smaller file
parseCOAXml called for file: 76. N25D11.XML, content length: 10421
Starting parsing.. Size: 10448
Using xml2js for smaller file
parseCOAXml called for file: 760. D24I24.XML, content length: 20001
Starting parsing.. Size: 20028
Using xml2js for smaller file
parseCOAXml called for file: 760. D24K17.XML, content length: 10158
Starting parsing.. Size: 10183
Using xml2js for smaller file
parseCOAXml called for file: 760. L1825014.XML, content length: 11276
Starting parsing.. Size: 11303
Using xml2js for smaller file
parseCOAXml called for file: 760. PS25162.XML, content length: 7747
Starting parsing.. Size: 7772
Using xml2js for smaller file
parseCOAXml called for file: 761. 5J06.XML, content length: 7323
Starting parsing.. Size: 7348
Using xml2js for smaller file
parseCOAXml called for file: 761. D24I25.XML, content length: 16092
Starting parsing.. Size: 16119
Using xml2js for smaller file
parseCOAXml called for file: 761. L1824011.XML, content length: 5444
Starting parsing.. Size: 5469
Using xml2js for smaller file
parseCOAXml called for file: 761. N25H10.XML, content length: 17881
Starting parsing.. Size: 17912
Using xml2js for smaller file
parseCOAXml called for file: 762. 5H06.XML, content length: 19478
Starting parsing.. Size: 19515
Using xml2js for smaller file
parseCOAXml called for file: 762. D24I26 TAURENS 10ML(TAJIKISTAN-EVOLET).XML, content length: 16097
Starting parsing.. Size: 16124
Using xml2js for smaller file
parseCOAXml called for file: 762. D25J09.XML, content length: 10143
Starting parsing.. Size: 10168
Using xml2js for smaller file
parseCOAXml called for file: 762. N24K11.XML, content length: 8865
Starting parsing.. Size: 8890
Using xml2js for smaller file
parseCOAXml called for file: 763. 5H07.XML, content length: 19478
Starting parsing.. Size: 19515
Using xml2js for smaller file
parseCOAXml called for file: 763. D24I26 TAUFON 10ML (TAJIKISTAN).XML, content length: 16093
Starting parsing.. Size: 16120
Using xml2js for smaller file
parseCOAXml called for file: 763. D25J10.XML, content length: 9454
Starting parsing.. Size: 9479
Using xml2js for smaller file
parseCOAXml called for file: 763. N24K12.XML, content length: 8490
Starting parsing.. Size: 8515
Using xml2js for smaller file
parseCOAXml called for file: 764. 4K09.XML, content length: 9648
Starting parsing.. Size: 9673
Using xml2js for smaller file
parseCOAXml called for file: 764. D24I27 NEPAONCE EYE DROPS 3ML.XML, content length: 22212
Starting parsing.. Size: 22245
Using xml2js for smaller file
parseCOAXml called for file: 764. D25H20.XML, content length: 16739
Starting parsing.. Size: 16766
Using xml2js for smaller file
parseCOAXml called for file: 764. IS0015J.XML, content length: 9406
Starting parsing.. Size: 9433
Using xml2js for smaller file
parseCOAXml called for file: 765. D24I27 IO-NEPA OD EYE DROPS 3ML.XML, content length: 21213
Starting parsing.. Size: 21246
Using xml2js for smaller file
parseCOAXml called for file: 765. D24K18.XML, content length: 9765
Starting parsing.. Size: 9790
Using xml2js for smaller file
parseCOAXml called for file: 765. D25H21.XML, content length: 19338
Starting parsing.. Size: 19365
Using xml2js for smaller file
parseCOAXml called for file: 765. PS25163.XML, content length: 7747
Starting parsing.. Size: 7772
Using xml2js for smaller file
parseCOAXml called for file: 766. D24I27 NEPFRE-OD EYE DROPS 3ML.XML, content length: 21204
Starting parsing.. Size: 21237
Using xml2js for smaller file
parseCOAXml called for file: 766. IS0025H.XML, content length: 23924
Starting parsing.. Size: 23953
Using xml2js for smaller file
parseCOAXml called for file: 766. N24K13.XML, content length: 8722
Starting parsing.. Size: 8747
Using xml2js for smaller file
parseCOAXml called for file: 766. PS25164.XML, content length: 7748
Starting parsing.. Size: 7773
Using xml2js for smaller file
parseCOAXml called for file: 767. 4K10.XML, content length: 7303
Starting parsing.. Size: 7328
Using xml2js for smaller file
parseCOAXml called for file: 767. 5H08.XML, content length: 19476
Starting parsing.. Size: 19513
Using xml2js for smaller file
parseCOAXml called for file: 767. 5J07.XML, content length: 7323
Starting parsing.. Size: 7348
Using xml2js for smaller file
parseCOAXml called for file: 767. D24I28 SCIGAT EYE DROPS 5ML.XML, content length: 15991
Starting parsing.. Size: 16018
Using xml2js for smaller file
parseCOAXml called for file: 768. D24I28 GATVAL EYE DROPS 5ML.XML, content length: 15971
Starting parsing.. Size: 15998
Using xml2js for smaller file
parseCOAXml called for file: 768. D24K19.XML, content length: 8437
Starting parsing.. Size: 8462
Using xml2js for smaller file
parseCOAXml called for file: 768. D25H22.XML, content length: 21032
Starting parsing.. Size: 21059
Using xml2js for smaller file
parseCOAXml called for file: 768. D25J11.XML, content length: 8652
Starting parsing.. Size: 8677
Using xml2js for smaller file
parseCOAXml called for file: 769. D24I29.XML, content length: 16339
Starting parsing.. Size: 16372
Using xml2js for smaller file
parseCOAXml called for file: 769. D24K20.XML, content length: 8731
Starting parsing.. Size: 8756
Using xml2js for smaller file
parseCOAXml called for file: 769. N25H11.XML, content length: 17333
Starting parsing.. Size: 17360
Using xml2js for smaller file
parseCOAXml called for file: 769. N25J05.XML, content length: 8964
Starting parsing.. Size: 8989
Using xml2js for smaller file
parseCOAXml called for file: 77. 4D09 ps.XML, content length: 17212
Starting parsing.. Size: 17239
Using xml2js for smaller file
parseCOAXml called for file: 77. D24D32.XML, content length: 8434
Starting parsing.. Size: 8459
Using xml2js for smaller file
parseCOAXml called for file: 77. D25I15 copy.XML, content length: 18257
Starting parsing.. Size: 18284
Using xml2js for smaller file
parseCOAXml called for file: 77. D25I15.XML, content length: 8509
Starting parsing.. Size: 8534
Using xml2js for smaller file
parseCOAXml called for file: 77. D26A03_CROMYL EYE DROPS 5ML.XML, content length: 18537
Starting parsing.. Size: 18564
Using xml2js for smaller file
parseCOAXml called for file: 77. N25D12.XML, content length: 8737
Starting parsing.. Size: 8762
Using xml2js for smaller file
parseCOAXml called for file: 77. PS26001.XML, content length: 7747
Starting parsing.. Size: 7772
Using xml2js for smaller file
parseCOAXml called for file: 77. RI517.XML, content length: 15604
Starting parsing.. Size: 15631
Using xml2js for smaller file
parseCOAXml called for file: 770. D24I30 ALLEREYES 5ML - TAJIKSTAN.XML, content length: 22002
Starting parsing.. Size: 22029
Using xml2js for smaller file
parseCOAXml called for file: 770. IS0014K.XML, content length: 11564
Starting parsing.. Size: 11591
Using xml2js for smaller file
parseCOAXml called for file: 770. N25H11.XML, content length: 17333
Starting parsing.. Size: 17360
Using xml2js for smaller file
parseCOAXml called for file: 770. PS25165.XML, content length: 7748
Starting parsing.. Size: 7773
Using xml2js for smaller file
parseCOAXml called for file: 771. 5H09.XML, content length: 18609
Starting parsing.. Size: 18648
Using xml2js for smaller file
parseCOAXml called for file: 771. D24I30 IO-PAT EYE DROPS 5ML (OLYMPEA).XML, content length: 22455
Starting parsing.. Size: 22482
Using xml2js for smaller file
parseCOAXml called for file: 771. L1824012.XML, content length: 5444
Starting parsing.. Size: 5469
Using xml2js for smaller file
parseCOAXml called for file: 771. PS25166.XML, content length: 7748
Starting parsing.. Size: 7773
Using xml2js for smaller file
parseCOAXml called for file: 772. 4K11.XML, content length: 7328
Starting parsing.. Size: 7353
Using xml2js for smaller file
parseCOAXml called for file: 772. 5J08.XML, content length: 7323
Starting parsing.. Size: 7348
Using xml2js for smaller file
parseCOAXml called for file: 772. D24I31.XML, content length: 17072
Starting parsing.. Size: 17099
Using xml2js for smaller file
parseCOAXml called for file: 772. D25H23.XML, content length: 22897
Starting parsing.. Size: 22932
Using xml2js for smaller file
parseCOAXml called for file: 773. AI071.XML, content length: 5548
Starting parsing.. Size: 5573
Using xml2js for smaller file
parseCOAXml called for file: 773. D24I33 OPTIFRRESH GEL EYE DROPS 10ML.XML, content length: 33442
Starting parsing.. Size: 33469
Using xml2js for smaller file
parseCOAXml called for file: 773. D25H24.XML, content length: 18477
Starting parsing.. Size: 18504
Using xml2js for smaller file
parseCOAXml called for file: 773. D25J12.XML, content length: 8651
Starting parsing.. Size: 8676
Using xml2js for smaller file
parseCOAXml called for file: 774. D24I33 SCIFRESH GEL EYE DROPS 10ML.XML, content length: 19305
Starting parsing.. Size: 19332
Using xml2js for smaller file
parseCOAXml called for file: 774. D24K21.XML, content length: 8827
Starting parsing.. Size: 8852
Using xml2js for smaller file
parseCOAXml called for file: 774. N25H12.XML, content length: 20939
Starting parsing.. Size: 20972
Using xml2js for smaller file
parseCOAXml called for file: 774. N25J06.XML, content length: 9580
Starting parsing.. Size: 9605
Using xml2js for smaller file
parseCOAXml called for file: 775. D24I33 CELLUCON PLUS EYE DROPS 10ML.XML, content length: 19290
Starting parsing.. Size: 19317
Using xml2js for smaller file
parseCOAXml called for file: 775. IS0024K.XML, content length: 11564
Starting parsing.. Size: 11591
Using xml2js for smaller file
parseCOAXml called for file: 775. N25H12.XML, content length: 20949
Starting parsing.. Size: 20982
Using xml2js for smaller file
parseCOAXml called for file: 775. PS25167.XML, content length: 7747
Starting parsing.. Size: 7772
Using xml2js for smaller file
parseCOAXml called for file: 776. 4K12.XML, content length: 7328
Starting parsing.. Size: 7353
Using xml2js for smaller file
parseCOAXml called for file: 776. D24I33 MYSTIC BLUE EYE DROPS 10ML.XML, content length: 19288
Starting parsing.. Size: 19315
Using xml2js for smaller file
parseCOAXml called for file: 776. N25H12.XML, content length: 20933
Starting parsing.. Size: 20966
Using xml2js for smaller file
parseCOAXml called for file: 776. PS25168.XML, content length: 7748
Starting parsing.. Size: 7773
Using xml2js for smaller file
parseCOAXml called for file: 777. 5H10.XML, content length: 16307
Starting parsing.. Size: 16344
Using xml2js for smaller file
parseCOAXml called for file: 777. 5J09.XML, content length: 7323
Starting parsing.. Size: 7348
Using xml2js for smaller file
parseCOAXml called for file: 777. B4K02.XML, content length: 6764
Starting parsing.. Size: 6789
Using xml2js for smaller file
parseCOAXml called for file: 777. D24I34 HYQUE EYE DROPS 10ML.XML, content length: 16114
Starting parsing.. Size: 16141
Using xml2js for smaller file
parseCOAXml called for file: 778. D24I34 HYLOPANTA EYE DROPS 5ML.XML, content length: 16119
Starting parsing.. Size: 16146
Using xml2js for smaller file
parseCOAXml called for file: 778. D24K22.XML, content length: 10780
Starting parsing.. Size: 10807
Using xml2js for smaller file
parseCOAXml called for file: 778. D25H25.XML, content length: 14874
Starting parsing.. Size: 14901
Using xml2js for smaller file
parseCOAXml called for file: 778. N25J07.XML, content length: 9578
Starting parsing.. Size: 9603
Using xml2js for smaller file
parseCOAXml called for file: 779. D24I34 PEARL TEARS HA ED 10ML(VIBGYOR).XML, content length: 16147
Starting parsing.. Size: 16174
Using xml2js for smaller file
parseCOAXml called for file: 779. D24K23.XML, content length: 9451
Starting parsing.. Size: 9476
Using xml2js for smaller file
parseCOAXml called for file: 779. D25H25.XML, content length: 14853
Starting parsing.. Size: 14880
Using xml2js for smaller file
parseCOAXml called for file: 779. PS25169.XML, content length: 7747
Starting parsing.. Size: 7772
Using xml2js for smaller file
parseCOAXml called for file: 78. 4D09.XML, content length: 17199
Starting parsing.. Size: 17226
Using xml2js for smaller file
parseCOAXml called for file: 78. 5D02.XML, content length: 19295
Starting parsing.. Size: 19332
Using xml2js for smaller file
parseCOAXml called for file: 78. 6A11.XML, content length: 8567
Starting parsing.. Size: 8592
Using xml2js for smaller file
parseCOAXml called for file: 78. D24D33.XML, content length: 8440
Starting parsing.. Size: 8465
Using xml2js for smaller file
parseCOAXml called for file: 78. D25I17 copy.XML, content length: 13504
Starting parsing.. Size: 13531
Using xml2js for smaller file
parseCOAXml called for file: 78. D25I17.XML, content length: 8336
Starting parsing.. Size: 8361
Using xml2js for smaller file
parseCOAXml called for file: 78. D26A04_AQUAMOX EYE DROPS 5ML.XML, content length: 17341
Starting parsing.. Size: 17368
Using xml2js for smaller file
parseCOAXml called for file: 78. PS25038.XML, content length: 12368
Starting parsing.. Size: 12393
Using xml2js for smaller file
parseCOAXml called for file: 780. D24J01.XML, content length: 17886
Starting parsing.. Size: 17917
Using xml2js for smaller file
  ...6250 COA files processed (created 6234)
parseCOAXml called for file: 780. N24K14.XML, content length: 10157
Starting parsing.. Size: 10182
Using xml2js for smaller file
parseCOAXml called for file: 780. N25H13.XML, content length: 21999
Starting parsing.. Size: 22032
Using xml2js for smaller file
parseCOAXml called for file: 780. PS25170.XML, content length: 7747
Starting parsing.. Size: 7772
Using xml2js for smaller file
parseCOAXml called for file: 781. 4K13.XML, content length: 7328
Starting parsing.. Size: 7353
Using xml2js for smaller file
parseCOAXml called for file: 781. 5J10.XML, content length: 7323
Starting parsing.. Size: 7348
Using xml2js for smaller file
parseCOAXml called for file: 781. D24J02 SCILOT EYE DROPS 5ML.XML, content length: 19709
Starting parsing.. Size: 19742
Using xml2js for smaller file
parseCOAXml called for file: 781. N25H13.XML, content length: 32700
Starting parsing.. Size: 32739
Using xml2js for smaller file
parseCOAXml called for file: 782. B4K03.XML, content length: 6769
Starting parsing.. Size: 6794
Using xml2js for smaller file
parseCOAXml called for file: 782. D24J02 LOPRED EYE DROPS 5ML.XML, content length: 19688
Starting parsing.. Size: 19721
Using xml2js for smaller file
parseCOAXml called for file: 782. D25J14.XML, content length: 8434
Starting parsing.. Size: 8459
Using xml2js for smaller file
parseCOAXml called for file: 782. N25H13.XML, content length: 20974
Starting parsing.. Size: 21007
Using xml2js for smaller file
parseCOAXml called for file: 783. D24J02 LOTIK EYE DROPS 5ML.XML, content length: 19673
Starting parsing.. Size: 19706
Using xml2js for smaller file
parseCOAXml called for file: 783. D24K25.XML, content length: 9554
Starting parsing.. Size: 9579
Using xml2js for smaller file
parseCOAXml called for file: 783. N25J08.XML, content length: 9578
Starting parsing.. Size: 9603
Using xml2js for smaller file
parseCOAXml called for file: 783. UC25005.XML, content length: 13389
Starting parsing.. Size: 13416
Using xml2js for smaller file
parseCOAXml called for file: 784. 5H11.XML, content length: 16307
Starting parsing.. Size: 16344
Using xml2js for smaller file
parseCOAXml called for file: 784. D24J03 TIGOMOX-LP EYE DROPS 5ML.XML, content length: 23337
Starting parsing.. Size: 23370
Using xml2js for smaller file
parseCOAXml called for file: 784. N24K15.XML, content length: 10158
Starting parsing.. Size: 10183
Using xml2js for smaller file
parseCOAXml called for file: 784. PS25171.XML, content length: 7747
Starting parsing.. Size: 7772
Using xml2js for smaller file
parseCOAXml called for file: 785. 4K14.XML, content length: 7377
Starting parsing.. Size: 7402
Using xml2js for smaller file
parseCOAXml called for file: 785. 5H12.XML, content length: 16324
Starting parsing.. Size: 16361
Using xml2js for smaller file
parseCOAXml called for file: 785. D24J03 PRIMOX LP EYE DROPS 5ML(PRAXAN).XML, content length: 23362
Starting parsing.. Size: 23395
Using xml2js for smaller file
parseCOAXml called for file: 785. PS25172.XML, content length: 7747
Starting parsing.. Size: 7772
Using xml2js for smaller file
parseCOAXml called for file: 786. 5H12.XML, content length: 16305
Starting parsing.. Size: 16342
Using xml2js for smaller file
parseCOAXml called for file: 786. 5J11.XML, content length: 7323
Starting parsing.. Size: 7348
Using xml2js for smaller file
parseCOAXml called for file: 786. D24J03 LOTEGRAM EYE DROPS 5ML.XML, content length: 23322
Starting parsing.. Size: 23355
Using xml2js for smaller file
parseCOAXml called for file: 786. D24K26.XML, content length: 8719
Starting parsing.. Size: 8744
Using xml2js for smaller file
parseCOAXml called for file: 787. D24J03 MOXIROOT-LP EYE DROPS 5ML.XML, content length: 23341
Starting parsing.. Size: 23374
Using xml2js for smaller file
parseCOAXml called for file: 787. D24K27.XML, content length: 8863
Starting parsing.. Size: 8888
Using xml2js for smaller file
parseCOAXml called for file: 787. D25H26.XML, content length: 18057
Starting parsing.. Size: 18084
Using xml2js for smaller file
parseCOAXml called for file: 787. D25J17.XML, content length: 8651
Starting parsing.. Size: 8676
Using xml2js for smaller file
parseCOAXml called for file: 788. D24J03 MOXISKY-LP EYE DROPS 5ML.XML, content length: 23339
Starting parsing.. Size: 23372
Using xml2js for smaller file
parseCOAXml called for file: 788. D25H26.XML, content length: 18044
Starting parsing.. Size: 18071
Using xml2js for smaller file
parseCOAXml called for file: 788. N25J09.XML, content length: 9561
Starting parsing.. Size: 9586
Using xml2js for smaller file
parseCOAXml called for file: 788. UC24010.XML, content length: 6554
Starting parsing.. Size: 6579
Using xml2js for smaller file
parseCOAXml called for file: 789. 4K15.XML, content length: 7326
Starting parsing.. Size: 7351
Using xml2js for smaller file
parseCOAXml called for file: 789. D24J03 MOXINEXT-LP EYE DROPS 5ML.XML, content length: 23348
Starting parsing.. Size: 23381
Using xml2js for smaller file
parseCOAXml called for file: 789. D25H27.XML, content length: 16762
Starting parsing.. Size: 16789
Using xml2js for smaller file
parseCOAXml called for file: 789. PS25173.XML, content length: 7747
Starting parsing.. Size: 7772
Using xml2js for smaller file
parseCOAXml called for file: 79. 4D10.XML, content length: 17391
Starting parsing.. Size: 17426
Using xml2js for smaller file
parseCOAXml called for file: 79. D25D09.XML, content length: 9515
Starting parsing.. Size: 9540
Using xml2js for smaller file
parseCOAXml called for file: 79. D25I18 copy.XML, content length: 19511
Starting parsing.. Size: 19544
Using xml2js for smaller file
parseCOAXml called for file: 79. D25I18.XML, content length: 8377
Starting parsing.. Size: 8402
Using xml2js for smaller file
parseCOAXml called for file: 79. D26A04_MOXTILA 5ML.XML, content length: 20854
Starting parsing.. Size: 20881
Using xml2js for smaller file
parseCOAXml called for file: 79. D26A22.XML, content length: 9638
Starting parsing.. Size: 9663
Using xml2js for smaller file
parseCOAXml called for file: 79. N24D17.XML, content length: 9503
Starting parsing.. Size: 9528
Using xml2js for smaller file
parseCOAXml called for file: 79. N25D02.XML, content length: 17966
Starting parsing.. Size: 17993
Using xml2js for smaller file
parseCOAXml called for file: 790. D24J03 MOKSEE-LP EYE DROPS 5ML.XML, content length: 23345
Starting parsing.. Size: 23378
Using xml2js for smaller file
parseCOAXml called for file: 790. D24K28.XML, content length: 9643
Starting parsing.. Size: 9668
Using xml2js for smaller file
parseCOAXml called for file: 790. N25H14.XML, content length: 19587
Starting parsing.. Size: 19614
Using xml2js for smaller file
parseCOAXml called for file: 790. PS25174.XML, content length: 7747
Starting parsing.. Size: 7772
Using xml2js for smaller file
parseCOAXml called for file: 791. 5J12.XML, content length: 7323
Starting parsing.. Size: 7348
Using xml2js for smaller file
parseCOAXml called for file: 791. D24J04 SCIMOX-LP EYE DROPS 5ML.XML, content length: 23355
Starting parsing.. Size: 23388
Using xml2js for smaller file
parseCOAXml called for file: 791. N24K16.XML, content length: 10155
Starting parsing.. Size: 10180
Using xml2js for smaller file
parseCOAXml called for file: 791. N25H15.XML, content length: 19606
Starting parsing.. Size: 19633
Using xml2js for smaller file
parseCOAXml called for file: 792. 4K16.XML, content length: 7326
Starting parsing.. Size: 7351
Using xml2js for smaller file
parseCOAXml called for file: 792. D24J04 MOXICON-LP EYE DROPS 5ML.XML, content length: 23332
Starting parsing.. Size: 23365
Using xml2js for smaller file
parseCOAXml called for file: 792. D25J18.XML, content length: 8724
Starting parsing.. Size: 8749
Using xml2js for smaller file
parseCOAXml called for file: 792. N25H15.XML, content length: 19613
Starting parsing.. Size: 19640
Using xml2js for smaller file
parseCOAXml called for file: 793. B4K04.XML, content length: 5633
Starting parsing.. Size: 5658
Using xml2js for smaller file
parseCOAXml called for file: 793. D24J04 VISIOQUIN-LP EYE DROPS 5ML.XML, content length: 23343
Starting parsing.. Size: 23376
Using xml2js for smaller file
parseCOAXml called for file: 793. N25H15.XML, content length: 19627
Starting parsing.. Size: 19654
Using xml2js for smaller file
parseCOAXml called for file: 793. N25J10.XML, content length: 9561
Starting parsing.. Size: 9586
Using xml2js for smaller file
parseCOAXml called for file: 794. D24J05 IO-NATA EYE DROPS 5ML (THAILAND).XML, content length: 17320
Starting parsing.. Size: 17353
Using xml2js for smaller file
parseCOAXml called for file: 794. D24K29.XML, content length: 8727
Starting parsing.. Size: 8752
Using xml2js for smaller file
parseCOAXml called for file: 794. N25J11.XML, content length: 8864
Starting parsing.. Size: 8889
Using xml2js for smaller file
parseCOAXml called for file: 794. PS25125.XML, content length: 17766
Starting parsing.. Size: 17793
Using xml2js for smaller file
parseCOAXml called for file: 795. 5H13.XML, content length: 13493
Starting parsing.. Size: 13520
Using xml2js for smaller file
parseCOAXml called for file: 795. D24J05 SCINATA EYE DROPS 5ML.XML, content length: 17328
Starting parsing.. Size: 17361
Using xml2js for smaller file
parseCOAXml called for file: 795. N24K17.XML, content length: 10156
Starting parsing.. Size: 10181
Using xml2js for smaller file
parseCOAXml called for file: 795. PS25175.XML, content length: 7747
Starting parsing.. Size: 7772
Using xml2js for smaller file
parseCOAXml called for file: 796. 4K17.XML, content length: 7326
Starting parsing.. Size: 7351
Using xml2js for smaller file
parseCOAXml called for file: 796. 5J13.XML, content length: 7324
Starting parsing.. Size: 7349
Using xml2js for smaller file
parseCOAXml called for file: 796. D24J05  IO-NATA EYE DROPS 5ML (INDIANA).XML, content length: 17331
Starting parsing.. Size: 17364
Using xml2js for smaller file
parseCOAXml called for file: 796. D25H28.XML, content length: 15922
Starting parsing.. Size: 15949
Using xml2js for smaller file
parseCOAXml called for file: 797. D24J06 FLUR-B EYE DROPS 10ML(YASH OPTHO).XML, content length: 18483
Starting parsing.. Size: 18510
Using xml2js for smaller file
parseCOAXml called for file: 797. D24K30.XML, content length: 9859
Starting parsing.. Size: 9884
Using xml2js for smaller file
parseCOAXml called for file: 797. D25H28.XML, content length: 15918
Starting parsing.. Size: 15945
Using xml2js for smaller file
parseCOAXml called for file: 797. D25J19.XML, content length: 8455
Starting parsing.. Size: 8480
Using xml2js for smaller file
parseCOAXml called for file: 798. D24J06 FLP EYE DROPS 5ML.XML, content length: 18424
Starting parsing.. Size: 18451
Using xml2js for smaller file
parseCOAXml called for file: 798. D25H29.XML, content length: 15922
Starting parsing.. Size: 15949
Using xml2js for smaller file
parseCOAXml called for file: 798. N24K18.XML, content length: 10637
Starting parsing.. Size: 10664
Using xml2js for smaller file
parseCOAXml called for file: 798. N25J12.XML, content length: 8863
Starting parsing.. Size: 8888
Using xml2js for smaller file
parseCOAXml called for file: 799. D24J07 IO-CAT EYE DROPS 10ML.XML, content length: 14681
Starting parsing.. Size: 14708
Using xml2js for smaller file
parseCOAXml called for file: 799. D25H29.XML, content length: 15907
Starting parsing.. Size: 15934
Using xml2js for smaller file
parseCOAXml called for file: 799. PS24188.XML, content length: 7868
Starting parsing.. Size: 7893
Using xml2js for smaller file
parseCOAXml called for file: 799. UC25007.XML, content length: 6592
Starting parsing.. Size: 6617
Using xml2js for smaller file
parseCOAXml called for file: 8. 24AM08.XML, content length: 19598
Starting parsing.. Size: 19625
Using xml2js for smaller file
parseCOAXml called for file: 8. 26AM08_PGVISC EYE DROPS 10ML.XML, content length: 19607
Starting parsing.. Size: 19634
Using xml2js for smaller file
parseCOAXml called for file: 8. 5L07 copy.XML, content length: 17045
Starting parsing.. Size: 17072
Using xml2js for smaller file
parseCOAXml called for file: 8. 5L07.XML, content length: 9390
Starting parsing.. Size: 9415
Using xml2js for smaller file
parseCOAXml called for file: 8. 5L14.XML, content length: 15900
Starting parsing.. Size: 15927
Using xml2js for smaller file
parseCOAXml called for file: 8. D25L19.XML, content length: 8559
Starting parsing.. Size: 8584
Using xml2js for smaller file
parseCOAXml called for file: 8. PS24054.XML, content length: 7866
Starting parsing.. Size: 7891
Using xml2js for smaller file
parseCOAXml called for file: 8. PS25208.XML, content length: 17766
Starting parsing.. Size: 17793
Using xml2js for smaller file
parseCOAXml called for file: 8. PS25217.XML, content length: 7748
Starting parsing.. Size: 7773
Using xml2js for smaller file
parseCOAXml called for file: 8. PS26044.XML, content length: 7747
Starting parsing.. Size: 7772
Using xml2js for smaller file
parseCOAXml called for file: 80. 4D11.XML, content length: 17390
Starting parsing.. Size: 17425
Using xml2js for smaller file
parseCOAXml called for file: 80. D26A04_SCIMOX EYE DROPS 5ML.XML, content length: 17343
Starting parsing.. Size: 17370
Using xml2js for smaller file
parseCOAXml called for file: 80. I404 copy.XML, content length: 13889
Starting parsing.. Size: 13916
Using xml2js for smaller file
parseCOAXml called for file: 80. I404.XML, content length: 7211
Starting parsing.. Size: 7236
Using xml2js for smaller file
parseCOAXml called for file: 80. N24D18.XML, content length: 9503
Starting parsing.. Size: 9528
Using xml2js for smaller file
parseCOAXml called for file: 80. N25D13.XML, content length: 10833
Starting parsing.. Size: 10860
Using xml2js for smaller file
parseCOAXml called for file: 80. N26A13.XML, content length: 8733
Starting parsing.. Size: 8758
Using xml2js for smaller file
parseCOAXml called for file: 80. RI518.XML, content length: 15604
Starting parsing.. Size: 15631
Using xml2js for smaller file
parseCOAXml called for file: 800. D24J07 CATASTOP EYE DROPS 10ML.XML, content length: 14709
Starting parsing.. Size: 14736
Using xml2js for smaller file
parseCOAXml called for file: 800. D25J21.XML, content length: 9888
Starting parsing.. Size: 9913
Using xml2js for smaller file
parseCOAXml called for file: 800. PS24189.XML, content length: 7868
Starting parsing.. Size: 7893
Using xml2js for smaller file
parseCOAXml called for file: 800. PS25126.XML, content length: 17766
Starting parsing.. Size: 17793
Using xml2js for smaller file
parseCOAXml called for file: 801. D24J08.XML, content length: 16147
Starting parsing.. Size: 16174
Using xml2js for smaller file
parseCOAXml called for file: 801. D24K31.XML, content length: 8644
Starting parsing.. Size: 8669
Using xml2js for smaller file
parseCOAXml called for file: 801. N25J13.XML, content length: 9697
Starting parsing.. Size: 9722
Using xml2js for smaller file
parseCOAXml called for file: 801. PS25127.XML, content length: 17767
Starting parsing.. Size: 17794
Using xml2js for smaller file
parseCOAXml called for file: 802. 25AM12.XML, content length: 19605
Starting parsing.. Size: 19632
Using xml2js for smaller file
parseCOAXml called for file: 802. D24J09 HEXA EYE DROPS 10ML(PRAXAN).XML, content length: 16146
Starting parsing.. Size: 16173
Using xml2js for smaller file
parseCOAXml called for file: 802. I351.XML, content length: 8430
Starting parsing.. Size: 8455
Using xml2js for smaller file
parseCOAXml called for file: 802. N25J14.XML, content length: 8863
Starting parsing.. Size: 8888
Using xml2js for smaller file
parseCOAXml called for file: 803. 5J14.XML, content length: 7300
Starting parsing.. Size: 7325
Using xml2js for smaller file
parseCOAXml called for file: 803. D24J09 SOHYL EYE DROPS 10ML.XML, content length: 16118
Starting parsing.. Size: 16145
Using xml2js for smaller file
parseCOAXml called for file: 803. D25H30.XML, content length: 15939
Starting parsing.. Size: 15966
Using xml2js for smaller file
parseCOAXml called for file: 803. N24K19.XML, content length: 8872
Starting parsing.. Size: 8897
Using xml2js for smaller file
parseCOAXml called for file: 804. D24J10.XML, content length: 16774
Starting parsing.. Size: 16801
Using xml2js for smaller file
parseCOAXml called for file: 804. D25H31.XML, content length: 16071
Starting parsing.. Size: 16098
Using xml2js for smaller file
parseCOAXml called for file: 804. D25J22.XML, content length: 8428
Starting parsing.. Size: 8453
Using xml2js for smaller file
parseCOAXml called for file: 804. N24K20.XML, content length: 8702
Starting parsing.. Size: 8727
Using xml2js for smaller file
parseCOAXml called for file: 805. D24J11.XML, content length: 16774
Starting parsing.. Size: 16801
Using xml2js for smaller file
parseCOAXml called for file: 805. D25H31.XML, content length: 16081
Starting parsing.. Size: 16108
Using xml2js for smaller file
parseCOAXml called for file: 805. D25J23.XML, content length: 9802
Starting parsing.. Size: 9827
Using xml2js for smaller file
parseCOAXml called for file: 805. PS24190.XML, content length: 7868
Starting parsing.. Size: 7893
Using xml2js for smaller file
parseCOAXml called for file: 806. D24J12.XML, content length: 16764
Starting parsing.. Size: 16791
Using xml2js for smaller file
parseCOAXml called for file: 806. N25J15.XML, content length: 8863
Starting parsing.. Size: 8888
Using xml2js for smaller file
parseCOAXml called for file: 806. PS25128.XML, content length: 17767
Starting parsing.. Size: 17794
Using xml2js for smaller file
parseCOAXml called for file: 806. RI506.XML, content length: 8487
Starting parsing.. Size: 8512
Using xml2js for smaller file
parseCOAXml called for file: 807. 4K18.XML, content length: 9582
Starting parsing.. Size: 9607
Using xml2js for smaller file
parseCOAXml called for file: 807. D24J13.XML, content length: 19293
Starting parsing.. Size: 19320
Using xml2js for smaller file
parseCOAXml called for file: 807. PS25129.XML, content length: 17767
Starting parsing.. Size: 17794
Using xml2js for smaller file
parseCOAXml called for file: 807. PS25176.XML, content length: 7747
Starting parsing.. Size: 7772
Using xml2js for smaller file
parseCOAXml called for file: 808. 5H15.XML, content length: 13492
Starting parsing.. Size: 13519
Using xml2js for smaller file
parseCOAXml called for file: 808. D24J14.XML, content length: 19293
Starting parsing.. Size: 19320
Using xml2js for smaller file
parseCOAXml called for file: 808. I352.XML, content length: 8439
Starting parsing.. Size: 8464
Using xml2js for smaller file
parseCOAXml called for file: 808. PS25177.XML, content length: 7747
Starting parsing.. Size: 7772
Using xml2js for smaller file
parseCOAXml called for file: 809. 5J15.XML, content length: 8431
Starting parsing.. Size: 8456
Using xml2js for smaller file
parseCOAXml called for file: 809. D24J15.XML, content length: 19293
Starting parsing.. Size: 19320
Using xml2js for smaller file
parseCOAXml called for file: 809. D25H33.XML, content length: 19403
Starting parsing.. Size: 19430
Using xml2js for smaller file
parseCOAXml called for file: 809. N24K21.XML, content length: 8665
Starting parsing.. Size: 8690
Using xml2js for smaller file
parseCOAXml called for file: 81. 4D12.XML, content length: 17391
Starting parsing.. Size: 17426
Using xml2js for smaller file
parseCOAXml called for file: 81. 5D03.XML, content length: 18723
Starting parsing.. Size: 18760
Using xml2js for smaller file
parseCOAXml called for file: 81. D25I27 copy.XML, content length: 12498
Starting parsing.. Size: 12525
Using xml2js for smaller file
parseCOAXml called for file: 81. D25I27.XML, content length: 8394
Starting parsing.. Size: 8419
Using xml2js for smaller file
parseCOAXml called for file: 81. D26A04_TIGOMOX EYE DROPS 5ML.XML, content length: 17320
Starting parsing.. Size: 17347
Using xml2js for smaller file
parseCOAXml called for file: 81. PS25039.XML, content length: 12370
Starting parsing.. Size: 12395
Using xml2js for smaller file
parseCOAXml called for file: 81. PS26002.XML, content length: 7747
Starting parsing.. Size: 7772
Using xml2js for smaller file
parseCOAXml called for file: 81. UC24005.XML, content length: 6558
Starting parsing.. Size: 6583
Using xml2js for smaller file
parseCOAXml called for file: 810. D24J16.XML, content length: 19294
Starting parsing.. Size: 19321
Using xml2js for smaller file
parseCOAXml called for file: 810. D25J24.XML, content length: 8597
Starting parsing.. Size: 8622
Using xml2js for smaller file
parseCOAXml called for file: 810. N25H16.XML, content length: 19628
Starting parsing.. Size: 19655
Using xml2js for smaller file
parseCOAXml called for file: 810. RI507.XML, content length: 8487
Starting parsing.. Size: 8512
Using xml2js for smaller file
parseCOAXml called for file: 811. 4K19.XML, content length: 8574
Starting parsing.. Size: 8599
Using xml2js for smaller file
parseCOAXml called for file: 811. D24J17.XML, content length: 19246
Starting parsing.. Size: 19273
Using xml2js for smaller file
parseCOAXml called for file: 811. D25J25.XML, content length: 9850
Starting parsing.. Size: 9875
Using xml2js for smaller file
parseCOAXml called for file: 811. PS25130.XML, content length: 17767
Starting parsing.. Size: 17794
Using xml2js for smaller file
parseCOAXml called for file: 812. 5H16.XML, content length: 16431
Starting parsing.. Size: 16468
Using xml2js for smaller file
parseCOAXml called for file: 812. B4K05.XML, content length: 5581
Starting parsing.. Size: 5606
Using xml2js for smaller file
parseCOAXml called for file: 812. D24J18.XML, content length: 19245
Starting parsing.. Size: 19272
Using xml2js for smaller file
parseCOAXml called for file: 812. N25J16.XML, content length: 6665
Starting parsing.. Size: 6690
Using xml2js for smaller file
parseCOAXml called for file: 813. D24J19.XML, content length: 19294
Starting parsing.. Size: 19321
Using xml2js for smaller file
parseCOAXml called for file: 813. D25H34.XML, content length: 15905
Starting parsing.. Size: 15932
Using xml2js for smaller file
parseCOAXml called for file: 813. N24K22.XML, content length: 9517
Starting parsing.. Size: 9542
Using xml2js for smaller file
parseCOAXml called for file: 813. PS25178.XML, content length: 7747
Starting parsing.. Size: 7772
Using xml2js for smaller file
parseCOAXml called for file: 814. D24J20.XML, content length: 19277
Starting parsing.. Size: 19304
Using xml2js for smaller file
parseCOAXml called for file: 814. D25H34.XML, content length: 15903
Starting parsing.. Size: 15930
Using xml2js for smaller file
parseCOAXml called for file: 814. N24K23.XML, content length: 8737
Starting parsing.. Size: 8762
Using xml2js for smaller file
parseCOAXml called for file: 814. PS25179.XML, content length: 7747
Starting parsing.. Size: 7772
Using xml2js for smaller file
parseCOAXml called for file: 815. D24J20 BIOQFRESH EYE DROPS 10ML.XML, content length: 19277
Starting parsing.. Size: 19304
Using xml2js for smaller file
parseCOAXml called for file: 815. D25J26.XML, content length: 8423
Starting parsing.. Size: 8448
Using xml2js for smaller file
parseCOAXml called for file: 815. N25H17.XML, content length: 19603
Starting parsing.. Size: 19630
Using xml2js for smaller file
parseCOAXml called for file: 815. RI508.XML, content length: 8487
Starting parsing.. Size: 8512
Using xml2js for smaller file
parseCOAXml called for file: 816. B4K06.XML, content length: 5581
Starting parsing.. Size: 5606
Using xml2js for smaller file
parseCOAXml called for file: 816. D24J21.XML, content length: 16745
Starting parsing.. Size: 16772
Using xml2js for smaller file
parseCOAXml called for file: 816. D25J27.XML, content length: 11994
Starting parsing.. Size: 12019
Using xml2js for smaller file
parseCOAXml called for file: 816. N25H17.XML, content length: 19617
Starting parsing.. Size: 19644
Using xml2js for smaller file
parseCOAXml called for file: 817. D24J22 LOTOP EYE DROPS 5ML.XML, content length: 19779
Starting parsing.. Size: 19812
Using xml2js for smaller file
parseCOAXml called for file: 817. N24K24.XML, content length: 9717
Starting parsing.. Size: 9742
Using xml2js for smaller file
parseCOAXml called for file: 817. N25H18.XML, content length: 15029
Starting parsing.. Size: 15056
Using xml2js for smaller file
parseCOAXml called for file: 817. PS25180.XML, content length: 7747
Starting parsing.. Size: 7772
Using xml2js for smaller file
parseCOAXml called for file: 818. 5J16.XML, content length: 7493
Starting parsing.. Size: 7518
Using xml2js for smaller file
parseCOAXml called for file: 818. D24J22 LOTEBIL EYE DROPS 5ML.XML, content length: 19805
Starting parsing.. Size: 19838
Using xml2js for smaller file
parseCOAXml called for file: 818. N24L01.XML, content length: 9542
Starting parsing.. Size: 9567
Using xml2js for smaller file
parseCOAXml called for file: 818. N25H18.XML, content length: 14984
Starting parsing.. Size: 15011
Using xml2js for smaller file
parseCOAXml called for file: 819. B4L01.XML, content length: 5577
Starting parsing.. Size: 5602
Using xml2js for smaller file
parseCOAXml called for file: 819. D24J23 PARACON EYE DROPS 5ML.XML, content length: 14867
Starting parsing.. Size: 14894
Using xml2js for smaller file
parseCOAXml called for file: 819. N25H18.XML, content length: 14942
Starting parsing.. Size: 14969
Using xml2js for smaller file
parseCOAXml called for file: 819. N25J17.XML, content length: 8711
Starting parsing.. Size: 8736
Using xml2js for smaller file
parseCOAXml called for file: 82. 4D13.XML, content length: 17391
Starting parsing.. Size: 17426
Using xml2js for smaller file
parseCOAXml called for file: 82. 5I14 copy.XML, content length: 19639
Starting parsing.. Size: 19674
Using xml2js for smaller file
parseCOAXml called for file: 82. 5I14.XML, content length: 5815
Starting parsing.. Size: 5840
Using xml2js for smaller file
parseCOAXml called for file: 82. D24D34.XML, content length: 8658
Starting parsing.. Size: 8683
Using xml2js for smaller file
parseCOAXml called for file: 82. D25D01.XML, content length: 34304
Starting parsing.. Size: 34331
Using xml2js for smaller file
parseCOAXml called for file: 82. D25D10.XML, content length: 9516
Starting parsing.. Size: 9541
Using xml2js for smaller file
parseCOAXml called for file: 82. D26A04_VARAMOX EYE DROPS 5ML.XML, content length: 17320
Starting parsing.. Size: 17347
Using xml2js for smaller file
parseCOAXml called for file: 82. PS26003.XML, content length: 7747
Starting parsing.. Size: 7772
Using xml2js for smaller file
parseCOAXml called for file: 820. 5J17.XML, content length: 7399
Starting parsing.. Size: 7424
Using xml2js for smaller file
parseCOAXml called for file: 820. D24J23 PARAPREC EYE DROPS 5ML.XML, content length: 14889
Starting parsing.. Size: 14916
Using xml2js for smaller file
parseCOAXml called for file: 820. N24L02.XML, content length: 9498
Starting parsing.. Size: 9523
Using xml2js for smaller file
parseCOAXml called for file: 820. PS25131.XML, content length: 17767
Starting parsing.. Size: 17794
Using xml2js for smaller file
parseCOAXml called for file: 821. CMA142.XML, content length: 9406
Starting parsing.. Size: 9431
Using xml2js for smaller file
parseCOAXml called for file: 821. D24J24.XML, content length: 13589
Starting parsing.. Size: 13616
Using xml2js for smaller file
parseCOAXml called for file: 821. D25J28.XML, content length: 8665
Starting parsing.. Size: 8690
Using xml2js for smaller file
parseCOAXml called for file: 821. PS25132.XML, content length: 17768
Starting parsing.. Size: 17795
Using xml2js for smaller file
parseCOAXml called for file: 822. 5H17.XML, content length: 13493
Starting parsing.. Size: 13520
Using xml2js for smaller file
parseCOAXml called for file: 822. D24J25.XML, content length: 22197
Starting parsing.. Size: 22230
Using xml2js for smaller file
parseCOAXml called for file: 822. D24L01.XML, content length: 8654
Starting parsing.. Size: 8679
Using xml2js for smaller file
parseCOAXml called for file: 822. N25J18.XML, content length: 8680
Starting parsing.. Size: 8705
Using xml2js for smaller file
parseCOAXml called for file: 823. D24J27.XML, content length: 34208
Starting parsing.. Size: 34235
Using xml2js for smaller file
parseCOAXml called for file: 823. D24L02.XML, content length: 8714
Starting parsing.. Size: 8739
Using xml2js for smaller file
parseCOAXml called for file: 823. D25H35.XML, content length: 18247
Starting parsing.. Size: 18274
Using xml2js for smaller file
parseCOAXml called for file: 823. PS25181.XML, content length: 7748
Starting parsing.. Size: 7773
Using xml2js for smaller file
parseCOAXml called for file: 824. 5J18.XML, content length: 9602
Starting parsing.. Size: 9627
Using xml2js for smaller file
parseCOAXml called for file: 824. D24J28.XML, content length: 18608
Starting parsing.. Size: 18635
Using xml2js for smaller file
parseCOAXml called for file: 824. N24L03.XML, content length: 9499
Starting parsing.. Size: 9524
Using xml2js for smaller file
parseCOAXml called for file: 824. N25H19.XML, content length: 18140
Starting parsing.. Size: 18167
Using xml2js for smaller file
parseCOAXml called for file: 825. CMA143.XML, content length: 9407
Starting parsing.. Size: 9432
Using xml2js for smaller file
parseCOAXml called for file: 825. D24J29.XML, content length: 23341
Starting parsing.. Size: 23376
Using xml2js for smaller file
parseCOAXml called for file: 825. D25J29.XML, content length: 9584
Starting parsing.. Size: 9609
Using xml2js for smaller file
parseCOAXml called for file: 825. N25H19.XML, content length: 18154
Starting parsing.. Size: 18181
Using xml2js for smaller file
parseCOAXml called for file: 826. D24J30.XML, content length: 16132
Starting parsing.. Size: 16159
Using xml2js for smaller file
parseCOAXml called for file: 826. D24L03.XML, content length: 9701
Starting parsing.. Size: 9726
Using xml2js for smaller file
parseCOAXml called for file: 826. N25J19.XML, content length: 9638
Starting parsing.. Size: 9663
Using xml2js for smaller file
parseCOAXml called for file: 826. PS25133.XML, content length: 17767
Starting parsing.. Size: 17794
Using xml2js for smaller file
parseCOAXml called for file: 827. D24J31.XML, content length: 21844
Starting parsing.. Size: 21871
Using xml2js for smaller file
parseCOAXml called for file: 827. D24L04.XML, content length: 8683
Starting parsing.. Size: 8708
Using xml2js for smaller file
parseCOAXml called for file: 827. I400.XML, content length: 15419
Starting parsing.. Size: 15446
Using xml2js for smaller file
parseCOAXml called for file: 827. PS25182.XML, content length: 7747
Starting parsing.. Size: 7772
Using xml2js for smaller file
parseCOAXml called for file: 828. D24J32.XML, content length: 20700
Starting parsing.. Size: 20727
Using xml2js for smaller file
parseCOAXml called for file: 828. N24L04.XML, content length: 8646
Starting parsing.. Size: 8671
Using xml2js for smaller file
parseCOAXml called for file: 828. N25H20.XML, content length: 23457
Starting parsing.. Size: 23484
Using xml2js for smaller file
parseCOAXml called for file: 828. PS25183.XML, content length: 7748
Starting parsing.. Size: 7773
Using xml2js for smaller file
parseCOAXml called for file: 829. D24J33.XML, content length: 17294
Starting parsing.. Size: 17321
Using xml2js for smaller file
parseCOAXml called for file: 829. N25H20.XML, content length: 22184
Starting parsing.. Size: 22211
Using xml2js for smaller file
parseCOAXml called for file: 829. PS24191.XML, content length: 7868
Starting parsing.. Size: 7893
Using xml2js for smaller file
parseCOAXml called for file: 829. PS25184.XML, content length: 7747
Starting parsing.. Size: 7772
Using xml2js for smaller file
parseCOAXml called for file: 83. 4D14.XML, content length: 17391
Starting parsing.. Size: 17426
Using xml2js for smaller file
parseCOAXml called for file: 83. D24D35.XML, content length: 8658
Starting parsing.. Size: 8683
Using xml2js for smaller file
parseCOAXml called for file: 83. D25D01.XML, content length: 18486
Starting parsing.. Size: 18513
Using xml2js for smaller file
parseCOAXml called for file: 83. D26A05_GENFOUR-DX EYE DROPS 5ML.XML, content length: 18327
Starting parsing.. Size: 18354
Using xml2js for smaller file
parseCOAXml called for file: 83. D26A23.XML, content length: 9538
Starting parsing.. Size: 9563
Using xml2js for smaller file
parseCOAXml called for file: 83. N25D14.XML, content length: 8669
Starting parsing.. Size: 8694
Using xml2js for smaller file
parseCOAXml called for file: 83. N25I22 copy.XML, content length: 17144
Starting parsing.. Size: 17177
Using xml2js for smaller file
parseCOAXml called for file: 83. N25I22.XML, content length: 8481
Starting parsing.. Size: 8506
Using xml2js for smaller file
parseCOAXml called for file: 830. 5J20.XML, content length: 9601
Starting parsing.. Size: 9626
Using xml2js for smaller file
  ...6500 COA files processed (created 6483)
parseCOAXml called for file: 830. CMA144.XML, content length: 9414
Starting parsing.. Size: 9439
Using xml2js for smaller file
parseCOAXml called for file: 830. D24J34.XML, content length: 16116
Starting parsing.. Size: 16143
Using xml2js for smaller file
parseCOAXml called for file: 830. N25H20.XML, content length: 23459
Starting parsing.. Size: 23486
Using xml2js for smaller file
parseCOAXml called for file: 831. CMA145.XML, content length: 9414
Starting parsing.. Size: 9439
Using xml2js for smaller file
parseCOAXml called for file: 831. D24J35 GLYWET EYE DROPS 10ML.XML, content length: 19975
Starting parsing.. Size: 20002
Using xml2js for smaller file
parseCOAXml called for file: 831. D25J32.XML, content length: 8537
Starting parsing.. Size: 8562
Using xml2js for smaller file
parseCOAXml called for file: 831. N25H20.XML, content length: 22250
Starting parsing.. Size: 22277
Using xml2js for smaller file
parseCOAXml called for file: 832. D24J35 OPTILUBE EYE DROPS 10ML (SOC).XML, content length: 19984
Starting parsing.. Size: 20011
Using xml2js for smaller file
parseCOAXml called for file: 832. D24L05.XML, content length: 8675
Starting parsing.. Size: 8700
Using xml2js for smaller file
parseCOAXml called for file: 832. D25J33.XML, content length: 8422
Starting parsing.. Size: 8447
Using xml2js for smaller file
parseCOAXml called for file: 832. PS25134.XML, content length: 17766
Starting parsing.. Size: 17793
Using xml2js for smaller file
parseCOAXml called for file: 833. D24J36.XML, content length: 16785
Starting parsing.. Size: 16812
Using xml2js for smaller file
parseCOAXml called for file: 833. D24L07.XML, content length: 8654
Starting parsing.. Size: 8679
Using xml2js for smaller file
parseCOAXml called for file: 833. HI25J01.XML, content length: 5582
Starting parsing.. Size: 5607
Using xml2js for smaller file
parseCOAXml called for file: 833. PS25135.XML, content length: 17766
Starting parsing.. Size: 17793
Using xml2js for smaller file
parseCOAXml called for file: 834. D24K01.XML, content length: 17552
Starting parsing.. Size: 17579
Using xml2js for smaller file
parseCOAXml called for file: 834. N24L05.XML, content length: 8722
Starting parsing.. Size: 8747
Using xml2js for smaller file
parseCOAXml called for file: 834. N25J20.XML, content length: 8878
Starting parsing.. Size: 8903
Using xml2js for smaller file
parseCOAXml called for file: 834. RI521.XML, content length: 15599
Starting parsing.. Size: 15626
Using xml2js for smaller file
parseCOAXml called for file: 835. D24K02.XML, content length: 19289
Starting parsing.. Size: 19316
Using xml2js for smaller file
parseCOAXml called for file: 835. I401.XML, content length: 15420
Starting parsing.. Size: 15447
Using xml2js for smaller file
parseCOAXml called for file: 835. N24L06.XML, content length: 9823
Starting parsing.. Size: 9848
Using xml2js for smaller file
parseCOAXml called for file: 835. N25J21.XML, content length: 8839
Starting parsing.. Size: 8864
Using xml2js for smaller file
parseCOAXml called for file: 836. 5J21.XML, content length: 9602
Starting parsing.. Size: 9627
Using xml2js for smaller file
parseCOAXml called for file: 836. D24K03.XML, content length: 16126
Starting parsing.. Size: 16153
Using xml2js for smaller file
parseCOAXml called for file: 836. I401.XML, content length: 15428
Starting parsing.. Size: 15455
Using xml2js for smaller file
parseCOAXml called for file: 836. PS24192.XML, content length: 7868
Starting parsing.. Size: 7893
Using xml2js for smaller file
parseCOAXml called for file: 837. D24K04 MOXIWAVE LP EYE ED 5ML (NEXTWAVE).XML, content length: 23334
Starting parsing.. Size: 23367
Using xml2js for smaller file
parseCOAXml called for file: 837. D25J34.XML, content length: 8651
Starting parsing.. Size: 8676
Using xml2js for smaller file
parseCOAXml called for file: 837. N25H21.XML, content length: 17025
Starting parsing.. Size: 17052
Using xml2js for smaller file
parseCOAXml called for file: 837. PS24193.XML, content length: 7868
Starting parsing.. Size: 7893
Using xml2js for smaller file
parseCOAXml called for file: 838. D24K04 MOXICON-LP EYE DROPS 5ML.XML, content length: 23322
Starting parsing.. Size: 23355
Using xml2js for smaller file
parseCOAXml called for file: 838. D24L08.XML, content length: 8443
Starting parsing.. Size: 8468
Using xml2js for smaller file
parseCOAXml called for file: 838. N25H21.XML, content length: 17078
Starting parsing.. Size: 17105
Using xml2js for smaller file
parseCOAXml called for file: 838. N25J22.XML, content length: 8470
Starting parsing.. Size: 8495
Using xml2js for smaller file
parseCOAXml called for file: 839. 5J22.XML, content length: 8381
Starting parsing.. Size: 8406
Using xml2js for smaller file
parseCOAXml called for file: 839. D24K05 CARMELLOSE SOD ED BP 0.5%(BAHRAIN).XML, content length: 19449
Starting parsing.. Size: 19476
Using xml2js for smaller file
parseCOAXml called for file: 839. D24L09.XML, content length: 9575
Starting parsing.. Size: 9600
Using xml2js for smaller file
parseCOAXml called for file: 839. N25H21.XML, content length: 17025
Starting parsing.. Size: 17052
Using xml2js for smaller file
parseCOAXml called for file: 84. 4D15.XML, content length: 17391
Starting parsing.. Size: 17426
Using xml2js for smaller file
parseCOAXml called for file: 84. D25D01.XML, content length: 21801
Starting parsing.. Size: 21828
Using xml2js for smaller file
parseCOAXml called for file: 84. D25I43 copy.XML, content length: 19631
Starting parsing.. Size: 19658
Using xml2js for smaller file
parseCOAXml called for file: 84. D25I43.XML, content length: 9620
Starting parsing.. Size: 9645
Using xml2js for smaller file
parseCOAXml called for file: 84. D26A05_IO-MOX EYE DROPS 5ML.XML, content length: 18321
Starting parsing.. Size: 18348
Using xml2js for smaller file
parseCOAXml called for file: 84. L1824003.XML, content length: 5441
Starting parsing.. Size: 5466
Using xml2js for smaller file
parseCOAXml called for file: 84. N26A14.XML, content length: 9574
Starting parsing.. Size: 9599
Using xml2js for smaller file
parseCOAXml called for file: 84. PS25040.XML, content length: 7747
Starting parsing.. Size: 7772
Using xml2js for smaller file
parseCOAXml called for file: 840. B5J02.XML, content length: 5581
Starting parsing.. Size: 5606
Using xml2js for smaller file
parseCOAXml called for file: 840. D24K05 OPTIFRRESH EYE DROPS 10ML.XML, content length: 33433
Starting parsing.. Size: 33460
Using xml2js for smaller file
parseCOAXml called for file: 840. I353.XML, content length: 7348
Starting parsing.. Size: 7373
Using xml2js for smaller file
parseCOAXml called for file: 840. N25H21.XML, content length: 17037
Starting parsing.. Size: 17064
Using xml2js for smaller file
parseCOAXml called for file: 841. D24K05 RICHARGE EYE DROPS 10ML.XML, content length: 19269
Starting parsing.. Size: 19296
Using xml2js for smaller file
parseCOAXml called for file: 841. D25J35.XML, content length: 8724
Starting parsing.. Size: 8749
Using xml2js for smaller file
parseCOAXml called for file: 841. N24L07.XML, content length: 8667
Starting parsing.. Size: 8692
Using xml2js for smaller file
parseCOAXml called for file: 841. PS25136.XML, content length: 17766
Starting parsing.. Size: 17793
Using xml2js for smaller file
parseCOAXml called for file: 842. D24K06 OPTIFRRESH PLUS ED 10ML(UGANDA).XML, content length: 17925
Starting parsing.. Size: 17952
Using xml2js for smaller file
parseCOAXml called for file: 842. D25J36.XML, content length: 8434
Starting parsing.. Size: 8459
Using xml2js for smaller file
parseCOAXml called for file: 842. PS24194.XML, content length: 7868
Starting parsing.. Size: 7893
Using xml2js for smaller file
parseCOAXml called for file: 842. RI522.XML, content length: 15598
Starting parsing.. Size: 15625
Using xml2js for smaller file
parseCOAXml called for file: 843. 5H18.XML, content length: 19278
Starting parsing.. Size: 19317
Using xml2js for smaller file
parseCOAXml called for file: 843. D24K06 KERALUBE EYE DROPS 10ML.XML, content length: 17906
Starting parsing.. Size: 17933
Using xml2js for smaller file
parseCOAXml called for file: 843. N25J23.XML, content length: 8641
Starting parsing.. Size: 8666
Using xml2js for smaller file
parseCOAXml called for file: 843. PS24195.XML, content length: 7868
Starting parsing.. Size: 7893
Using xml2js for smaller file
parseCOAXml called for file: 844. D24K07.XML, content length: 17916
Starting parsing.. Size: 17943
Using xml2js for smaller file
parseCOAXml called for file: 844. D24L10.XML, content length: 10630
Starting parsing.. Size: 10655
Using xml2js for smaller file
parseCOAXml called for file: 844. D25K01.XML, content length: 9804
Starting parsing.. Size: 9829
Using xml2js for smaller file
parseCOAXml called for file: 844. N25H22.XML, content length: 16759
Starting parsing.. Size: 16786
Using xml2js for smaller file
parseCOAXml called for file: 845. 5K01.XML, content length: 7324
Starting parsing.. Size: 7349
Using xml2js for smaller file
parseCOAXml called for file: 845. D24K08.XML, content length: 19268
Starting parsing.. Size: 19295
Using xml2js for smaller file
parseCOAXml called for file: 845. I354.XML, content length: 7348
Starting parsing.. Size: 7373
Using xml2js for smaller file
parseCOAXml called for file: 845. N25H23.XML, content length: 16765
Starting parsing.. Size: 16792
Using xml2js for smaller file
parseCOAXml called for file: 846. D24K09.XML, content length: 16134
Starting parsing.. Size: 16161
Using xml2js for smaller file
parseCOAXml called for file: 846. D25K02.XML, content length: 8665
Starting parsing.. Size: 8690
Using xml2js for smaller file
parseCOAXml called for file: 846. N24L08.XML, content length: 8863
Starting parsing.. Size: 8888
Using xml2js for smaller file
parseCOAXml called for file: 846. N25H23.XML, content length: 16756
Starting parsing.. Size: 16783
Using xml2js for smaller file
parseCOAXml called for file: 847. D24K10 TIMOLOL OPH SOL 10ML(JUVENCIA).XML, content length: 15864
Starting parsing.. Size: 15891
Using xml2js for smaller file
parseCOAXml called for file: 847. N25H24.XML, content length: 16760
Starting parsing.. Size: 16787
Using xml2js for smaller file
parseCOAXml called for file: 847. N25K02.XML, content length: 8441
Starting parsing.. Size: 8466
Using xml2js for smaller file
parseCOAXml called for file: 847. PS24196.XML, content length: 7868
Starting parsing.. Size: 7893
Using xml2js for smaller file
parseCOAXml called for file: 848. 5K02.XML, content length: 7324
Starting parsing.. Size: 7349
Using xml2js for smaller file
parseCOAXml called for file: 848. D24K10 TEEMOL EYE DROPS 10ML.XML, content length: 28660
Starting parsing.. Size: 28687
Using xml2js for smaller file
parseCOAXml called for file: 848. I355.XML, content length: 8321
Starting parsing.. Size: 8346
Using xml2js for smaller file
parseCOAXml called for file: 848. PS25137.XML, content length: 17766
Starting parsing.. Size: 17793
Using xml2js for smaller file
parseCOAXml called for file: 849. B5K01.XML, content length: 6803
Starting parsing.. Size: 6828
Using xml2js for smaller file
parseCOAXml called for file: 849. D24K10 TIMOX 5ML (SAMOSPHARMA).XML, content length: 14940
Starting parsing.. Size: 14967
Using xml2js for smaller file
parseCOAXml called for file: 849. N24L09.XML, content length: 8622
Starting parsing.. Size: 8647
Using xml2js for smaller file
parseCOAXml called for file: 849. RI523.XML, content length: 15599
Starting parsing.. Size: 15626
Using xml2js for smaller file
parseCOAXml called for file: 85. 4D16.XML, content length: 17391
Starting parsing.. Size: 17426
Using xml2js for smaller file
parseCOAXml called for file: 85. 5I16 copy.XML, content length: 20211
Starting parsing.. Size: 20248
Using xml2js for smaller file
parseCOAXml called for file: 85. 5I16.XML, content length: 7600
Starting parsing.. Size: 7625
Using xml2js for smaller file
parseCOAXml called for file: 85. D26A05_MOXICON-DX EYE DROPS 5ML.XML, content length: 18323
Starting parsing.. Size: 18350
Using xml2js for smaller file
parseCOAXml called for file: 85. D26A24.XML, content length: 9637
Starting parsing.. Size: 9662
Using xml2js for smaller file
parseCOAXml called for file: 85. N24D20.XML, content length: 12005
Starting parsing.. Size: 12030
Using xml2js for smaller file
parseCOAXml called for file: 85. N25D03.XML, content length: 17968
Starting parsing.. Size: 17995
Using xml2js for smaller file
parseCOAXml called for file: 85. PS25041.XML, content length: 7747
Starting parsing.. Size: 7772
Using xml2js for smaller file
parseCOAXml called for file: 850. D24K11.XML, content length: 21150
Starting parsing.. Size: 21183
Using xml2js for smaller file
parseCOAXml called for file: 850. D25K03.XML, content length: 9896
Starting parsing.. Size: 9921
Using xml2js for smaller file
parseCOAXml called for file: 850. L1825015.XML, content length: 11258
Starting parsing.. Size: 11285
Using xml2js for smaller file
parseCOAXml called for file: 850. PS24197.XML, content length: 7868
Starting parsing.. Size: 7893
Using xml2js for smaller file
parseCOAXml called for file: 851. D24K12 SCINEP CS EYE DROPS 5ML.XML, content length: 16035
Starting parsing.. Size: 16062
Using xml2js for smaller file
parseCOAXml called for file: 851. D24L11.XML, content length: 8411
Starting parsing.. Size: 8436
Using xml2js for smaller file
parseCOAXml called for file: 851. N25K03.XML, content length: 8439
Starting parsing.. Size: 8464
Using xml2js for smaller file
parseCOAXml called for file: 851. RI524.XML, content length: 15599
Starting parsing.. Size: 15626
Using xml2js for smaller file
parseCOAXml called for file: 852. 5H19.XML, content length: 13481
Starting parsing.. Size: 13508
Using xml2js for smaller file
parseCOAXml called for file: 852. 5K03.XML, content length: 7324
Starting parsing.. Size: 7349
Using xml2js for smaller file
parseCOAXml called for file: 852. D24K12 IO-NEPA CS EYE DROPS 5ML.XML, content length: 16016
Starting parsing.. Size: 16043
Using xml2js for smaller file
parseCOAXml called for file: 852. I356.XML, content length: 8322
Starting parsing.. Size: 8347
Using xml2js for smaller file
parseCOAXml called for file: 853. D24K13 KET VISION 5ML(CONGO).XML, content length: 16126
Starting parsing.. Size: 16153
Using xml2js for smaller file
parseCOAXml called for file: 853. D25H37.XML, content length: 19167
Starting parsing.. Size: 19194
Using xml2js for smaller file
parseCOAXml called for file: 853. N24L10.XML, content length: 8966
Starting parsing.. Size: 8991
Using xml2js for smaller file
parseCOAXml called for file: 853. N25K04.XML, content length: 10146
Starting parsing.. Size: 10171
Using xml2js for smaller file
parseCOAXml called for file: 854. 5K04.XML, content length: 7324
Starting parsing.. Size: 7349
Using xml2js for smaller file
parseCOAXml called for file: 854. D24K13 OPTILAC EYE DROPS 5ML.XML, content length: 16119
Starting parsing.. Size: 16146
Using xml2js for smaller file
parseCOAXml called for file: 854. D25H38.XML, content length: 19164
Starting parsing.. Size: 19191
Using xml2js for smaller file
parseCOAXml called for file: 854. PS24198.XML, content length: 7865
Starting parsing.. Size: 7890
Using xml2js for smaller file
parseCOAXml called for file: 855. D24K14.XML, content length: 17163
Starting parsing.. Size: 17196
Using xml2js for smaller file
parseCOAXml called for file: 855. D25K04.XML, content length: 8861
Starting parsing.. Size: 8886
Using xml2js for smaller file
parseCOAXml called for file: 855. L1825016.XML, content length: 11275
Starting parsing.. Size: 11302
Using xml2js for smaller file
parseCOAXml called for file: 855. PS24199.XML, content length: 7865
Starting parsing.. Size: 7890
Using xml2js for smaller file
parseCOAXml called for file: 856. D24K15 DOZODUS EYE DROPS 5ML(JAMAICA).XML, content length: 18732
Starting parsing.. Size: 18759
Using xml2js for smaller file
parseCOAXml called for file: 856. D24L12.XML, content length: 8412
Starting parsing.. Size: 8437
Using xml2js for smaller file
parseCOAXml called for file: 856. D25K05.XML, content length: 9575
Starting parsing.. Size: 9600
Using xml2js for smaller file
parseCOAXml called for file: 856. N25H25.XML, content length: 15912
Starting parsing.. Size: 15939
Using xml2js for smaller file
parseCOAXml called for file: 857. D24K15 DORZY EYE DROPS 5ML.XML, content length: 31514
Starting parsing.. Size: 31541
Using xml2js for smaller file
parseCOAXml called for file: 857. N25H25.XML, content length: 15953
Starting parsing.. Size: 15980
Using xml2js for smaller file
parseCOAXml called for file: 857. N25K05.XML, content length: 9753
Starting parsing.. Size: 9778
Using xml2js for smaller file
parseCOAXml called for file: 857. PS24200.XML, content length: 7865
Starting parsing.. Size: 7890
Using xml2js for smaller file
parseCOAXml called for file: 858. 4L01.XML, content length: 7323
Starting parsing.. Size: 7348
Using xml2js for smaller file
parseCOAXml called for file: 858. D24K16.XML, content length: 16429
Starting parsing.. Size: 16456
Using xml2js for smaller file
parseCOAXml called for file: 858. D25I01.XML, content length: 19164
Starting parsing.. Size: 19191
Using xml2js for smaller file
parseCOAXml called for file: 858. PS25185.XML, content length: 7747
Starting parsing.. Size: 7772
Using xml2js for smaller file
parseCOAXml called for file: 859. 5K05.XML, content length: 7324
Starting parsing.. Size: 7349
Using xml2js for smaller file
parseCOAXml called for file: 859. D24K17 DORZY-T EYE DROPS 5ML(PV HELATHCARE.XML, content length: 22680
Starting parsing.. Size: 22707
Using xml2js for smaller file
parseCOAXml called for file: 859. D24L13.XML, content length: 8641
Starting parsing.. Size: 8666
Using xml2js for smaller file
parseCOAXml called for file: 859. D25I02.XML, content length: 19165
Starting parsing.. Size: 19192
Using xml2js for smaller file
parseCOAXml called for file: 86. 4D17.XML, content length: 17394
Starting parsing.. Size: 17429
Using xml2js for smaller file
parseCOAXml called for file: 86. 5D07.XML, content length: 9584
Starting parsing.. Size: 9609
Using xml2js for smaller file
parseCOAXml called for file: 86. 5J01 copy.XML, content length: 17289
Starting parsing.. Size: 17326
Using xml2js for smaller file
parseCOAXml called for file: 86. 5J01.XML, content length: 7207
Starting parsing.. Size: 7232
Using xml2js for smaller file
parseCOAXml called for file: 86. D24D36.XML, content length: 8405
Starting parsing.. Size: 8430
Using xml2js for smaller file
parseCOAXml called for file: 86. D25D02.XML, content length: 19402
Starting parsing.. Size: 19429
Using xml2js for smaller file
parseCOAXml called for file: 86. D26A06.XML, content length: 21749
Starting parsing.. Size: 21784
Using xml2js for smaller file
parseCOAXml called for file: 86. I425.XML, content length: 8320
Starting parsing.. Size: 8345
Using xml2js for smaller file
parseCOAXml called for file: 860. D24K17 DORZY-T ED 5ML (UGANDA).XML, content length: 23991
Starting parsing.. Size: 24018
Using xml2js for smaller file
parseCOAXml called for file: 860. D24L14.XML, content length: 8561
Starting parsing.. Size: 8586
Using xml2js for smaller file
parseCOAXml called for file: 860. D25K07.XML, content length: 8429
Starting parsing.. Size: 8454
Using xml2js for smaller file
parseCOAXml called for file: 860. L1825017.XML, content length: 11277
Starting parsing.. Size: 11304
Using xml2js for smaller file
parseCOAXml called for file: 861. D24K17 DOZODUS-T EYE DROPS 5ML.XML, content length: 24308
Starting parsing.. Size: 24335
Using xml2js for smaller file
parseCOAXml called for file: 861. N24L12.XML, content length: 8419
Starting parsing.. Size: 8444
Using xml2js for smaller file
parseCOAXml called for file: 861. N25I01.XML, content length: 22873
Starting parsing.. Size: 22906
Using xml2js for smaller file
parseCOAXml called for file: 861. N25K06.XML, content length: 8424
Starting parsing.. Size: 8449
Using xml2js for smaller file
parseCOAXml called for file: 862. D24K17 SCIDORZ-T EYE DROPS 5ML(BKC).XML, content length: 22689
Starting parsing.. Size: 22716
Using xml2js for smaller file
parseCOAXml called for file: 862. N24L13.XML, content length: 8719
Starting parsing.. Size: 8744
Using xml2js for smaller file
parseCOAXml called for file: 862. N25I01.XML, content length: 22936
Starting parsing.. Size: 22969
Using xml2js for smaller file
parseCOAXml called for file: 862. PS25186.XML, content length: 7747
Starting parsing.. Size: 7772
Using xml2js for smaller file
parseCOAXml called for file: 863. 25AM13.XML, content length: 17051
Starting parsing.. Size: 17078
Using xml2js for smaller file
parseCOAXml called for file: 863. D24K18.XML, content length: 17898
Starting parsing.. Size: 17925
Using xml2js for smaller file
parseCOAXml called for file: 863. PS24201.XML, content length: 7868
Starting parsing.. Size: 7893
Using xml2js for smaller file
parseCOAXml called for file: 863. PS25187.XML, content length: 7747
Starting parsing.. Size: 7772
Using xml2js for smaller file
parseCOAXml called for file: 864. 5K06.XML, content length: 7324
Starting parsing.. Size: 7349
Using xml2js for smaller file
parseCOAXml called for file: 864. AI077.XML, content length: 15770
Starting parsing.. Size: 15797
Using xml2js for smaller file
parseCOAXml called for file: 864. D24K19.XML, content length: 16118
Starting parsing.. Size: 16145
Using xml2js for smaller file
parseCOAXml called for file: 864. PS24202.XML, content length: 7868
Starting parsing.. Size: 7893
Using xml2js for smaller file
parseCOAXml called for file: 865. 4L02.XML, content length: 7186
Starting parsing.. Size: 7211
Using xml2js for smaller file
parseCOAXml called for file: 865. D24K20.XML, content length: 16367
Starting parsing.. Size: 16394
Using xml2js for smaller file
parseCOAXml called for file: 865. D25I03.XML, content length: 19164
Starting parsing.. Size: 19191
Using xml2js for smaller file
parseCOAXml called for file: 865. D25K08.XML, content length: 8403
Starting parsing.. Size: 8428
Using xml2js for smaller file
parseCOAXml called for file: 866. D24K21.XML, content length: 34680
Starting parsing.. Size: 34707
Using xml2js for smaller file
parseCOAXml called for file: 866. D24L15.XML, content length: 8407
Starting parsing.. Size: 8432
Using xml2js for smaller file
parseCOAXml called for file: 866. D25K09.XML, content length: 8651
Starting parsing.. Size: 8676
Using xml2js for smaller file
parseCOAXml called for file: 866. N25I02.XML, content length: 27340
Starting parsing.. Size: 27373
Using xml2js for smaller file
parseCOAXml called for file: 867. 5I02.XML, content length: 36534
Starting parsing.. Size: 36581
Using xml2js for smaller file
parseCOAXml called for file: 867. D24K22.XML, content length: 23347
Starting parsing.. Size: 23382
Using xml2js for smaller file
parseCOAXml called for file: 867. N24L14.XML, content length: 9753
Starting parsing.. Size: 9778
Using xml2js for smaller file
parseCOAXml called for file: 867. N25K07.XML, content length: 8424
Starting parsing.. Size: 8449
Using xml2js for smaller file
parseCOAXml called for file: 868. D24K23.XML, content length: 18371
Starting parsing.. Size: 18398
Using xml2js for smaller file
parseCOAXml called for file: 868. D25I04.XML, content length: 19165
Starting parsing.. Size: 19192
Using xml2js for smaller file
parseCOAXml called for file: 868. N24L15.XML, content length: 8606
Starting parsing.. Size: 8631
Using xml2js for smaller file
parseCOAXml called for file: 868. PS25188.XML, content length: 7747
Starting parsing.. Size: 7772
Using xml2js for smaller file
parseCOAXml called for file: 869. 5K07.XML, content length: 7324
Starting parsing.. Size: 7349
Using xml2js for smaller file
parseCOAXml called for file: 869. D24K25.XML, content length: 18665
Starting parsing.. Size: 18698
Using xml2js for smaller file
parseCOAXml called for file: 869. D25I05.XML, content length: 19165
Starting parsing.. Size: 19192
Using xml2js for smaller file
parseCOAXml called for file: 869. PS24203.XML, content length: 7868
Starting parsing.. Size: 7893
Using xml2js for smaller file
parseCOAXml called for file: 87. 4E01.XML, content length: 17391
Starting parsing.. Size: 17426
Using xml2js for smaller file
parseCOAXml called for file: 87. D26A07.XML, content length: 18264
Starting parsing.. Size: 18291
Using xml2js for smaller file
parseCOAXml called for file: 87. I374.XML, content length: 15375
Starting parsing.. Size: 15402
Using xml2js for smaller file
parseCOAXml called for file: 87. N24D21.XML, content length: 12005
Starting parsing.. Size: 12030
Using xml2js for smaller file
parseCOAXml called for file: 87. N25D15.XML, content length: 10629
Starting parsing.. Size: 10654
Using xml2js for smaller file
parseCOAXml called for file: 87. N25J02 copy.XML, content length: 19968
Starting parsing.. Size: 19995
Using xml2js for smaller file
parseCOAXml called for file: 87. N25J02.XML, content length: 9564
Starting parsing.. Size: 9589
Using xml2js for smaller file
parseCOAXml called for file: 87. PS26004.XML, content length: 7747
Starting parsing.. Size: 7772
Using xml2js for smaller file
parseCOAXml called for file: 870. D24K26.XML, content length: 17184
Starting parsing.. Size: 17211
Using xml2js for smaller file
parseCOAXml called for file: 870. D25K10.XML, content length: 8710
Starting parsing.. Size: 8735
Using xml2js for smaller file
parseCOAXml called for file: 870. HI25I01.XML, content length: 14512
Starting parsing.. Size: 14539
Using xml2js for smaller file
parseCOAXml called for file: 870. N24L16.XML, content length: 8432
Starting parsing.. Size: 8457
Using xml2js for smaller file
parseCOAXml called for file: 871. D24K27.XML, content length: 17654
Starting parsing.. Size: 17681
Using xml2js for smaller file
parseCOAXml called for file: 871. D25K11.XML, content length: 8686
Starting parsing.. Size: 8711
Using xml2js for smaller file
parseCOAXml called for file: 871. N25I03.XML, content length: 16969
Starting parsing.. Size: 16996
Using xml2js for smaller file
parseCOAXml called for file: 871. PS24204.XML, content length: 7868
Starting parsing.. Size: 7893
Using xml2js for smaller file
parseCOAXml called for file: 872. D24K28 NEFAMAX EYE DROPS 5ML.XML, content length: 21131
Starting parsing.. Size: 21164
Using xml2js for smaller file
parseCOAXml called for file: 872. N25I04.XML, content length: 15897
Starting parsing.. Size: 15924
Using xml2js for smaller file
parseCOAXml called for file: 872. N25K08.XML, content length: 8724
Starting parsing.. Size: 8749
Using xml2js for smaller file
parseCOAXml called for file: 872. PS24205.XML, content length: 7868
Starting parsing.. Size: 7893
Using xml2js for smaller file
parseCOAXml called for file: 873. 24AM17.XML, content length: 7500
Starting parsing.. Size: 7525
Using xml2js for smaller file
parseCOAXml called for file: 873. D24K28 ASTANAC EYE DROPS 5ML.XML, content length: 21131
Starting parsing.. Size: 21164
Using xml2js for smaller file
parseCOAXml called for file: 873. D25I06.XML, content length: 19338
Starting parsing.. Size: 19365
Using xml2js for smaller file
parseCOAXml called for file: 873. PS25189.XML, content length: 7747
Starting parsing.. Size: 7772
Using xml2js for smaller file
parseCOAXml called for file: 874. D24K28 NEPANEXT EYE DROPS 5ML (SOC).XML, content length: 21138
Starting parsing.. Size: 21171
Using xml2js for smaller file
parseCOAXml called for file: 874. D24L17.XML, content length: 9674
Starting parsing.. Size: 9699
Using xml2js for smaller file
parseCOAXml called for file: 874. D25I06.XML, content length: 19342
Starting parsing.. Size: 19369
Using xml2js for smaller file
parseCOAXml called for file: 874. D25K12.XML, content length: 8867
Starting parsing.. Size: 8892
Using xml2js for smaller file
parseCOAXml called for file: 875. D24K28 VALNEP EYE DROPS 5ML  (SOC).XML, content length: 21133
Starting parsing.. Size: 21166
Using xml2js for smaller file
parseCOAXml called for file: 875. D24L18.XML, content length: 8642
Starting parsing.. Size: 8667
Using xml2js for smaller file
parseCOAXml called for file: 875. D25K13.XML, content length: 8616
Starting parsing.. Size: 8641
Using xml2js for smaller file
parseCOAXml called for file: 875. HI25I02.XML, content length: 14511
Starting parsing.. Size: 14538
Using xml2js for smaller file
parseCOAXml called for file: 876. D24K29.XML, content length: 33449
Starting parsing.. Size: 33476
Using xml2js for smaller file
parseCOAXml called for file: 876. I402.XML, content length: 19392
Starting parsing.. Size: 19419
Using xml2js for smaller file
parseCOAXml called for file: 876. N25K09.XML, content length: 9695
Starting parsing.. Size: 9720
Using xml2js for smaller file
parseCOAXml called for file: 876. PS24206.XML, content length: 7868
Starting parsing.. Size: 7893
Using xml2js for smaller file
parseCOAXml called for file: 877. D24K30 VAINOSS EYE DROPS 10ML.XML, content length: 19605
Starting parsing.. Size: 19632
Using xml2js for smaller file
parseCOAXml called for file: 877. D24L19.XML, content length: 8431
Starting parsing.. Size: 8456
Using xml2js for smaller file
parseCOAXml called for file: 877. N25I05.XML, content length: 15892
Starting parsing.. Size: 15919
Using xml2js for smaller file
parseCOAXml called for file: 877. PZ25005.XML, content length: 7756
Starting parsing.. Size: 7781
Using xml2js for smaller file
parseCOAXml called for file: 878. 5K08.XML, content length: 7324
Starting parsing.. Size: 7349
Using xml2js for smaller file
parseCOAXml called for file: 878. D24K30 ASTEARS ULTRA EYE DROPS 10ML.XML, content length: 19666
Starting parsing.. Size: 19693
Using xml2js for smaller file
parseCOAXml called for file: 878. D24L20.XML, content length: 9641
Starting parsing.. Size: 9666
Using xml2js for smaller file
parseCOAXml called for file: 878. N25I06.XML, content length: 18323
Starting parsing.. Size: 18350
Using xml2js for smaller file
parseCOAXml called for file: 879. D24K31.XML, content length: 16746
Starting parsing.. Size: 16773
Using xml2js for smaller file
parseCOAXml called for file: 879. D25K14.XML, content length: 9535
Starting parsing.. Size: 9560
Using xml2js for smaller file
parseCOAXml called for file: 879. N24L18.XML, content length: 9848
Starting parsing.. Size: 9873
Using xml2js for smaller file
parseCOAXml called for file: 879. N25I06.XML, content length: 18338
Starting parsing.. Size: 18365
Using xml2js for smaller file
parseCOAXml called for file: 88. 4E02.XML, content length: 17391
Starting parsing.. Size: 17426
Using xml2js for smaller file
parseCOAXml called for file: 88. A045.XML, content length: 8192
Starting parsing.. Size: 8217
Using xml2js for smaller file
parseCOAXml called for file: 88. D25D04.XML, content length: 17908
Starting parsing.. Size: 17935
Using xml2js for smaller file
parseCOAXml called for file: 88. D25J13 copy.XML, content length: 15931
Starting parsing.. Size: 15958
Using xml2js for smaller file
parseCOAXml called for file: 88. D25J13.XML, content length: 8453
Starting parsing.. Size: 8478
Using xml2js for smaller file
parseCOAXml called for file: 88. D26A08.XML, content length: 16188
Starting parsing.. Size: 16215
Using xml2js for smaller file
parseCOAXml called for file: 88. N24D22.XML, content length: 12005
Starting parsing.. Size: 12030
Using xml2js for smaller file
parseCOAXml called for file: 88. PS25042.XML, content length: 7747
Starting parsing.. Size: 7772
Using xml2js for smaller file
parseCOAXml called for file: 880. D24L01.XML, content length: 19406
Starting parsing.. Size: 19433
Using xml2js for smaller file
parseCOAXml called for file: 880. D25I08.XML, content length: 17160
Starting parsing.. Size: 17193
Using xml2js for smaller file
parseCOAXml called for file: 880. N24L19.XML, content length: 9703
Starting parsing.. Size: 9728
Using xml2js for smaller file
parseCOAXml called for file: 880. PZ25006.XML, content length: 7757
Starting parsing.. Size: 7782
Using xml2js for smaller file
parseCOAXml called for file: 881. 5K09.XML, content length: 7324
Starting parsing.. Size: 7349
Using xml2js for smaller file
parseCOAXml called for file: 881. D24L02 PROPARACAINE HCL OPH USP 5ML GMSCL.XML, content length: 14963
Starting parsing.. Size: 14990
Using xml2js for smaller file
parseCOAXml called for file: 881. D25I08.XML, content length: 17144
Starting parsing.. Size: 17177
Using xml2js for smaller file
parseCOAXml called for file: 881. PZ24006.XML, content length: 7754
Starting parsing.. Size: 7779
Using xml2js for smaller file
parseCOAXml called for file: 882. 4L03.XML, content length: 7508
Starting parsing.. Size: 7533
Using xml2js for smaller file
parseCOAXml called for file: 882. D24L02 HYDROCAIN EYE DROPS 5ML.XML, content length: 14876
Starting parsing.. Size: 14903
Using xml2js for smaller file
parseCOAXml called for file: 882. D25I08.XML, content length: 17143
Starting parsing.. Size: 17176
Using xml2js for smaller file
  ...6750 COA files processed (created 6733)
parseCOAXml called for file: 882. D25K16.XML, content length: 10772
Starting parsing.. Size: 10799
Using xml2js for smaller file
parseCOAXml called for file: 883. D24L03.XML, content length: 19632
Starting parsing.. Size: 19665
Using xml2js for smaller file
parseCOAXml called for file: 883. D25K17.XML, content length: 8820
Starting parsing.. Size: 8845
Using xml2js for smaller file
parseCOAXml called for file: 883. I403.XML, content length: 19393
Starting parsing.. Size: 19420
Using xml2js for smaller file
parseCOAXml called for file: 883. N24L20.XML, content length: 11569
Starting parsing.. Size: 11594
Using xml2js for smaller file
parseCOAXml called for file: 884. D24L04.XML, content length: 29922
Starting parsing.. Size: 29949
Using xml2js for smaller file
parseCOAXml called for file: 884. N24L21.XML, content length: 8440
Starting parsing.. Size: 8465
Using xml2js for smaller file
parseCOAXml called for file: 884. N25I07.XML, content length: 27400
Starting parsing.. Size: 27433
Using xml2js for smaller file
parseCOAXml called for file: 884. N25K11.XML, content length: 9758
Starting parsing.. Size: 9783
Using xml2js for smaller file
parseCOAXml called for file: 885. 5I03.XML, content length: 20731
Starting parsing.. Size: 20768
Using xml2js for smaller file
parseCOAXml called for file: 885. 5K10.XML, content length: 7324
Starting parsing.. Size: 7349
Using xml2js for smaller file
parseCOAXml called for file: 885. D24L05.XML, content length: 16152
Starting parsing.. Size: 16179
Using xml2js for smaller file
parseCOAXml called for file: 885. PS24207.XML, content length: 7868
Starting parsing.. Size: 7893
Using xml2js for smaller file
parseCOAXml called for file: 886. 5I03.XML, content length: 20703
Starting parsing.. Size: 20740
Using xml2js for smaller file
parseCOAXml called for file: 886. D24L07 AQUASOOTHE EYE DROPS 10ML.XML, content length: 19297
Starting parsing.. Size: 19324
Using xml2js for smaller file
parseCOAXml called for file: 886. D25K18.XML, content length: 10525
Starting parsing.. Size: 10552
Using xml2js for smaller file
parseCOAXml called for file: 886. RI509.XML, content length: 8493
Starting parsing.. Size: 8518
Using xml2js for smaller file
parseCOAXml called for file: 887. 4L04.XML, content length: 7506
Starting parsing.. Size: 7531
Using xml2js for smaller file
parseCOAXml called for file: 887. B5I01.XML, content length: 14477
Starting parsing.. Size: 14504
Using xml2js for smaller file
parseCOAXml called for file: 887. D24L07 SCIFRESH EYE DROPS 10ML.XML, content length: 19363
Starting parsing.. Size: 19392
Using xml2js for smaller file
parseCOAXml called for file: 887. D25K19.XML, content length: 8651
Starting parsing.. Size: 8676
Using xml2js for smaller file
parseCOAXml called for file: 888. 25AM14.XML, content length: 9850
Starting parsing.. Size: 9875
Using xml2js for smaller file
parseCOAXml called for file: 888. D24L07 GENLUBE EYE DROPS 10ML.XML, content length: 19262
Starting parsing.. Size: 19289
Using xml2js for smaller file
parseCOAXml called for file: 888. D25I09.XML, content length: 15961
Starting parsing.. Size: 15988
Using xml2js for smaller file
parseCOAXml called for file: 888. N24L22.XML, content length: 8658
Starting parsing.. Size: 8683
Using xml2js for smaller file
parseCOAXml called for file: 889. 5K11.XML, content length: 7324
Starting parsing.. Size: 7349
Using xml2js for smaller file
parseCOAXml called for file: 889. D24L08.XML, content length: 16141
Starting parsing.. Size: 16168
Using xml2js for smaller file
parseCOAXml called for file: 889. D25I10.XML, content length: 15967
Starting parsing.. Size: 15994
Using xml2js for smaller file
parseCOAXml called for file: 889. PS24208.XML, content length: 7868
Starting parsing.. Size: 7893
Using xml2js for smaller file
parseCOAXml called for file: 89. 24AM06.XML, content length: 9855
Starting parsing.. Size: 9880
Using xml2js for smaller file
parseCOAXml called for file: 89. 4E03.XML, content length: 17391
Starting parsing.. Size: 17426
Using xml2js for smaller file
parseCOAXml called for file: 89. D25J15 copy.XML, content length: 16790
Starting parsing.. Size: 16817
Using xml2js for smaller file
parseCOAXml called for file: 89. D25J15.XML, content length: 8379
Starting parsing.. Size: 8404
Using xml2js for smaller file
parseCOAXml called for file: 89. D26A09.XML, content length: 20928
Starting parsing.. Size: 20961
Using xml2js for smaller file
parseCOAXml called for file: 89. D26A25.XML, content length: 8651
Starting parsing.. Size: 8676
Using xml2js for smaller file
parseCOAXml called for file: 89. I375.XML, content length: 15376
Starting parsing.. Size: 15403
Using xml2js for smaller file
parseCOAXml called for file: 89. PS25043.XML, content length: 7747
Starting parsing.. Size: 7772
Using xml2js for smaller file
parseCOAXml called for file: 890. AI079.XML, content length: 5548
Starting parsing.. Size: 5573
Using xml2js for smaller file
parseCOAXml called for file: 890. D24L09.XML, content length: 22593
Starting parsing.. Size: 22620
Using xml2js for smaller file
parseCOAXml called for file: 890. N25I08.XML, content length: 27296
Starting parsing.. Size: 27329
Using xml2js for smaller file
parseCOAXml called for file: 890. RI510.XML, content length: 8493
Starting parsing.. Size: 8518
Using xml2js for smaller file
parseCOAXml called for file: 891. 4L05.XML, content length: 8576
Starting parsing.. Size: 8601
Using xml2js for smaller file
parseCOAXml called for file: 891. 5I04.XML, content length: 17119
Starting parsing.. Size: 17146
Using xml2js for smaller file
parseCOAXml called for file: 891. D24L10 SCIMOX-LP EYE DROPS 5ML.XML, content length: 23342
Starting parsing.. Size: 23375
Using xml2js for smaller file
parseCOAXml called for file: 891. N25K12.XML, content length: 9760
Starting parsing.. Size: 9785
Using xml2js for smaller file
parseCOAXml called for file: 892. 5K12.XML, content length: 8569
Starting parsing.. Size: 8594
Using xml2js for smaller file
parseCOAXml called for file: 892. D24L10 GENFOUR-LP EYE DROPS 5ML.XML, content length: 23330
Starting parsing.. Size: 23363
Using xml2js for smaller file
parseCOAXml called for file: 892. D25I11.XML, content length: 15890
Starting parsing.. Size: 15917
Using xml2js for smaller file
parseCOAXml called for file: 892. N24L23.XML, content length: 8658
Starting parsing.. Size: 8683
Using xml2js for smaller file
parseCOAXml called for file: 893. D24L11.XML, content length: 17326
Starting parsing.. Size: 17359
Using xml2js for smaller file
parseCOAXml called for file: 893. D25I12.XML, content length: 15890
Starting parsing.. Size: 15917
Using xml2js for smaller file
parseCOAXml called for file: 893. D25K20.XML, content length: 9848
Starting parsing.. Size: 9873
Using xml2js for smaller file
parseCOAXml called for file: 893. RI511.XML, content length: 8489
Starting parsing.. Size: 8514
Using xml2js for smaller file
parseCOAXml called for file: 894. D24L12.XML, content length: 17330
Starting parsing.. Size: 17363
Using xml2js for smaller file
parseCOAXml called for file: 894. D25K21.XML, content length: 9849
Starting parsing.. Size: 9874
Using xml2js for smaller file
parseCOAXml called for file: 894. N25I09.XML, content length: 27304
Starting parsing.. Size: 27337
Using xml2js for smaller file
parseCOAXml called for file: 894. UC24011.XML, content length: 6554
Starting parsing.. Size: 6579
Using xml2js for smaller file
parseCOAXml called for file: 895. D24L13.XML, content length: 16016
Starting parsing.. Size: 16043
Using xml2js for smaller file
parseCOAXml called for file: 895. GP168.XML, content length: 12390
Starting parsing.. Size: 12417
Using xml2js for smaller file
parseCOAXml called for file: 895. N24L24.XML, content length: 8658
Starting parsing.. Size: 8683
Using xml2js for smaller file
parseCOAXml called for file: 895. N25K13.XML, content length: 10827
Starting parsing.. Size: 10854
Using xml2js for smaller file
parseCOAXml called for file: 896. 5K13.XML, content length: 8569
Starting parsing.. Size: 8594
Using xml2js for smaller file
parseCOAXml called for file: 896. D24L14.XML, content length: 17174
Starting parsing.. Size: 17207
Using xml2js for smaller file
parseCOAXml called for file: 896. GP168.XML, content length: 12403
Starting parsing.. Size: 12430
Using xml2js for smaller file
parseCOAXml called for file: 896. RI512.XML, content length: 8493
Starting parsing.. Size: 8518
Using xml2js for smaller file
parseCOAXml called for file: 897. 5I05.XML, content length: 17114
Starting parsing.. Size: 17141
Using xml2js for smaller file
parseCOAXml called for file: 897. D24L15 HYLOFRESH EYE DROPS 10ML(ECF).XML, content length: 16129
Starting parsing.. Size: 16156
Using xml2js for smaller file
parseCOAXml called for file: 897. L1825022.XML, content length: 5444
Starting parsing.. Size: 5469
Using xml2js for smaller file
parseCOAXml called for file: 897. UC24012.XML, content length: 6554
Starting parsing.. Size: 6579
Using xml2js for smaller file
parseCOAXml called for file: 898. 5I05.XML, content length: 17129
Starting parsing.. Size: 17156
Using xml2js for smaller file
parseCOAXml called for file: 898. 5K14.XML, content length: 8585
Starting parsing.. Size: 8610
Using xml2js for smaller file
parseCOAXml called for file: 898. D24L15 DEWEYE-HA EYE DROPS 10ML(ECF).XML, content length: 16125
Starting parsing.. Size: 16152
Using xml2js for smaller file
parseCOAXml called for file: 898. D24L21.XML, content length: 8719
Starting parsing.. Size: 8744
Using xml2js for smaller file
parseCOAXml called for file: 899. D24L17.XML, content length: 18593
Starting parsing.. Size: 18620
Using xml2js for smaller file
parseCOAXml called for file: 899. D25I13.XML, content length: 16175
Starting parsing.. Size: 16208
Using xml2js for smaller file
parseCOAXml called for file: 899. N24L25.XML, content length: 8660
Starting parsing.. Size: 8685
Using xml2js for smaller file
parseCOAXml called for file: 899. N25K14.XML, content length: 8366
Starting parsing.. Size: 8391
Using xml2js for smaller file
parseCOAXml called for file: 9. 24AM09.XML, content length: 19598
Starting parsing.. Size: 19625
Using xml2js for smaller file
parseCOAXml called for file: 9. 25AM15.XML, content length: 9850
Starting parsing.. Size: 9875
Using xml2js for smaller file
parseCOAXml called for file: 9. 26AM08_PGVISC EYE DROPS 5ML P.S..XML, content length: 19607
Starting parsing.. Size: 19634
Using xml2js for smaller file
parseCOAXml called for file: 9. 4D01.XML, content length: 7307
Starting parsing.. Size: 7332
Using xml2js for smaller file
parseCOAXml called for file: 9. 6D01.XML, content length: 8572
Starting parsing.. Size: 8597
Using xml2js for smaller file
parseCOAXml called for file: 9. D25L18.XML, content length: 15931
Starting parsing.. Size: 15958
Using xml2js for smaller file
parseCOAXml called for file: 9. D25L35.XML, content length: 18164
Starting parsing.. Size: 18191
Using xml2js for smaller file
parseCOAXml called for file: 9. I422.XML, content length: 7346
Starting parsing.. Size: 7371
Using xml2js for smaller file
parseCOAXml called for file: 9. N25L19 copy.XML, content length: 18308
Starting parsing.. Size: 18335
Using xml2js for smaller file
parseCOAXml called for file: 9. N25L19.XML, content length: 8031
Starting parsing.. Size: 8056
Using xml2js for smaller file
parseCOAXml called for file: 90. 4E04.XML, content length: 17391
Starting parsing.. Size: 17426
Using xml2js for smaller file
parseCOAXml called for file: 90. AI074.XML, content length: 5548
Starting parsing.. Size: 5573
Using xml2js for smaller file
parseCOAXml called for file: 90. D24D37.XML, content length: 8607
Starting parsing.. Size: 8632
Using xml2js for smaller file
parseCOAXml called for file: 90. D25J16 copy.XML, content length: 19361
Starting parsing.. Size: 19388
Using xml2js for smaller file
parseCOAXml called for file: 90. D25J16.XML, content length: 8493
Starting parsing.. Size: 8518
Using xml2js for smaller file
parseCOAXml called for file: 90. D26A10_NIKINAC-OD EYE DROPS 3ML.XML, content length: 20972
Starting parsing.. Size: 21005
Using xml2js for smaller file
parseCOAXml called for file: 90. N25D05.XML, content length: 20936
Starting parsing.. Size: 20969
Using xml2js for smaller file
parseCOAXml called for file: 90. N26A16.XML, content length: 8374
Starting parsing.. Size: 8399
Using xml2js for smaller file
parseCOAXml called for file: 900. D24L18.XML, content length: 16095
Starting parsing.. Size: 16122
Using xml2js for smaller file
parseCOAXml called for file: 900. D25I13.XML, content length: 16200
Starting parsing.. Size: 16233
Using xml2js for smaller file
parseCOAXml called for file: 900. PS24209.XML, content length: 7868
Starting parsing.. Size: 7893
Using xml2js for smaller file
parseCOAXml called for file: 900. UC25008.XML, content length: 6589
Starting parsing.. Size: 6614
Using xml2js for smaller file
parseCOAXml called for file: 901. D24L19.XML, content length: 16116
Starting parsing.. Size: 16143
Using xml2js for smaller file
parseCOAXml called for file: 901. D24L22.XML, content length: 8654
Starting parsing.. Size: 8679
Using xml2js for smaller file
parseCOAXml called for file: 901. D25I14.XML, content length: 21829
Starting parsing.. Size: 21856
Using xml2js for smaller file
parseCOAXml called for file: 901. D25K22.XML, content length: 9682
Starting parsing.. Size: 9707
Using xml2js for smaller file
parseCOAXml called for file: 902. D24L20 G-NAC EYE DROPS 5ML.XML, content length: 21125
Starting parsing.. Size: 21158
Using xml2js for smaller file
parseCOAXml called for file: 902. D25I14.XML, content length: 21802
Starting parsing.. Size: 21829
Using xml2js for smaller file
parseCOAXml called for file: 902. D25K23.XML, content length: 9682
Starting parsing.. Size: 9707
Using xml2js for smaller file
parseCOAXml called for file: 902. N24L26.XML, content length: 8593
Starting parsing.. Size: 8618
Using xml2js for smaller file
parseCOAXml called for file: 903. 5I06.XML, content length: 17335
Starting parsing.. Size: 17372
Using xml2js for smaller file
parseCOAXml called for file: 903. 5K16.XML, content length: 7373
Starting parsing.. Size: 7398
Using xml2js for smaller file
parseCOAXml called for file: 903. D24L20 NEPAGOLD EYE DROPS 5ML.XML, content length: 21135
Starting parsing.. Size: 21168
Using xml2js for smaller file
parseCOAXml called for file: 903. PS24210.XML, content length: 7868
Starting parsing.. Size: 7893
Using xml2js for smaller file
parseCOAXml called for file: 904. 4L06.XML, content length: 8576
Starting parsing.. Size: 8601
Using xml2js for smaller file
parseCOAXml called for file: 904. D24L20 SOLUNEP EYE DROPS 5ML (SOC).XML, content length: 21137
Starting parsing.. Size: 21170
Using xml2js for smaller file
parseCOAXml called for file: 904. D25I16.XML, content length: 19495
Starting parsing.. Size: 19528
Using xml2js for smaller file
parseCOAXml called for file: 904. D25K24.XML, content length: 8436
Starting parsing.. Size: 8461
Using xml2js for smaller file
parseCOAXml called for file: 905. D24L20 IO-NEPA EYE DROPS 5ML (SOC).XML, content length: 21142
Starting parsing.. Size: 21175
Using xml2js for smaller file
parseCOAXml called for file: 905. D24L23.XML, content length: 8727
Starting parsing.. Size: 8752
Using xml2js for smaller file
parseCOAXml called for file: 905. D25I16.XML, content length: 19489
Starting parsing.. Size: 19522
Using xml2js for smaller file
parseCOAXml called for file: 905. N25K15.XML, content length: 8367
Starting parsing.. Size: 8392
Using xml2js for smaller file
parseCOAXml called for file: 906. D24L21.XML, content length: 17180
Starting parsing.. Size: 17207
Using xml2js for smaller file
parseCOAXml called for file: 906. D24L24.XML, content length: 9743
Starting parsing.. Size: 9768
Using xml2js for smaller file
parseCOAXml called for file: 906. N25I10.XML, content length: 13777
Starting parsing.. Size: 13804
Using xml2js for smaller file
parseCOAXml called for file: 906. PS25190.XML, content length: 7747
Starting parsing.. Size: 7772
Using xml2js for smaller file
parseCOAXml called for file: 907. D24L22 OLITEARS EYE DROPS 10ML.XML, content length: 19502
Starting parsing.. Size: 19529
Using xml2js for smaller file
parseCOAXml called for file: 907. D25K25.XML, content length: 8437
Starting parsing.. Size: 8462
Using xml2js for smaller file
parseCOAXml called for file: 907. N24L27.XML, content length: 8473
Starting parsing.. Size: 8498
Using xml2js for smaller file
parseCOAXml called for file: 907. PS25138.XML, content length: 17767
Starting parsing.. Size: 17794
Using xml2js for smaller file
parseCOAXml called for file: 908. 5I07.XML, content length: 17338
Starting parsing.. Size: 17375
Using xml2js for smaller file
parseCOAXml called for file: 908. D24L22 OPTIFRRESH EYE DROPS 10ML.XML, content length: 33497
Starting parsing.. Size: 33526
Using xml2js for smaller file
parseCOAXml called for file: 908. I413.XML, content length: 8436
Starting parsing.. Size: 8461
Using xml2js for smaller file
parseCOAXml called for file: 908. PS24211.XML, content length: 7868
Starting parsing.. Size: 7893
Using xml2js for smaller file
parseCOAXml called for file: 909. D24L22 TREK TEAR EYE DROPS 10ML.XML, content length: 19339
Starting parsing.. Size: 19366
Using xml2js for smaller file
parseCOAXml called for file: 909. PS24212.XML, content length: 7868
Starting parsing.. Size: 7893
Using xml2js for smaller file
parseCOAXml called for file: 909. PS25139.XML, content length: 17767
Starting parsing.. Size: 17794
Using xml2js for smaller file
parseCOAXml called for file: 909. PS25191.XML, content length: 7747
Starting parsing.. Size: 7772
Using xml2js for smaller file
parseCOAXml called for file: 91. 4E05.XML, content length: 17390
Starting parsing.. Size: 17425
Using xml2js for smaller file
parseCOAXml called for file: 91. D24D38.XML, content length: 10775
Starting parsing.. Size: 10802
Using xml2js for smaller file
parseCOAXml called for file: 91. D25D13.XML, content length: 8617
Starting parsing.. Size: 8642
Using xml2js for smaller file
parseCOAXml called for file: 91. D25J20 copy.XML, content length: 19769
Starting parsing.. Size: 19802
Using xml2js for smaller file
parseCOAXml called for file: 91. D25J20.XML, content length: 8425
Starting parsing.. Size: 8450
Using xml2js for smaller file
parseCOAXml called for file: 91. D26A10_IO-NEPA OD EYE DROPS 3ML.XML, content length: 32694
Starting parsing.. Size: 32733
Using xml2js for smaller file
parseCOAXml called for file: 91. D26A26.XML, content length: 8682
Starting parsing.. Size: 8707
Using xml2js for smaller file
parseCOAXml called for file: 91. N25D05.XML, content length: 20948
Starting parsing.. Size: 20981
Using xml2js for smaller file
parseCOAXml called for file: 910. D24L23 SCIFRESH GEL EYE DROPS 10ML.XML, content length: 19368
Starting parsing.. Size: 19395
Using xml2js for smaller file
parseCOAXml called for file: 910. N24L28.XML, content length: 8432
Starting parsing.. Size: 8457
Using xml2js for smaller file
parseCOAXml called for file: 910. PS25140.XML, content length: 17766
Starting parsing.. Size: 17793
Using xml2js for smaller file
parseCOAXml called for file: 910. PS25192.XML, content length: 7747
Starting parsing.. Size: 7772
Using xml2js for smaller file
parseCOAXml called for file: 911. 5I08.XML, content length: 17335
Starting parsing.. Size: 17372
Using xml2js for smaller file
parseCOAXml called for file: 911. D24L23 OLITEARS DS EYE DROPS 10ML.XML, content length: 19352
Starting parsing.. Size: 19379
Using xml2js for smaller file
parseCOAXml called for file: 911. D25K26.XML, content length: 8437
Starting parsing.. Size: 8462
Using xml2js for smaller file
parseCOAXml called for file: 911. PS24213.XML, content length: 7868
Starting parsing.. Size: 7893
Using xml2js for smaller file
parseCOAXml called for file: 912. D24L24.XML, content length: 14680
Starting parsing.. Size: 14707
Using xml2js for smaller file
parseCOAXml called for file: 912. D24L25.XML, content length: 8436
Starting parsing.. Size: 8461
Using xml2js for smaller file
parseCOAXml called for file: 912. D25I19.XML, content length: 16194
Starting parsing.. Size: 16222
Using xml2js for smaller file
parseCOAXml called for file: 912. D25K27.XML, content length: 10419
Starting parsing.. Size: 10446
Using xml2js for smaller file
parseCOAXml called for file: 913. D24L25 SOHYL EYE DROPS 10ML.XML, content length: 16118
Starting parsing.. Size: 16145
Using xml2js for smaller file
parseCOAXml called for file: 913. D24L26.XML, content length: 8425
Starting parsing.. Size: 8450
Using xml2js for smaller file
parseCOAXml called for file: 913. D25I19.XML, content length: 16075
Starting parsing.. Size: 16102
Using xml2js for smaller file
parseCOAXml called for file: 913. N25K16.XML, content length: 8416
Starting parsing.. Size: 8441
Using xml2js for smaller file
parseCOAXml called for file: 914. D24L25 HEXA EYE DROPS 10ML(PRAXAN).XML, content length: 16145
Starting parsing.. Size: 16172
Using xml2js for smaller file
parseCOAXml called for file: 914. D25I20.XML, content length: 16761
Starting parsing.. Size: 16788
Using xml2js for smaller file
parseCOAXml called for file: 914. N24L29.XML, content length: 8432
Starting parsing.. Size: 8457
Using xml2js for smaller file
parseCOAXml called for file: 914. PS25193.XML, content length: 7747
Starting parsing.. Size: 7772
Using xml2js for smaller file
parseCOAXml called for file: 915. 5K18.XML, content length: 7506
Starting parsing.. Size: 7531
Using xml2js for smaller file
parseCOAXml called for file: 915. D24L26.XML, content length: 15991
Starting parsing.. Size: 16018
Using xml2js for smaller file
parseCOAXml called for file: 915. N25I11.XML, content length: 27315
Starting parsing.. Size: 27348
Using xml2js for smaller file
parseCOAXml called for file: 915. PS24214.XML, content length: 7868
Starting parsing.. Size: 7893
Using xml2js for smaller file
parseCOAXml called for file: 916. 4L08.XML, content length: 9580
Starting parsing.. Size: 9605
Using xml2js for smaller file
parseCOAXml called for file: 916. D24L27.XML, content length: 20032
Starting parsing.. Size: 20065
Using xml2js for smaller file
parseCOAXml called for file: 916. D25K28.XML, content length: 8431
Starting parsing.. Size: 8456
Using xml2js for smaller file
parseCOAXml called for file: 916. PS25141.XML, content length: 17769
Starting parsing.. Size: 17796
Using xml2js for smaller file
parseCOAXml called for file: 917. D24L27.XML, content length: 8651
Starting parsing.. Size: 8676
Using xml2js for smaller file
parseCOAXml called for file: 917. D24L28.XML, content length: 14867
Starting parsing.. Size: 14894
Using xml2js for smaller file
parseCOAXml called for file: 917. D25K29.XML, content length: 9712
Starting parsing.. Size: 9737
Using xml2js for smaller file
parseCOAXml called for file: 917. PS25142.XML, content length: 17768
Starting parsing.. Size: 17795
Using xml2js for smaller file
parseCOAXml called for file: 918. D24L28.XML, content length: 8712
Starting parsing.. Size: 8737
Using xml2js for smaller file
parseCOAXml called for file: 918. D24L29.XML, content length: 21688
Starting parsing.. Size: 21715
Using xml2js for smaller file
parseCOAXml called for file: 918. D25I21.XML, content length: 18033
Starting parsing.. Size: 18060
Using xml2js for smaller file
parseCOAXml called for file: 918. IS0015K.XML, content length: 9406
Starting parsing.. Size: 9433
Using xml2js for smaller file
parseCOAXml called for file: 919. D24L30.XML, content length: 18642
Starting parsing.. Size: 18669
Using xml2js for smaller file
parseCOAXml called for file: 919. D25I22.XML, content length: 19630
Starting parsing.. Size: 19657
Using xml2js for smaller file
parseCOAXml called for file: 919. N24L30.XML, content length: 8681
Starting parsing.. Size: 8706
Using xml2js for smaller file
parseCOAXml called for file: 919. PS25194.XML, content length: 7747
Starting parsing.. Size: 7772
Using xml2js for smaller file
parseCOAXml called for file: 92. 4E06.XML, content length: 17391
Starting parsing.. Size: 17426
Using xml2js for smaller file
parseCOAXml called for file: 92. 5J19 copy.XML, content length: 19141
Starting parsing.. Size: 19178
Using xml2js for smaller file
parseCOAXml called for file: 92. 5J19.XML, content length: 7481
Starting parsing.. Size: 7506
Using xml2js for smaller file
parseCOAXml called for file: 92. D25D14.XML, content length: 8713
Starting parsing.. Size: 8738
Using xml2js for smaller file
parseCOAXml called for file: 92. D26A10_NEPFRE-OD EYE DROPS 3ML.XML, content length: 32692
Starting parsing.. Size: 32731
Using xml2js for smaller file
parseCOAXml called for file: 92. I426.XML, content length: 8321
Starting parsing.. Size: 8346
Using xml2js for smaller file
parseCOAXml called for file: 92. N25D05.XML, content length: 20952
Starting parsing.. Size: 20985
Using xml2js for smaller file
parseCOAXml called for file: 92. PS24066.XML, content length: 7865
Starting parsing.. Size: 7890
Using xml2js for smaller file
parseCOAXml called for file: 920. 4L09.XML, content length: 5307
Starting parsing.. Size: 5332
Using xml2js for smaller file
parseCOAXml called for file: 920. D24L32.XML, content length: 20707
Starting parsing.. Size: 20734
Using xml2js for smaller file
parseCOAXml called for file: 920. D25I22.XML, content length: 19621
Starting parsing.. Size: 19648
Using xml2js for smaller file
parseCOAXml called for file: 920. D25K30.XML, content length: 9452
Starting parsing.. Size: 9477
Using xml2js for smaller file
parseCOAXml called for file: 921. D24L29.XML, content length: 8823
Starting parsing.. Size: 8848
Using xml2js for smaller file
parseCOAXml called for file: 921. D24L33 NEOFRESH EYE DROPS 10ML(NEOVISION).XML, content length: 17997
Starting parsing.. Size: 18024
Using xml2js for smaller file
parseCOAXml called for file: 921. D25K31.XML, content length: 9462
Starting parsing.. Size: 9487
Using xml2js for smaller file
parseCOAXml called for file: 921. N25I12.XML, content length: 27316
Starting parsing.. Size: 27349
Using xml2js for smaller file
parseCOAXml called for file: 922. D24L30.XML, content length: 8853
Starting parsing.. Size: 8878
Using xml2js for smaller file
parseCOAXml called for file: 922. D24L33 NEOFRESH ED 10ML PS (NEOVISION).XML, content length: 17998
Starting parsing.. Size: 18025
Using xml2js for smaller file
parseCOAXml called for file: 922. N25K17.XML, content length: 8680
Starting parsing.. Size: 8705
Using xml2js for smaller file
parseCOAXml called for file: 922. PS25143.XML, content length: 17767
Starting parsing.. Size: 17794
Using xml2js for smaller file
parseCOAXml called for file: 923. 5K19.XML, content length: 8433
Starting parsing.. Size: 8458
Using xml2js for smaller file
parseCOAXml called for file: 923. D24L33 TEARSPAN EYE DROPS 10ML.XML, content length: 17975
Starting parsing.. Size: 18002
Using xml2js for smaller file
parseCOAXml called for file: 923. N24L32.XML, content length: 10153
Starting parsing.. Size: 10178
Using xml2js for smaller file
parseCOAXml called for file: 923. PS25144.XML, content length: 17770
Starting parsing.. Size: 17797
Using xml2js for smaller file
parseCOAXml called for file: 924. D24L34.XML, content length: 18790
Starting parsing.. Size: 18817
Using xml2js for smaller file
parseCOAXml called for file: 924. D25I23.XML, content length: 17910
Starting parsing.. Size: 17937
Using xml2js for smaller file
parseCOAXml called for file: 924. D25K32.XML, content length: 9900
Starting parsing.. Size: 9925
Using xml2js for smaller file
parseCOAXml called for file: 924. N24L34.XML, content length: 9574
Starting parsing.. Size: 9599
Using xml2js for smaller file
parseCOAXml called for file: 925. D24L32.XML, content length: 9771
Starting parsing.. Size: 9796
Using xml2js for smaller file
parseCOAXml called for file: 925. D24L35 MOXICON EYE DROPS 5ML.XML, content length: 34134
Starting parsing.. Size: 34161
Using xml2js for smaller file
parseCOAXml called for file: 925. D25I24.XML, content length: 17911
Starting parsing.. Size: 17938
Using xml2js for smaller file
parseCOAXml called for file: 925. N25K18.XML, content length: 8622
Starting parsing.. Size: 8647
Using xml2js for smaller file
parseCOAXml called for file: 926. D24L33.XML, content length: 9763
Starting parsing.. Size: 9788
Using xml2js for smaller file
parseCOAXml called for file: 926. D24L35 AQUAMOX EYE DROPS 5ML.XML, content length: 17562
Starting parsing.. Size: 17589
Using xml2js for smaller file
parseCOAXml called for file: 926. N25I13.XML, content length: 27315
Starting parsing.. Size: 27348
Using xml2js for smaller file
parseCOAXml called for file: 926. PS25195.XML, content length: 7747
Starting parsing.. Size: 7772
Using xml2js for smaller file
parseCOAXml called for file: 927. D24L35 VISIOQUIN EYE DROPS 5ML.XML, content length: 17546
Starting parsing.. Size: 17573
Using xml2js for smaller file
parseCOAXml called for file: 927. N24L35.XML, content length: 9848
Starting parsing.. Size: 9873
Using xml2js for smaller file
parseCOAXml called for file: 927. PS25145.XML, content length: 17767
Starting parsing.. Size: 17794
Using xml2js for smaller file
parseCOAXml called for file: 927. PS25196.XML, content length: 7747
Starting parsing.. Size: 7772
Using xml2js for smaller file
parseCOAXml called for file: 928. D24L34.XML, content length: 8525
Starting parsing.. Size: 8550
Using xml2js for smaller file
parseCOAXml called for file: 928. D24L35 TIGOMOX EYE DROPS 5ML.XML, content length: 17539
Starting parsing.. Size: 17566
Using xml2js for smaller file
parseCOAXml called for file: 928. D25K33.XML, content length: 9859
Starting parsing.. Size: 9884
Using xml2js for smaller file
parseCOAXml called for file: 928. PS25146.XML, content length: 17767
Starting parsing.. Size: 17794
Using xml2js for smaller file
parseCOAXml called for file: 929. 5I09.XML, content length: 14713
Starting parsing.. Size: 14740
Using xml2js for smaller file
parseCOAXml called for file: 929. D24L35 IO-MOX EYE DROPS 5ML.XML, content length: 17537
Starting parsing.. Size: 17564
Using xml2js for smaller file
parseCOAXml called for file: 929. D24L35.XML, content length: 8666
Starting parsing.. Size: 8691
Using xml2js for smaller file
parseCOAXml called for file: 929. N25K19.XML, content length: 8444
Starting parsing.. Size: 8469
Using xml2js for smaller file
parseCOAXml called for file: 93. 4E07.XML, content length: 17378
Starting parsing.. Size: 17413
Using xml2js for smaller file
parseCOAXml called for file: 93. D24D39.XML, content length: 8435
Starting parsing.. Size: 8460
Using xml2js for smaller file
parseCOAXml called for file: 93. D25J30 copy.XML, content length: 15942
Starting parsing.. Size: 15969
Using xml2js for smaller file
parseCOAXml called for file: 93. D25J30.XML, content length: 8442
Starting parsing.. Size: 8467
Using xml2js for smaller file
parseCOAXml called for file: 93. D26A11.XML, content length: 19589
Starting parsing.. Size: 19616
Using xml2js for smaller file
parseCOAXml called for file: 93. D26A27.XML, content length: 8441
Starting parsing.. Size: 8466
Using xml2js for smaller file
parseCOAXml called for file: 93. N25D05.XML, content length: 20934
Starting parsing.. Size: 20967
Using xml2js for smaller file
parseCOAXml called for file: 93. N25D16.XML, content length: 8464
Starting parsing.. Size: 8489
Using xml2js for smaller file
parseCOAXml called for file: 930. D24L35 MOKSEE EYE DROPS 5ML.XML, content length: 17536
Starting parsing.. Size: 17563
Using xml2js for smaller file
parseCOAXml called for file: 930. D25I25.XML, content length: 17910
Starting parsing.. Size: 17937
Using xml2js for smaller file
parseCOAXml called for file: 930. N24L36.XML, content length: 9907
Starting parsing.. Size: 9932
Using xml2js for smaller file
parseCOAXml called for file: 930. PS25197.XML, content length: 7747
Starting parsing.. Size: 7772
Using xml2js for smaller file
parseCOAXml called for file: 931. D24A01.XML, content length: 9735
Starting parsing.. Size: 9760
Using xml2js for smaller file
parseCOAXml called for file: 931. D25K34.XML, content length: 9736
Starting parsing.. Size: 9761
Using xml2js for smaller file
parseCOAXml called for file: 931. GP152.XML, content length: 12584
Starting parsing.. Size: 12611
Using xml2js for smaller file
parseCOAXml called for file: 931. PS25147.XML, content length: 17767
Starting parsing.. Size: 17794
Using xml2js for smaller file
parseCOAXml called for file: 932. D24A02.XML, content length: 8420
Starting parsing.. Size: 8445
Using xml2js for smaller file
parseCOAXml called for file: 932. D25K35.XML, content length: 8728
Starting parsing.. Size: 8753
Using xml2js for smaller file
parseCOAXml called for file: 932. GP153.XML, content length: 12580
Starting parsing.. Size: 12607
Using xml2js for smaller file
  ...7000 COA files processed (created 6983)
parseCOAXml called for file: 932. PS25148.XML, content length: 17770
Starting parsing.. Size: 17797
Using xml2js for smaller file
parseCOAXml called for file: 933. 5I10.XML, content length: 14713
Starting parsing.. Size: 14740
Using xml2js for smaller file
parseCOAXml called for file: 933. GP154.XML, content length: 12589
Starting parsing.. Size: 12616
Using xml2js for smaller file
parseCOAXml called for file: 933. I414.XML, content length: 7267
Starting parsing.. Size: 7292
Using xml2js for smaller file
parseCOAXml called for file: 933. N24A01.XML, content length: 8725
Starting parsing.. Size: 8750
Using xml2js for smaller file
parseCOAXml called for file: 934. 5I11.XML, content length: 14747
Starting parsing.. Size: 14774
Using xml2js for smaller file
parseCOAXml called for file: 934. GP155.XML, content length: 12596
Starting parsing.. Size: 12623
Using xml2js for smaller file
parseCOAXml called for file: 934. N24A02.XML, content length: 9702
Starting parsing.. Size: 9727
Using xml2js for smaller file
parseCOAXml called for file: 934. N25K20.XML, content length: 8444
Starting parsing.. Size: 8469
Using xml2js for smaller file
parseCOAXml called for file: 935. D25I26.XML, content length: 17911
Starting parsing.. Size: 17938
Using xml2js for smaller file
parseCOAXml called for file: 935. GP156.XML, content length: 12596
Starting parsing.. Size: 12623
Using xml2js for smaller file
parseCOAXml called for file: 935. PS24001.XML, content length: 7866
Starting parsing.. Size: 7891
Using xml2js for smaller file
parseCOAXml called for file: 935. PS25198.XML, content length: 7747
Starting parsing.. Size: 7772
Using xml2js for smaller file
parseCOAXml called for file: 936. 5K20.XML, content length: 7298
Starting parsing.. Size: 7323
Using xml2js for smaller file
parseCOAXml called for file: 936. CMA101.XML, content length: 9412
Starting parsing.. Size: 9437
Using xml2js for smaller file
parseCOAXml called for file: 936. GP157.XML, content length: 12594
Starting parsing.. Size: 12621
Using xml2js for smaller file
parseCOAXml called for file: 936. N25I14.XML, content length: 32689
Starting parsing.. Size: 32728
Using xml2js for smaller file
parseCOAXml called for file: 937. CMA102.XML, content length: 9411
Starting parsing.. Size: 9436
Using xml2js for smaller file
parseCOAXml called for file: 937. D25K36.XML, content length: 8652
Starting parsing.. Size: 8677
Using xml2js for smaller file
parseCOAXml called for file: 937. GP158.XML, content length: 12591
Starting parsing.. Size: 12618
Using xml2js for smaller file
parseCOAXml called for file: 937. N25I14.XML, content length: 20969
Starting parsing.. Size: 21002
Using xml2js for smaller file
parseCOAXml called for file: 938. D24A03.XML, content length: 8685
Starting parsing.. Size: 8710
Using xml2js for smaller file
parseCOAXml called for file: 938. GP159.XML, content length: 12591
Starting parsing.. Size: 12618
Using xml2js for smaller file
parseCOAXml called for file: 938. N25K21.XML, content length: 8444
Starting parsing.. Size: 8469
Using xml2js for smaller file
parseCOAXml called for file: 938. PS25149.XML, content length: 17768
Starting parsing.. Size: 17795
Using xml2js for smaller file
parseCOAXml called for file: 939. GP160.XML, content length: 12591
Starting parsing.. Size: 12618
Using xml2js for smaller file
parseCOAXml called for file: 939. HI24A01.XML, content length: 5593
Starting parsing.. Size: 5618
Using xml2js for smaller file
parseCOAXml called for file: 939. N25K22.XML, content length: 8442
Starting parsing.. Size: 8467
Using xml2js for smaller file
parseCOAXml called for file: 939. PS25150.XML, content length: 17768
Starting parsing.. Size: 17795
Using xml2js for smaller file
parseCOAXml called for file: 94. 4E08.XML, content length: 20491
Starting parsing.. Size: 20528
Using xml2js for smaller file
parseCOAXml called for file: 94. D25D05.XML, content length: 17908
Starting parsing.. Size: 17935
Using xml2js for smaller file
parseCOAXml called for file: 94. D25D15.XML, content length: 8655
Starting parsing.. Size: 8680
Using xml2js for smaller file
parseCOAXml called for file: 94. D25J31 copy.XML, content length: 14940
Starting parsing.. Size: 14967
Using xml2js for smaller file
parseCOAXml called for file: 94. D25J31.XML, content length: 8524
Starting parsing.. Size: 8549
Using xml2js for smaller file
parseCOAXml called for file: 94. D26A12.XML, content length: 15913
Starting parsing.. Size: 15940
Using xml2js for smaller file
parseCOAXml called for file: 94. I427.XML, content length: 7343
Starting parsing.. Size: 7368
Using xml2js for smaller file
parseCOAXml called for file: 94. N24D23.XML, content length: 8697
Starting parsing.. Size: 8722
Using xml2js for smaller file
parseCOAXml called for file: 940. D25I28.XML, content length: 17899
Starting parsing.. Size: 17926
Using xml2js for smaller file
parseCOAXml called for file: 940. GP161 ps.XML, content length: 12602
Starting parsing.. Size: 12629
Using xml2js for smaller file
parseCOAXml called for file: 940. N24A03.XML, content length: 8396
Starting parsing.. Size: 8421
Using xml2js for smaller file
parseCOAXml called for file: 940. PS25199.XML, content length: 7747
Starting parsing.. Size: 7772
Using xml2js for smaller file
parseCOAXml called for file: 941. D25I29.XML, content length: 17969
Starting parsing.. Size: 17996
Using xml2js for smaller file
parseCOAXml called for file: 941. GP161.XML, content length: 12590
Starting parsing.. Size: 12617
Using xml2js for smaller file
parseCOAXml called for file: 941. N24A04.XML, content length: 9566
Starting parsing.. Size: 9591
Using xml2js for smaller file
parseCOAXml called for file: 941. PS25200.XML, content length: 7747
Starting parsing.. Size: 7772
Using xml2js for smaller file
parseCOAXml called for file: 942. 24AM01.XML, content length: 9856
Starting parsing.. Size: 9881
Using xml2js for smaller file
parseCOAXml called for file: 942. D25I29.XML, content length: 17899
Starting parsing.. Size: 17926
Using xml2js for smaller file
parseCOAXml called for file: 942. D25K37.XML, content length: 8641
Starting parsing.. Size: 8666
Using xml2js for smaller file
parseCOAXml called for file: 942. HI24A01.XML, content length: 14486
Starting parsing.. Size: 14513
Using xml2js for smaller file
parseCOAXml called for file: 943. CMA103.XML, content length: 9411
Starting parsing.. Size: 9436
Using xml2js for smaller file
parseCOAXml called for file: 943. HI24H03 ps.XML, content length: 14871
Starting parsing.. Size: 14898
Using xml2js for smaller file
parseCOAXml called for file: 943. I405.XML, content length: 15365
Starting parsing.. Size: 15392
Using xml2js for smaller file
parseCOAXml called for file: 943. I415.XML, content length: 8425
Starting parsing.. Size: 8450
Using xml2js for smaller file
parseCOAXml called for file: 944. CMA104.XML, content length: 9411
Starting parsing.. Size: 9436
Using xml2js for smaller file
parseCOAXml called for file: 944. HI24F01.XML, content length: 14859
Starting parsing.. Size: 14886
Using xml2js for smaller file
parseCOAXml called for file: 944. N25I15.XML, content length: 17313
Starting parsing.. Size: 17340
Using xml2js for smaller file
parseCOAXml called for file: 944. N25K23.XML, content length: 9638
Starting parsing.. Size: 9663
Using xml2js for smaller file
parseCOAXml called for file: 945. D24A04.XML, content length: 8420
Starting parsing.. Size: 8445
Using xml2js for smaller file
parseCOAXml called for file: 945. HI24H01.XML, content length: 14859
Starting parsing.. Size: 14886
Using xml2js for smaller file
parseCOAXml called for file: 945. N25I15.XML, content length: 17259
Starting parsing.. Size: 17286
Using xml2js for smaller file
parseCOAXml called for file: 945. PS25201.XML, content length: 7747
Starting parsing.. Size: 7772
Using xml2js for smaller file
parseCOAXml called for file: 946. B5K02.XML, content length: 5581
Starting parsing.. Size: 5606
Using xml2js for smaller file
parseCOAXml called for file: 946. D24A05.XML, content length: 8790
Starting parsing.. Size: 8815
Using xml2js for smaller file
parseCOAXml called for file: 946. HI24I01.XML, content length: 14858
Starting parsing.. Size: 14885
Using xml2js for smaller file
parseCOAXml called for file: 946. N25I16.XML, content length: 17342
Starting parsing.. Size: 17369
Using xml2js for smaller file
parseCOAXml called for file: 947. D24A06.XML, content length: 8658
Starting parsing.. Size: 8683
Using xml2js for smaller file
parseCOAXml called for file: 947. D25K38.XML, content length: 9530
Starting parsing.. Size: 9555
Using xml2js for smaller file
parseCOAXml called for file: 947. HI24I02.XML, content length: 14858
Starting parsing.. Size: 14885
Using xml2js for smaller file
parseCOAXml called for file: 947. N25I16.XML, content length: 21078
Starting parsing.. Size: 21105
Using xml2js for smaller file
parseCOAXml called for file: 948. D25K39.XML, content length: 10828
Starting parsing.. Size: 10853
Using xml2js for smaller file
parseCOAXml called for file: 948. HI24J01.XML, content length: 14879
Starting parsing.. Size: 14906
Using xml2js for smaller file
parseCOAXml called for file: 948. I315.XML, content length: 7349
Starting parsing.. Size: 7374
Using xml2js for smaller file
parseCOAXml called for file: 948. N25I16.XML, content length: 21096
Starting parsing.. Size: 21123
Using xml2js for smaller file
parseCOAXml called for file: 949. HI24J02.XML, content length: 14868
Starting parsing.. Size: 14895
Using xml2js for smaller file
parseCOAXml called for file: 949. I416.XML, content length: 7346
Starting parsing.. Size: 7371
Using xml2js for smaller file
parseCOAXml called for file: 949. N24A05.XML, content length: 9613
Starting parsing.. Size: 9638
Using xml2js for smaller file
parseCOAXml called for file: 949. PS25151.XML, content length: 17769
Starting parsing.. Size: 17796
Using xml2js for smaller file
parseCOAXml called for file: 95. 4E09 lpd.XML, content length: 18931
Starting parsing.. Size: 18968
Using xml2js for smaller file
parseCOAXml called for file: 95. D26A13.XML, content length: 16984
Starting parsing.. Size: 17011
Using xml2js for smaller file
parseCOAXml called for file: 95. D26A28.XML, content length: 9776
Starting parsing.. Size: 9801
Using xml2js for smaller file
parseCOAXml called for file: 95. N25D06.XML, content length: 18491
Starting parsing.. Size: 18518
Using xml2js for smaller file
parseCOAXml called for file: 95. N25D17.XML, content length: 9761
Starting parsing.. Size: 9786
Using xml2js for smaller file
parseCOAXml called for file: 95. N25K01 copy.XML, content length: 18512
Starting parsing.. Size: 18539
Using xml2js for smaller file
parseCOAXml called for file: 95. N25K01.XML, content length: 8469
Starting parsing.. Size: 8494
Using xml2js for smaller file
parseCOAXml called for file: 95. PS24067.XML, content length: 7865
Starting parsing.. Size: 7890
Using xml2js for smaller file
parseCOAXml called for file: 950. HI24J03.XML, content length: 14507
Starting parsing.. Size: 14534
Using xml2js for smaller file
parseCOAXml called for file: 950. N25K24.XML, content length: 9638
Starting parsing.. Size: 9663
Using xml2js for smaller file
parseCOAXml called for file: 950. PS24002.XML, content length: 7866
Starting parsing.. Size: 7891
Using xml2js for smaller file
parseCOAXml called for file: 950. PS25152.XML, content length: 17768
Starting parsing.. Size: 17795
Using xml2js for smaller file
parseCOAXml called for file: 951. D25I30.XML, content length: 19287
Starting parsing.. Size: 19314
Using xml2js for smaller file
parseCOAXml called for file: 951. D25K40.XML, content length: 8724
Starting parsing.. Size: 8749
Using xml2js for smaller file
parseCOAXml called for file: 951. HI24J04.XML, content length: 14510
Starting parsing.. Size: 14537
Using xml2js for smaller file
parseCOAXml called for file: 951. PS24003.XML, content length: 7866
Starting parsing.. Size: 7891
Using xml2js for smaller file
parseCOAXml called for file: 952. D24A07.XML, content length: 9785
Starting parsing.. Size: 9810
Using xml2js for smaller file
parseCOAXml called for file: 952. D25I30.XML, content length: 19337
Starting parsing.. Size: 19364
Using xml2js for smaller file
parseCOAXml called for file: 952. D25K41.XML, content length: 8652
Starting parsing.. Size: 8677
Using xml2js for smaller file
parseCOAXml called for file: 952. I315.XML, content length: 15672
Starting parsing.. Size: 15699
Using xml2js for smaller file
parseCOAXml called for file: 953. D25I30.XML, content length: 19272
Starting parsing.. Size: 19299
Using xml2js for smaller file
parseCOAXml called for file: 953. I316 (2).XML, content length: 15676
Starting parsing.. Size: 15703
Using xml2js for smaller file
parseCOAXml called for file: 953. I316.XML, content length: 7348
Starting parsing.. Size: 7373
Using xml2js for smaller file
parseCOAXml called for file: 953. I417.XML, content length: 7347
Starting parsing.. Size: 7372
Using xml2js for smaller file
parseCOAXml called for file: 954. I317.XML, content length: 19465
Starting parsing.. Size: 19498
Using xml2js for smaller file
parseCOAXml called for file: 954. I406.XML, content length: 15363
Starting parsing.. Size: 15390
Using xml2js for smaller file
parseCOAXml called for file: 954. N24A06.XML, content length: 9611
Starting parsing.. Size: 9636
Using xml2js for smaller file
parseCOAXml called for file: 954. N25K25.XML, content length: 9573
Starting parsing.. Size: 9598
Using xml2js for smaller file
parseCOAXml called for file: 955. B5K03.XML, content length: 6800
Starting parsing.. Size: 6825
Using xml2js for smaller file
parseCOAXml called for file: 955. I318.XML, content length: 19466
Starting parsing.. Size: 19499
Using xml2js for smaller file
parseCOAXml called for file: 955. N24A07.XML, content length: 9845
Starting parsing.. Size: 9870
Using xml2js for smaller file
parseCOAXml called for file: 955. PS25153.XML, content length: 17768
Starting parsing.. Size: 17795
Using xml2js for smaller file
parseCOAXml called for file: 956. D25K42.XML, content length: 9617
Starting parsing.. Size: 9642
Using xml2js for smaller file
parseCOAXml called for file: 956. I319.XML, content length: 15478
Starting parsing.. Size: 15505
Using xml2js for smaller file
parseCOAXml called for file: 956. PS24004.XML, content length: 7866
Starting parsing.. Size: 7891
Using xml2js for smaller file
parseCOAXml called for file: 956. PS25154.XML, content length: 17766
Starting parsing.. Size: 17793
Using xml2js for smaller file
parseCOAXml called for file: 957. 5I12.XML, content length: 18613
Starting parsing.. Size: 18652
Using xml2js for smaller file
parseCOAXml called for file: 957. I320.XML, content length: 15478
Starting parsing.. Size: 15505
Using xml2js for smaller file
parseCOAXml called for file: 957. I418.XML, content length: 7242
Starting parsing.. Size: 7267
Using xml2js for smaller file
parseCOAXml called for file: 957. N24A08.XML, content length: 9530
Starting parsing.. Size: 9555
Using xml2js for smaller file
parseCOAXml called for file: 958. CMA105.XML, content length: 9413
Starting parsing.. Size: 9438
Using xml2js for smaller file
parseCOAXml called for file: 958. D25I31.XML, content length: 33509
Starting parsing.. Size: 33536
Using xml2js for smaller file
parseCOAXml called for file: 958. D25L02.XML, content length: 8715
Starting parsing.. Size: 8740
Using xml2js for smaller file
parseCOAXml called for file: 958. I321.XML, content length: 15252
Starting parsing.. Size: 15279
Using xml2js for smaller file
parseCOAXml called for file: 959. CMA106.XML, content length: 9412
Starting parsing.. Size: 9437
Using xml2js for smaller file
parseCOAXml called for file: 959. D25I31.XML, content length: 19155
Starting parsing.. Size: 19182
Using xml2js for smaller file
parseCOAXml called for file: 959. I322 (5500114).XML, content length: 15252
Starting parsing.. Size: 15279
Using xml2js for smaller file
parseCOAXml called for file: 959. N25L01.XML, content length: 8635
Starting parsing.. Size: 8660
Using xml2js for smaller file
parseCOAXml called for file: 96. 4E09 lotop.XML, content length: 18948
Starting parsing.. Size: 18985
Using xml2js for smaller file
parseCOAXml called for file: 96. 5D11.XML, content length: 8431
Starting parsing.. Size: 8456
Using xml2js for smaller file
parseCOAXml called for file: 96. D25K06 copy.XML, content length: 18459
Starting parsing.. Size: 18486
Using xml2js for smaller file
parseCOAXml called for file: 96. D25K06.XML, content length: 8529
Starting parsing.. Size: 8554
Using xml2js for smaller file
parseCOAXml called for file: 96. D26A14_HYLOFRESH EYE DROPS 10ML.XML, content length: 15924
Starting parsing.. Size: 15951
Using xml2js for smaller file
parseCOAXml called for file: 96. D26A29.XML, content length: 8418
Starting parsing.. Size: 8443
Using xml2js for smaller file
parseCOAXml called for file: 96. N25D07.XML, content length: 23466
Starting parsing.. Size: 23493
Using xml2js for smaller file
parseCOAXml called for file: 96. PS24068.XML, content length: 7865
Starting parsing.. Size: 7890
Using xml2js for smaller file
parseCOAXml called for file: 960. D24A08.XML, content length: 8658
Starting parsing.. Size: 8683
Using xml2js for smaller file
parseCOAXml called for file: 960. D25I31.XML, content length: 19154
Starting parsing.. Size: 19181
Using xml2js for smaller file
parseCOAXml called for file: 960. GP170.XML, content length: 8717
Starting parsing.. Size: 8742
Using xml2js for smaller file
parseCOAXml called for file: 960. I322 P.S (8000157).XML, content length: 15253
Starting parsing.. Size: 15280
Using xml2js for smaller file
parseCOAXml called for file: 961. D25I31.XML, content length: 19157
Starting parsing.. Size: 19184
Using xml2js for smaller file
parseCOAXml called for file: 961. I323.XML, content length: 19818
Starting parsing.. Size: 19845
Using xml2js for smaller file
parseCOAXml called for file: 961. I419.XML, content length: 7244
Starting parsing.. Size: 7269
Using xml2js for smaller file
parseCOAXml called for file: 961. N24A09.XML, content length: 9529
Starting parsing.. Size: 9554
Using xml2js for smaller file
parseCOAXml called for file: 962. D25I31.XML, content length: 19161
Starting parsing.. Size: 19188
Using xml2js for smaller file
parseCOAXml called for file: 962. I324.XML, content length: 19823
Starting parsing.. Size: 19850
Using xml2js for smaller file
parseCOAXml called for file: 962. N25L02.XML, content length: 8635
Starting parsing.. Size: 8660
Using xml2js for smaller file
parseCOAXml called for file: 962. PS24005.XML, content length: 7866
Starting parsing.. Size: 7891
Using xml2js for smaller file
parseCOAXml called for file: 963. D25I32.XML, content length: 20360
Starting parsing.. Size: 20387
Using xml2js for smaller file
parseCOAXml called for file: 963. I325.XML, content length: 15629
Starting parsing.. Size: 15656
Using xml2js for smaller file
parseCOAXml called for file: 963. N25L03.XML, content length: 9562
Starting parsing.. Size: 9587
Using xml2js for smaller file
parseCOAXml called for file: 963. PS24006.XML, content length: 7866
Starting parsing.. Size: 7891
Using xml2js for smaller file
parseCOAXml called for file: 964. B5L01.XML, content length: 5723
Starting parsing.. Size: 5748
Using xml2js for smaller file
parseCOAXml called for file: 964. CMA107.XML, content length: 9412
Starting parsing.. Size: 9437
Using xml2js for smaller file
parseCOAXml called for file: 964. I326.XML, content length: 15435
Starting parsing.. Size: 15462
Using xml2js for smaller file
parseCOAXml called for file: 964. IS0015I.XML, content length: 23930
Starting parsing.. Size: 23959
Using xml2js for smaller file
parseCOAXml called for file: 965. CMA108.XML, content length: 9413
Starting parsing.. Size: 9438
Using xml2js for smaller file
parseCOAXml called for file: 965. D25L05.XML, content length: 8485
Starting parsing.. Size: 8510
Using xml2js for smaller file
parseCOAXml called for file: 965. I327.XML, content length: 19464
Starting parsing.. Size: 19497
Using xml2js for smaller file
parseCOAXml called for file: 965. L1825018.XML, content length: 11277
Starting parsing.. Size: 11304
Using xml2js for smaller file
parseCOAXml called for file: 966. D24A09.XML, content length: 8658
Starting parsing.. Size: 8683
Using xml2js for smaller file
parseCOAXml called for file: 966. D25L06.XML, content length: 8652
Starting parsing.. Size: 8677
Using xml2js for smaller file
parseCOAXml called for file: 966. I328.XML, content length: 19465
Starting parsing.. Size: 19498
Using xml2js for smaller file
parseCOAXml called for file: 966. L1825018 ps.XML, content length: 11274
Starting parsing.. Size: 11301
Using xml2js for smaller file
parseCOAXml called for file: 967. D24A10.XML, content length: 9755
Starting parsing.. Size: 9780
Using xml2js for smaller file
parseCOAXml called for file: 967. D25I33.XML, content length: 18338
Starting parsing.. Size: 18365
Using xml2js for smaller file
parseCOAXml called for file: 967. I329.XML, content length: 15673
Starting parsing.. Size: 15700
Using xml2js for smaller file
parseCOAXml called for file: 967. N25L04.XML, content length: 9495
Starting parsing.. Size: 9520
Using xml2js for smaller file
parseCOAXml called for file: 968. D25I33.XML, content length: 18339
Starting parsing.. Size: 18366
Using xml2js for smaller file
parseCOAXml called for file: 968. I330.XML, content length: 15632
Starting parsing.. Size: 15659
Using xml2js for smaller file
parseCOAXml called for file: 968. N24A10.XML, content length: 9530
Starting parsing.. Size: 9555
Using xml2js for smaller file
parseCOAXml called for file: 968. N25L05.XML, content length: 9493
Starting parsing.. Size: 9518
Using xml2js for smaller file
parseCOAXml called for file: 969. 5L01.XML, content length: 7339
Starting parsing.. Size: 7364
Using xml2js for smaller file
parseCOAXml called for file: 969. D25I33.XML, content length: 18339
Starting parsing.. Size: 18366
Using xml2js for smaller file
parseCOAXml called for file: 969. I331 ZAHA EO 5GM (5500062) (NP) ALLU.XML, content length: 15670
Starting parsing.. Size: 15697
Using xml2js for smaller file
parseCOAXml called for file: 969. PS24007.XML, content length: 7866
Starting parsing.. Size: 7891
Using xml2js for smaller file
parseCOAXml called for file: 97. 4F01.XML, content length: 17556
Starting parsing.. Size: 17593
Using xml2js for smaller file
parseCOAXml called for file: 97. D24D40.XML, content length: 8735
Starting parsing.. Size: 8760
Using xml2js for smaller file
parseCOAXml called for file: 97. D25D17.XML, content length: 9781
Starting parsing.. Size: 9806
Using xml2js for smaller file
parseCOAXml called for file: 97. D25K15 copy.XML, content length: 18138
Starting parsing.. Size: 18165
Using xml2js for smaller file
parseCOAXml called for file: 97. D25K15.XML, content length: 8603
Starting parsing.. Size: 8628
Using xml2js for smaller file
parseCOAXml called for file: 97. D26A14_RICHARGE-HA EYE DROPS 10ML.XML, content length: 15921
Starting parsing.. Size: 15948
Using xml2js for smaller file
parseCOAXml called for file: 97. I428.XML, content length: 7344
Starting parsing.. Size: 7369
Using xml2js for smaller file
parseCOAXml called for file: 97. N25D07.XML, content length: 23421
Starting parsing.. Size: 23448
Using xml2js for smaller file
parseCOAXml called for file: 970. B4A01.XML, content length: 5721
Starting parsing.. Size: 5746
Using xml2js for smaller file
parseCOAXml called for file: 970. D25I34.XML, content length: 16365
Starting parsing.. Size: 16392
Using xml2js for smaller file
parseCOAXml called for file: 970. D25L07.XML, content length: 8709
Starting parsing.. Size: 8734
Using xml2js for smaller file
parseCOAXml called for file: 970. I331 ZAHA EYE OINTMENT 3GM P.S (8000280).XML, content length: 15683
Starting parsing.. Size: 15710
Using xml2js for smaller file
parseCOAXml called for file: 971. CMA109.XML, content length: 9412
Starting parsing.. Size: 9437
Using xml2js for smaller file
parseCOAXml called for file: 971. D25I34.XML, content length: 26580
Starting parsing.. Size: 26607
Using xml2js for smaller file
parseCOAXml called for file: 971. I332.XML, content length: 19694
Starting parsing.. Size: 19727
Using xml2js for smaller file
parseCOAXml called for file: 971. L1825023.XML, content length: 5441
Starting parsing.. Size: 5466
Using xml2js for smaller file
parseCOAXml called for file: 972. CMA110.XML, content length: 9412
Starting parsing.. Size: 9437
Using xml2js for smaller file
parseCOAXml called for file: 972. I333.XML, content length: 19465
Starting parsing.. Size: 19498
Using xml2js for smaller file
parseCOAXml called for file: 972. I407.XML, content length: 19437
Starting parsing.. Size: 19470
Using xml2js for smaller file
parseCOAXml called for file: 972. N25L06.XML, content length: 10150
Starting parsing.. Size: 10175
Using xml2js for smaller file
parseCOAXml called for file: 973. 5L02.XML, content length: 7399
Starting parsing.. Size: 7424
Using xml2js for smaller file
parseCOAXml called for file: 973. D24A11.XML, content length: 9755
Starting parsing.. Size: 9780
Using xml2js for smaller file
parseCOAXml called for file: 973. I334.XML, content length: 15254
Starting parsing.. Size: 15281
Using xml2js for smaller file
parseCOAXml called for file: 973. I407.XML, content length: 19446
Starting parsing.. Size: 19479
Using xml2js for smaller file
parseCOAXml called for file: 974. D25L09.XML, content length: 8429
Starting parsing.. Size: 8454
Using xml2js for smaller file
parseCOAXml called for file: 974. I335.XML, content length: 15254
Starting parsing.. Size: 15281
Using xml2js for smaller file
parseCOAXml called for file: 974. L1825019.XML, content length: 11258
Starting parsing.. Size: 11285
Using xml2js for smaller file
parseCOAXml called for file: 974. N24A11.XML, content length: 9530
Starting parsing.. Size: 9555
Using xml2js for smaller file
parseCOAXml called for file: 975. 4A02.XML, content length: 8578
Starting parsing.. Size: 8603
Using xml2js for smaller file
parseCOAXml called for file: 975. D25L10.XML, content length: 8480
Starting parsing.. Size: 8505
Using xml2js for smaller file
parseCOAXml called for file: 975. I336.XML, content length: 15675
Starting parsing.. Size: 15702
Using xml2js for smaller file
parseCOAXml called for file: 975. N25I17.XML, content length: 18557
Starting parsing.. Size: 18584
Using xml2js for smaller file
parseCOAXml called for file: 976. B4A02.XML, content length: 5591
Starting parsing.. Size: 5616
Using xml2js for smaller file
parseCOAXml called for file: 976. D25I35.XML, content length: 15873
Starting parsing.. Size: 15900
Using xml2js for smaller file
parseCOAXml called for file: 976. I337.XML, content length: 15676
Starting parsing.. Size: 15703
Using xml2js for smaller file
parseCOAXml called for file: 976. N25L07.XML, content length: 8696
Starting parsing.. Size: 8721
Using xml2js for smaller file
parseCOAXml called for file: 977. D24A12.XML, content length: 8651
Starting parsing.. Size: 8676
Using xml2js for smaller file
parseCOAXml called for file: 977. D25I36.XML, content length: 34151
Starting parsing.. Size: 34190
Using xml2js for smaller file
parseCOAXml called for file: 977. D25L11.XML, content length: 8668
Starting parsing.. Size: 8693
Using xml2js for smaller file
parseCOAXml called for file: 977. I338.XML, content length: 15644
Starting parsing.. Size: 15671
Using xml2js for smaller file
parseCOAXml called for file: 978. 5L03.XML, content length: 9580
Starting parsing.. Size: 9605
Using xml2js for smaller file
parseCOAXml called for file: 978. I339.XML, content length: 19820
Starting parsing.. Size: 19847
Using xml2js for smaller file
parseCOAXml called for file: 978. L1825020.XML, content length: 11260
Starting parsing.. Size: 11287
Using xml2js for smaller file
parseCOAXml called for file: 978. N24A12.XML, content length: 9530
Starting parsing.. Size: 9555
Using xml2js for smaller file
parseCOAXml called for file: 979. 4A03.XML, content length: 8577
Starting parsing.. Size: 8602
Using xml2js for smaller file
parseCOAXml called for file: 979. I340.XML, content length: 19820
Starting parsing.. Size: 19847
Using xml2js for smaller file
parseCOAXml called for file: 979. N25I18.XML, content length: 17971
Starting parsing.. Size: 17998
Using xml2js for smaller file
parseCOAXml called for file: 979. N25L08.XML, content length: 10630
Starting parsing.. Size: 10655
Using xml2js for smaller file
parseCOAXml called for file: 98. 4F02.XML, content length: 16689
Starting parsing.. Size: 16716
Using xml2js for smaller file
parseCOAXml called for file: 98. 5D04.XML, content length: 16348
Starting parsing.. Size: 16385
Using xml2js for smaller file
parseCOAXml called for file: 98. D24D41.XML, content length: 8865
Starting parsing.. Size: 8890
Using xml2js for smaller file
parseCOAXml called for file: 98. D25D18.XML, content length: 9764
Starting parsing.. Size: 9789
Using xml2js for smaller file
parseCOAXml called for file: 98. D26A16.XML, content length: 15895
Starting parsing.. Size: 15922
Using xml2js for smaller file
parseCOAXml called for file: 98. N25K10 copy.XML, content length: 19144
Starting parsing.. Size: 19171
Using xml2js for smaller file
parseCOAXml called for file: 98. N25K10.XML, content length: 8485
Starting parsing.. Size: 8510
Using xml2js for smaller file
parseCOAXml called for file: 98. N26A18.XML, content length: 8422
Starting parsing.. Size: 8447
Using xml2js for smaller file
parseCOAXml called for file: 980. D24A14.XML, content length: 8866
Starting parsing.. Size: 8891
Using xml2js for smaller file
parseCOAXml called for file: 980. GP169.XML, content length: 12391
Starting parsing.. Size: 12418
Using xml2js for smaller file
parseCOAXml called for file: 980. I341.XML, content length: 15252
Starting parsing.. Size: 15279
Using xml2js for smaller file
parseCOAXml called for file: 980. PS25202.XML, content length: 7748
Starting parsing.. Size: 7773
Using xml2js for smaller file
parseCOAXml called for file: 981. 5I13.XML, content length: 16314
Starting parsing.. Size: 16351
Using xml2js for smaller file
parseCOAXml called for file: 981. D24A15.XML, content length: 10159
Starting parsing.. Size: 10184
Using xml2js for smaller file
parseCOAXml called for file: 981. I342.XML, content length: 15252
Starting parsing.. Size: 15279
Using xml2js for smaller file
parseCOAXml called for file: 981. PS25203.XML, content length: 7747
Starting parsing.. Size: 7772
Using xml2js for smaller file
parseCOAXml called for file: 982. 5L04.XML, content length: 8567
Starting parsing.. Size: 8592
Using xml2js for smaller file
parseCOAXml called for file: 982. D25I37.XML, content length: 19405
Starting parsing.. Size: 19432
Using xml2js for smaller file
parseCOAXml called for file: 982. I343.XML, content length: 15668
Starting parsing.. Size: 15695
Using xml2js for smaller file
parseCOAXml called for file: 982. N24A13.XML, content length: 9765
Starting parsing.. Size: 9790
Using xml2js for smaller file
parseCOAXml called for file: 983. 4A04.XML, content length: 9576
Starting parsing.. Size: 9601
Using xml2js for smaller file
parseCOAXml called for file: 983. D25L13.XML, content length: 8652
Starting parsing.. Size: 8677
Using xml2js for smaller file
parseCOAXml called for file: 983. I344.XML, content length: 15671
Starting parsing.. Size: 15698
Using xml2js for smaller file
parseCOAXml called for file: 983. N25I19.XML, content length: 17969
Starting parsing.. Size: 17996
Using xml2js for smaller file
parseCOAXml called for file: 984. B4A03.XML, content length: 6771
Starting parsing.. Size: 6796
Using xml2js for smaller file
parseCOAXml called for file: 984. I344.XML, content length: 15671
Starting parsing.. Size: 15698
Using xml2js for smaller file
parseCOAXml called for file: 984. N25I20.XML, content length: 14957
Starting parsing.. Size: 14984
Using xml2js for smaller file
parseCOAXml called for file: 984. N25L09.XML, content length: 8762
Starting parsing.. Size: 8787
Using xml2js for smaller file
parseCOAXml called for file: 985. D24A16.XML, content length: 9579
Starting parsing.. Size: 9604
Using xml2js for smaller file
  ...7250 COA files processed (created 7231)
parseCOAXml called for file: 985. I345.XML, content length: 19823
Starting parsing.. Size: 19850
Using xml2js for smaller file
parseCOAXml called for file: 985. N25I20.XML, content length: 18423
Starting parsing.. Size: 18450
Using xml2js for smaller file
parseCOAXml called for file: 985. N25L10.XML, content length: 9638
Starting parsing.. Size: 9663
Using xml2js for smaller file
parseCOAXml called for file: 986. D24A17.XML, content length: 9445
Starting parsing.. Size: 9470
Using xml2js for smaller file
parseCOAXml called for file: 986. I346.XML, content length: 19821
Starting parsing.. Size: 19848
Using xml2js for smaller file
parseCOAXml called for file: 986. N25I20.XML, content length: 14981
Starting parsing.. Size: 15008
Using xml2js for smaller file
parseCOAXml called for file: 986. PS25204.XML, content length: 7747
Starting parsing.. Size: 7772
Using xml2js for smaller file
parseCOAXml called for file: 987. I347.XML, content length: 15657
Starting parsing.. Size: 15684
Using xml2js for smaller file
parseCOAXml called for file: 987. N24A14.XML, content length: 8527
Starting parsing.. Size: 8552
Using xml2js for smaller file
parseCOAXml called for file: 987. N25I20.XML, content length: 14948
Starting parsing.. Size: 14975
Using xml2js for smaller file
parseCOAXml called for file: 987. PS25205.XML, content length: 7747
Starting parsing.. Size: 7772
Using xml2js for smaller file
parseCOAXml called for file: 988. 4A05.XML, content length: 7504
Starting parsing.. Size: 7529
Using xml2js for smaller file
parseCOAXml called for file: 988. D25I38.XML, content length: 15912
Starting parsing.. Size: 15939
Using xml2js for smaller file
parseCOAXml called for file: 988. D25L15.XML, content length: 9669
Starting parsing.. Size: 9694
Using xml2js for smaller file
parseCOAXml called for file: 988. I348.XML, content length: 15663
Starting parsing.. Size: 15690
Using xml2js for smaller file
parseCOAXml called for file: 989. D24A18.XML, content length: 8689
Starting parsing.. Size: 8714
Using xml2js for smaller file
parseCOAXml called for file: 989. HI25I03.XML, content length: 12414
Starting parsing.. Size: 12443
Using xml2js for smaller file
parseCOAXml called for file: 989. I349.XML, content length: 15623
Starting parsing.. Size: 15650
Using xml2js for smaller file
parseCOAXml called for file: 989. I420.XML, content length: 8321
Starting parsing.. Size: 8346
Using xml2js for smaller file
parseCOAXml called for file: 99. 4F03 tobrine.XML, content length: 17571
Starting parsing.. Size: 17608
Using xml2js for smaller file
parseCOAXml called for file: 99. 6A12.XML, content length: 8589
Starting parsing.. Size: 8614
Using xml2js for smaller file
parseCOAXml called for file: 99. D25D06.XML, content length: 17908
Starting parsing.. Size: 17935
Using xml2js for smaller file
parseCOAXml called for file: 99. D26A17_NEPACOM EYE DROPS 5ML.XML, content length: 20941
Starting parsing.. Size: 20974
Using xml2js for smaller file
parseCOAXml called for file: 99. L1825021 copy.XML, content length: 14074
Starting parsing.. Size: 14101
Using xml2js for smaller file
parseCOAXml called for file: 99. L1825021.XML, content length: 7371
Starting parsing.. Size: 7396
Using xml2js for smaller file
parseCOAXml called for file: 99. N24D24.XML, content length: 9910
Starting parsing.. Size: 9935
Using xml2js for smaller file
parseCOAXml called for file: 99. N25D18.XML, content length: 8422
Starting parsing.. Size: 8447
Using xml2js for smaller file
parseCOAXml called for file: 990. D24A19.XML, content length: 8659
Starting parsing.. Size: 8684
Using xml2js for smaller file
parseCOAXml called for file: 990. I350.XML, content length: 15622
Starting parsing.. Size: 15649
Using xml2js for smaller file
parseCOAXml called for file: 990. N25I21.XML, content length: 15854
Starting parsing.. Size: 15881
Using xml2js for smaller file
parseCOAXml called for file: 990. N25L11.XML, content length: 8810
Starting parsing.. Size: 8835
Using xml2js for smaller file
parseCOAXml called for file: 991. I317.XML, content length: 8336
Starting parsing.. Size: 8361
Using xml2js for smaller file
parseCOAXml called for file: 991. I351.XML, content length: 19803
Starting parsing.. Size: 19830
Using xml2js for smaller file
parseCOAXml called for file: 991. N25I21.XML, content length: 15840
Starting parsing.. Size: 15867
Using xml2js for smaller file
parseCOAXml called for file: 991. PS25206.XML, content length: 7747
Starting parsing.. Size: 7772
Using xml2js for smaller file
parseCOAXml called for file: 992. 5A01.XML, content length: 7405
Starting parsing.. Size: 7430
Using xml2js for smaller file
parseCOAXml called for file: 992. D24A20.XML, content length: 8658
Starting parsing.. Size: 8683
Using xml2js for smaller file
parseCOAXml called for file: 992. I352.XML, content length: 19802
Starting parsing.. Size: 19829
Using xml2js for smaller file
parseCOAXml called for file: 992. N25I21.XML, content length: 15851
Starting parsing.. Size: 15878
Using xml2js for smaller file
parseCOAXml called for file: 993. 5I15.XML, content length: 18351
Starting parsing.. Size: 18388
Using xml2js for smaller file
parseCOAXml called for file: 993. D25A01.XML, content length: 10630
Starting parsing.. Size: 10655
Using xml2js for smaller file
parseCOAXml called for file: 993. I353.XML, content length: 15643
Starting parsing.. Size: 15670
Using xml2js for smaller file
parseCOAXml called for file: 993. N24A16.XML, content length: 9552
Starting parsing.. Size: 9577
Using xml2js for smaller file
parseCOAXml called for file: 994. B5I02.XML, content length: 12436
Starting parsing.. Size: 12465
Using xml2js for smaller file
parseCOAXml called for file: 994. D24A21.XML, content length: 8658
Starting parsing.. Size: 8683
Using xml2js for smaller file
parseCOAXml called for file: 994. I354.XML, content length: 15658
Starting parsing.. Size: 15685
Using xml2js for smaller file
parseCOAXml called for file: 994. N25A01.XML, content length: 8464
Starting parsing.. Size: 8489
Using xml2js for smaller file
parseCOAXml called for file: 995. 5A02.XML, content length: 7403
Starting parsing.. Size: 7428
Using xml2js for smaller file
parseCOAXml called for file: 995. B5I02.XML, content length: 12440
Starting parsing.. Size: 12469
Using xml2js for smaller file
parseCOAXml called for file: 995. I318.XML, content length: 8331
Starting parsing.. Size: 8356
Using xml2js for smaller file
parseCOAXml called for file: 995. I355.XML, content length: 19671
Starting parsing.. Size: 19704
Using xml2js for smaller file
parseCOAXml called for file: 996. D25A02.XML, content length: 10628
Starting parsing.. Size: 10653
Using xml2js for smaller file
parseCOAXml called for file: 996. D25I39.XML, content length: 15922
Starting parsing.. Size: 15949
Using xml2js for smaller file
parseCOAXml called for file: 996. I356.XML, content length: 19671
Starting parsing.. Size: 19704
Using xml2js for smaller file
parseCOAXml called for file: 996. N24A17.XML, content length: 9554
Starting parsing.. Size: 9579
Using xml2js for smaller file
parseCOAXml called for file: 997. D25A03.XML, content length: 8654
Starting parsing.. Size: 8679
Using xml2js for smaller file
parseCOAXml called for file: 997. D25I40.XML, content length: 19612
Starting parsing.. Size: 19639
Using xml2js for smaller file
parseCOAXml called for file: 997. IS0014B.XML, content length: 24593
Starting parsing.. Size: 24622
Using xml2js for smaller file
parseCOAXml called for file: 997. N24A18.XML, content length: 8683
Starting parsing.. Size: 8708
Using xml2js for smaller file
parseCOAXml called for file: 998. 4A06.XML, content length: 7777
Starting parsing.. Size: 7802
Using xml2js for smaller file
parseCOAXml called for file: 998. D25I40.XML, content length: 19639
Starting parsing.. Size: 19666
Using xml2js for smaller file
parseCOAXml called for file: 998. I357.XML, content length: 8430
Starting parsing.. Size: 8455
Using xml2js for smaller file
parseCOAXml called for file: 998. IS0014C.XML, content length: 21364
Starting parsing.. Size: 21393
Using xml2js for smaller file
parseCOAXml called for file: 999. D24A22.XML, content length: 8431
Starting parsing.. Size: 8456
Using xml2js for smaller file
parseCOAXml called for file: 999. D25I40.XML, content length: 19631
Starting parsing.. Size: 19658
Using xml2js for smaller file
parseCOAXml called for file: 999. IS0014E.XML, content length: 24827
Starting parsing.. Size: 24862
Using xml2js for smaller file
parseCOAXml called for file: 999. N25A03.XML, content length: 9908
Starting parsing.. Size: 9933
Using xml2js for smaller file
parseCOAXml called for file: D25F07_BULK.XML, content length: 9586
Starting parsing.. Size: 9611
Using xml2js for smaller file
parseCOAXml called for file: D25F07_FINISH.XML, content length: 23363
Starting parsing.. Size: 23390
Using xml2js for smaller file
parseCOAXml called for file: D25L03_BULK.XML, content length: 9582
Starting parsing.. Size: 9607
Using xml2js for smaller file
parseCOAXml called for file: D25L03_FINISH.XML, content length: 23329
Starting parsing.. Size: 23356
Using xml2js for smaller file
parseCOAXml called for file: N25A11_BULK.XML, content length: 9591
Starting parsing.. Size: 9616
Using xml2js for smaller file
parseCOAXml called for file: N25A11_FINISH.XML, content length: 23922
Starting parsing.. Size: 23949
Using xml2js for smaller file

============================================================
COA XML files detected : 7323
Created in DB          : 7304
  of which FINISH      : 4247
  FINISH w/ IP|USP tag : 53
Failed                 : 3
Non-COA skipped        : 1992

First 15 failures:
  - 106. PQEP01 copy.XML: Missing batch number (no BATCH/BATCH1 in G_1). The XML is often truncated or an incomplete Oracle export—re-export the full COA, or remove empty duplicate files (e.g. "copy" saves).
  - 110. PQEP02 copy.XML: Missing batch number (no BATCH/BATCH1 in G_1). The XML is often truncated or an incomplete Oracle export—re-export the full COA, or remove empty duplicate files (e.g. "copy" saves).
  - 125. N25A22 copy.XML: Missing batch number (no BATCH/BATCH1 in G_1). The XML is often truncated or an incomplete Oracle export—re-export the full COA, or remove empty duplicate files (e.g. "copy" saves).
